id_bgl,basin_level,start_year,t_score,p_t,u_score,p_u,baseline_median,delta,u_sign
111_232,3,2017,8.649433637871264,2.381394108756257e-08,89.5,0.007903211515051732,0.469616144720931,6909.7965306720225,1
111_729,3,2017,,,50.0,1.0,0.0,0.0,0
111_818,3,2017,,,50.0,1.0,0.0,0.0,0
112_231,3,2017,,,50.0,1.0,0.0,0.0,0
112_232,3,2017,,,50.0,1.0,0.0,0.0,0
112_262,3,2017,,,50.0,1.0,0.0,0.0,0
112_706,3,2017,,,50.0,1.0,0.0,0.0,0
113_887,3,2017,,,50.0,1.0,0.0,0.0,0
114_231,3,2017,3.049020082721931,0.012001642743200917,82.5,0.029613094352645416,30.100588152845,5.5408715459865965,1
114_404,3,2017,,,50.0,1.0,0.0,0.0,0
114_706,3,2017,,,50.0,1.0,0.0,0.0,0
115_231,3,2017,7.076484605664743,2.8158745387977138e-05,95.5,0.0022214145869887034,221.5263477668105,69.92949076948344,1
115_232,3,2017,,,50.0,1.0,0.0,0.0,0
115_262,3,2017,,,50.0,1.0,0.0,0.0,0
115_404,3,2017,0.5741919019986294,0.5928195155698704,53.5,0.838410115171209,18.39481840576625,-7.2896627574154955,-1
115_706,3,2017,,,50.0,1.0,0.0,0.0,0
115_728,3,2017,,,50.0,1.0,0.0,0.0,0
115_800,3,2017,,,50.0,1.0,0.0,0.0,0
115_834,3,2017,,,50.0,1.0,0.0,0.0,0
116_834,3,2017,,,50.0,1.0,0.0,0.0,0
116_894,3,2017,,,50.0,1.0,0.0,0.0,0
117_404,3,2017,-0.7397684878249657,0.4893084728726175,41.5,0.5865744278376042,111.8255599035435,-35.2939237233846,-1
117_454,3,2017,,,50.0,1.0,0.0,0.0,0
117_508,3,2017,-1.4997691867010727,0.19165148594124132,28.5,0.1534378834105726,2.821559188101675,-5.899013325971983,-1
117_706,3,2017,,,50.0,1.0,0.0,0.0,0
117_834,3,2017,1.1321710602993589,0.29787157196662617,66.5,0.27676572286017653,386.356448054728,1.4923162044119107,1
121_508,3,2017,,,50.0,1.0,0.0,0.0,0
122_180,3,2017,,,50.0,1.0,0.0,0.0,0
122_24,3,2017,,,50.0,1.0,0.0,0.0,0
122_454,3,2017,,,50.0,1.0,0.0,0.0,0
122_508,3,2017,-0.4124274567937999,0.6937528141195941,33.5,0.27676572286017653,2244.962273514355,-0.5689291998600243,-1
122_516,3,2017,,,50.0,1.0,0.0,0.0,0
122_716,3,2017,-2.528728828881487,0.037885820495420636,20.5,0.048689610702269216,2936.190919835435,-4.683004275728156,-1
122_72,3,2017,,,50.0,1.0,0.0,0.0,0
122_834,3,2017,,,50.0,1.0,0.0,0.0,0
122_894,3,2017,-2.283946847085628,0.05431047225665564,21.5,0.05699830641051993,2609.195259575945,-5.280955727697779,-1
123_508,3,2017,2.711400995943254,0.013806454444280865,74.5,0.10280164223951978,82.9768335464513,16.335260614228492,1
123_716,3,2017,1.4587933599690563,0.19612694354982188,67.5,0.24784912392821346,156.680738300299,9.827588228823537,1
124_508,3,2017,0.868484928227277,0.3988476282039707,45.5,0.7856962962493347,105.38393757183499,-1.7157655346389744,-1
124_710,3,2017,-1.5963251304237522,0.14314954929607285,32.5,0.24784912392821346,212.53806568805248,-12.06696976839815,-1
124_716,3,2017,-0.047558947675337186,0.9640873422273254,55.5,0.7339474627492532,64.77725107571915,11.97575970274937,1
124_72,3,2017,6.992170804477376,4.5752057455555663e-07,91.5,0.005319686062957794,46.209516997495655,93.77636279060745,1
125_426,3,2017,,,50.0,1.0,0.0,0.0,0
125_508,3,2017,-2.1166777535775596,0.08118163994330255,22.5,0.06645414979996266,76.91766289147344,-32.71301934495716,-1
125_710,3,2017,-4.460426466905177,0.00053284942269279,16.5,0.02488372328270136,552.0819149047935,-17.05768764654454,-1
125_748,3,2017,1.2629819873139863,0.22784718742673438,63.5,0.37686571143689396,33.674389314612995,11.911536340946716,1
126_710,3,2017,-1.1924493405482477,0.24750435677708207,40.5,0.5406815690956761,32.789905500249006,0.06288833099820065,1
127_426,3,2017,-1.984132632263167,0.09622386189151788,21.5,0.05699830641051993,38.6963768996126,-14.446443918350324,-1
127_516,3,2017,-1.076399606346728,0.32983888102046016,32.5,0.24784912392821346,29.815539191182097,-9.505554633641465,-1
127_710,3,2017,-0.12886465320823293,0.9003815562175783,47.5,0.8918594638362826,1031.12237672749,-7.8546517529579125,-1
127_72,3,2017,,,50.0,1.0,0.0,0.0,0
128_516,3,2017,-2.300659068300964,0.052706300372344625,23.5,0.0771659313616824,6.931558358280315,-30.882733701374914,-1
129_24,3,2017,,,50.0,1.0,0.0,0.0,0
129_516,3,2017,-2.7149728418061296,0.02146964409188166,20.5,0.048689610702269216,14.486369488440651,-55.36959285125389,-1
129_716,3,2017,-0.32538932859224207,0.7567773228217083,46.5,0.838410115171209,1.898071468865965,-11.794813578771732,-1
129_72,3,2017,,,50.0,1.0,0.0,0.0,0
131_24,3,2017,1.4509490924698458,0.2169762253643691,72.5,0.13479216155813392,287.6764775032605,11.473486703830833,1
131_516,3,2017,,,50.0,1.0,0.0,0.0,0
132_108,3,2017,,,50.0,1.0,0.0,0.0,0
132_120,3,2017,,,50.0,1.0,0.0,0.0,0
132_140,3,2017,,,50.0,1.0,0.0,0.0,0
132_178,3,2017,4.778452086597282,9.211016987784256e-05,79.5,0.048689610702269216,8.46930386896287,284.84205164124444,1
132_180,3,2017,-4.033683269493004,0.0009682250156201852,13.5,0.014399864726701132,351.5936303580205,-7.584678559092161,-1
132_24,3,2017,2.720207617331924,0.015524576209513554,75.5,0.08899811266733593,3.89208744521602,39.78765631870716,1
132_266,3,2017,,,50.0,1.0,0.0,0.0,0
132_454,3,2017,,,50.0,1.0,0.0,0.0,0
132_646,3,2017,-0.8233110322792386,0.45016784655504016,38.5,0.4546204062737812,0.1490322489716005,-1.9224375199078227,-1
132_728,3,2017,,,50.0,1.0,0.0,0.0,0
132_729,3,2017,,,50.0,1.0,0.0,0.0,0
132_800,3,2017,,,50.0,1.0,0.0,0.0,0
132_834,3,2017,,,50.0,1.0,0.0,0.0,0
132_894,3,2017,4.013858263926736,0.0008631562351504461,81.5,0.035095797419284286,0.18602271709824,154.1642052148408,1
133_120,3,2017,7.080182181096579,1.558353725706742e-05,95.5,0.0022214145869887034,248.035097510361,80.18694085084907,1
133_140,3,2017,,,50.0,1.0,0.0,0.0,0
133_178,3,2017,,,50.0,1.0,0.0,0.0,0
133_180,3,2017,,,50.0,1.0,0.0,0.0,0
133_226,3,2017,,,50.0,1.0,0.0,0.0,0
133_24,3,2017,,,50.0,1.0,0.0,0.0,0
133_266,3,2017,4.291417462734105,0.0016606391746424067,91.5,0.005319686062957794,7.8730425373651105,81.88073698870242,1
133_566,3,2017,-5.573322047176176,2.2460512463719594e-05,17.5,0.019930297799056414,0.0026645679026842,-99.99999999996247,-99
134_226,3,2017,,,50.0,1.0,0.0,0.0,0
134_678,3,2017,,,50.0,1.0,0.0,0.0,0
141_566,3,2017,,,50.0,1.0,0.0,0.0,0
142_12,3,2017,,,50.0,1.0,0.0,0.0,0
142_120,3,2017,-5.303560157437681,0.00020134952974252052,11.5,0.00979219587072503,480.7044506860865,-12.744320210599344,-1
142_148,3,2017,,,50.0,1.0,0.0,0.0,0
142_204,3,2017,,,50.0,1.0,0.0,0.0,0
142_324,3,2017,2.0641604662561552,0.09025190001709056,78.5,0.05699830641051993,2.7549297275061653,12.26594639937502,1
142_384,3,2017,-1.4161869909322202,0.20950572304856388,27.5,0.13479216155813392,2.105252384819325,-21.696765376648433,-1
142_466,3,2017,6.8918608555633085,6.341230017566892e-07,86.5,0.014399864726701132,225.898027415597,9.162241229986924,1
142_478,3,2017,,,50.0,1.0,0.0,0.0,0
142_562,3,2017,,,50.0,1.0,0.0,0.0,0
142_566,3,2017,7.493711768277626,1.3114863562864504e-07,92.5,0.004303876558312955,1444.85319325613,11.096051221641293,1
142_694,3,2017,,,50.0,1.0,0.0,0.0,0
142_854,3,2017,-2.3275020164246114,0.06881167968783014,18.5,0.035095797419284286,22.5621057533099,-8.46093637590166,-1
143_204,3,2017,0.4825425882832082,0.6443248303110671,58.5,0.5865744278376042,1.159323537780435,0.4199902333404695,1
143_288,3,2017,1.9158022609986567,0.07688062970594682,73.5,0.11794806736103866,2.374862623197255,9.189477912867826,1
143_566,3,2017,-3.7670112384705923,0.001229274531200875,19.5,0.04142253879330133,55.03950233720025,-8.451123924231068,-1
143_768,3,2017,3.9975210402839387,0.0012512269254763406,86.5,0.013747690848185086,45.2169586769031,9.849840227197786,1
144_204,3,2017,,,50.0,1.0,0.0,0.0,0
144_288,3,2017,0.5864038242470685,0.5714608830610812,56.5,0.6833800574551345,5344.537172837356,1.5062945461985762,1
144_384,3,2017,,,50.0,1.0,0.0,0.0,0
144_466,3,2017,-1.1927021828483402,0.2837406049232997,32.5,0.24784912392821346,7.55977519717531,-13.93815624929654,-1
144_768,3,2017,-2.7809478631838647,0.011907322681733373,32.5,0.14478961507270446,0.0,0.0,0
144_854,3,2017,2.761074540022181,0.044109797217214475,86.5,0.014399864726701132,252.7223537676855,25.511805610695266,1
145_270,3,2017,,,50.0,1.0,0.0,0.0,0
145_288,3,2017,0.2936904023980104,0.7782399105271821,51.5,0.9458048585528951,19.606134883099,-0.3195895398068105,-1
145_324,3,2017,2.611724502979011,0.03529952220695025,93.5,0.003467193190765815,27.790537511769152,9.476296296957443,1
145_384,3,2017,-0.925200613344273,0.4004077571974978,32.5,0.24784912392821346,776.2682049573266,-2.956253073780105,-1
145_430,3,2017,2.42593605692217,0.06925450208115749,85.5,0.017352389190761427,0.22341405838960798,369.19566115705777,1
145_466,3,2017,,,50.0,1.0,0.0,0.0,0
145_624,3,2017,,,50.0,1.0,0.0,0.0,0
145_686,3,2017,,,50.0,1.0,0.0,0.0,0
145_694,3,2017,-0.03978305314429937,0.9687731194810745,61.5,0.45453353442944344,0.4277482797333505,15.372301072244296,1
145_854,3,2017,1.2734600879797011,0.26084947656454427,65.5,0.307900293130149,3.182392675837035,2.292067633528899,1
146_324,3,2017,,,50.0,1.0,0.0,0.0,0
146_466,3,2017,0.5063708835999263,0.6179779283649114,39.5,0.49665738654204294,351.7814334557195,-0.9149501945353815,-1
146_478,3,2017,-2.2946245992538756,0.06165391707707756,18.5,0.035095797419284286,129.5310775228295,-4.548706151366686,-1
146_686,3,2017,-0.6532472992656166,0.5239432201860146,21.5,0.05699830641051993,30.36330237046485,-6.276875666834036,-1
147_478,3,2017,-5.181260586787433,0.00020866770002710976,12.5,0.008960066902482175,0.00386723034898745,-55.555539500596915,-99
147_686,3,2017,,,50.0,1.0,0.0,0.0,0
151_12,3,2017,,,50.0,1.0,0.0,0.0,0
151_478,3,2017,-5.1533693508615,5.650742140712101e-05,12.5,0.009392587803691602,1.206702053023035,-99.99999999999991,-1
151_504,3,2017,-1.4102388423564662,0.1922220416666412,35.5,0.3412684763150512,378.0374090411695,-6.976285233839752,-1
151_732,3,2017,,,50.0,1.0,0.0,0.0,0
152_1012,3,2017,,,50.0,1.0,0.0,0.0,0
152_1038,3,2017,,,50.0,1.0,0.0,0.0,0
153_12,3,2017,1.2761962398540823,0.22497739866048425,58.5,0.5865744278376042,198.5119462520565,2.7189571761954223,1
153_380,3,2017,,,50.0,1.0,0.0,0.0,0
153_504,3,2017,-2.318000699595667,0.04898316757485235,21.5,0.05699830641051993,31.9826535190185,-13.715644611333733,-1
153_724,3,2017,1.633863203825252,0.12412361140955537,60.5,0.496574485248665,0.38791654548589505,2.5159931676999894,1
153_788,3,2017,-0.9138681187154823,0.40225998786213607,32.5,0.24784912392821346,176.18938334230052,-7.276823294683377,-1
154_12,3,2017,-2.460005845693364,0.03903193827894798,23.5,0.0771659313616824,38.019585034581155,-17.22656757948807,-1
154_478,3,2017,,,50.0,1.0,0.0,0.0,0
154_504,3,2017,1.1043361980252686,0.2885889244107828,58.5,0.5865744278376042,9.016744575172194,5.408511323437178,1
154_732,3,2017,,,50.0,1.0,0.0,0.0,0
154_788,3,2017,,,50.0,1.0,0.0,0.0,0
155_12,3,2017,,,50.0,1.0,0.0,0.0,0
155_434,3,2017,,,50.0,1.0,0.0,0.0,0
155_466,3,2017,,,50.0,1.0,0.0,0.0,0
155_478,3,2017,,,50.0,1.0,0.0,0.0,0
155_788,3,2017,,,50.0,1.0,0.0,0.0,0
156_434,3,2017,-0.6343442282358508,0.5519443118900798,41.5,0.5865744278376042,1.5590513672214001,-51.7510841857574,-1
156_788,3,2017,,,50.0,1.0,0.0,0.0,0
156_818,3,2017,,,50.0,1.0,0.0,0.0,0
157_12,3,2017,,,50.0,1.0,0.0,0.0,0
157_148,3,2017,,,50.0,1.0,0.0,0.0,0
157_434,3,2017,,,50.0,1.0,0.0,0.0,0
157_562,3,2017,,,50.0,1.0,0.0,0.0,0
158_148,3,2017,,,50.0,1.0,0.0,0.0,0
158_434,3,2017,,,50.0,1.0,0.0,0.0,0
158_729,3,2017,,,50.0,1.0,0.0,0.0,0
158_818,3,2017,,,50.0,1.0,0.0,0.0,0
159_148,3,2017,,,50.0,1.0,0.0,0.0,0
159_434,3,2017,,,50.0,1.0,0.0,0.0,0
159_729,3,2017,,,50.0,1.0,0.0,0.0,0
161_12,3,2017,,,50.0,1.0,0.0,0.0,0
161_148,3,2017,,,50.0,1.0,0.0,0.0,0
161_434,3,2017,,,50.0,1.0,0.0,0.0,0
161_562,3,2017,,,50.0,1.0,0.0,0.0,0
161_729,3,2017,,,50.0,1.0,0.0,0.0,0
162_120,3,2017,-3.7405149394525545,0.003187319992530639,15.5,0.020822974945909827,87.29104348975615,-18.545671555455556,-1
162_140,3,2017,,,50.0,1.0,0.0,0.0,0
162_148,3,2017,,,50.0,1.0,0.0,0.0,0
162_562,3,2017,,,50.0,1.0,0.0,0.0,0
162_566,3,2017,0.20909123274826336,0.8414345795440596,53.5,0.838410115171209,199.53210463070002,0.12457014547609545,1
162_729,3,2017,,,50.0,1.0,0.0,0.0,0
171_818,3,2017,,,50.0,1.0,0.0,0.0,0
172_1029,3,2017,,,50.0,1.0,0.0,0.0,0
172_108,3,2017,,,50.0,1.0,0.0,0.0,0
172_140,3,2017,,,50.0,1.0,0.0,0.0,0
172_180,3,2017,,,50.0,1.0,0.0,0.0,0
172_231,3,2017,6.614668795012153,1.3005589982907921e-06,94.5,0.002781224934389138,191.1228061879395,53.49966273473272,1
172_232,3,2017,1.0478010982879413,0.30700230982843835,51.5,0.9457003759727708,2.90160810641828,5.940010557079836,1
172_404,3,2017,1.1086675561097696,0.279326126023825,50.5,1.0,3739.59505960871,-0.0722045512166405,-1
172_646,3,2017,5.435816267905751,3.666753505746981e-05,84.5,0.020822974945909827,0.0723702461400535,2104.832316494494,1
172_728,3,2017,,,50.0,1.0,0.0,0.0,0
172_729,3,2017,5.283812796370889,0.00035215162769251703,94.5,0.002781224934389138,1175.5030614925,54.91827681729258,1
172_800,3,2017,2.080122936741606,0.054241704319386935,67.5,0.24784912392821346,28429.9489510845,0.04355005120199341,1
172_818,3,2017,3.1040020004751097,0.023237541973637966,85.5,0.017352389190761427,4030.214554626115,13.994655492724966,1
172_834,3,2017,2.0375021623279745,0.05812656994754725,71.5,0.1534378834105726,34436.96814937395,0.041961550389891876,1
173_818,3,2017,,,50.0,1.0,0.0,0.0,0
181_450,3,2017,-1.4818888315178902,0.19006163421773362,26.5,0.11794806736103866,45.68045872059885,-3.3869154344417423,-1
182_1025,3,2017,,,50.0,1.0,0.0,0.0,0
183_1034,3,2017,,,50.0,1.0,0.0,0.0,0
184_174,3,2017,,,50.0,1.0,0.0,0.0,0
184_175,3,2017,,,50.0,1.0,0.0,0.0,0
185_1082,3,2017,,,50.0,1.0,0.0,0.0,0
185_690,3,2017,,,50.0,1.0,0.0,0.0,0
186_690,3,2017,,,50.0,1.0,0.0,0.0,0
187_690,3,2017,,,50.0,1.0,0.0,0.0,0
188_1047,3,2017,,,50.0,1.0,0.0,0.0,0
211_1027,3,2017,,,50.0,1.0,0.0,0.0,0
211_1049,3,2017,,,50.0,1.0,0.0,0.0,0
211_1098,3,2017,,,50.0,1.0,0.0,0.0,0
211_196,3,2017,1.5152244189978332,0.17766967388770163,71.5,0.1534378834105726,3.543213985045445,40.061431003455716,1
211_300,3,2017,,,50.0,1.0,0.0,0.0,0
211_376,3,2017,1.16928247363929,0.2560791539996876,52.5,0.8917765993971007,0.0509849483787548,-2.2557194803057046,-1
211_422,3,2017,1.2303805819367963,0.23435409873195884,56.5,0.6833800574551345,5.22365559384343,3.2045250058129504,1
211_760,3,2017,-0.05475423257529629,0.9585791012337546,60.5,0.49665738654204294,31.725480632710948,3.819164497681302,1
211_792,3,2017,3.8356269522011868,0.0008959365656278558,78.5,0.05699830641051993,423.61439066539253,16.31247803088168,1
211_818,3,2017,,,50.0,1.0,0.0,0.0,0
212_300,3,2017,-0.16091478763441378,0.8781734140945581,48.5,0.945794437427073,0.6793130981095601,1.2987010628976698,1
212_792,3,2017,,,50.0,1.0,0.0,0.0,0
213_100,3,2017,-2.36366887466421,0.057247526048313575,20.5,0.048689610702269216,145.498912988753,-8.764824546971555,-1
213_191,3,2017,0.22216046353238092,0.8264354381436295,36.5,0.37686571143689396,21.4520971670863,-0.8993049272469053,-1
213_300,3,2017,1.7868098870035887,0.09678705542908118,67.5,0.24784912392821346,258.8706910192345,1.0339255620639505,1
213_380,3,2017,,,50.0,1.0,0.0,0.0,0
213_499,3,2017,0.5802054508244451,0.5789313448250668,61.5,0.4546204062737812,10.851797678947399,0.4548135591023011,1
213_688,3,2017,-0.578416454335293,0.5808445480494977,38.5,0.4546204062737812,5.24895213330929,-4.0334049971749915,-1
213_70,3,2017,-1.7103990661733957,0.15021395270316287,25.5,0.10280164223951978,88.13562301242695,-3.978230158272633,-1
213_705,3,2017,3.074727868739543,0.005939431982939716,56.5,0.6727821257751287,0.03559037772356535,99.99999999999719,1
213_792,3,2017,2.782131283823362,0.0198065820963356,78.5,0.05699830641051993,49.2455443640688,18.176096189180292,1
213_8,3,2017,2.0015675031863913,0.09540210758768052,80.5,0.04142253879330133,75.25557395349381,9.631405507168525,1
213_807,3,2017,-0.20517162089680646,0.8429023907862069,40.5,0.5406815690956761,46.6946364864627,-4.141012598940312,-1
214_250,3,2017,2.1531401542365365,0.043901673457560575,93.5,0.003442181016202601,5.200819626799785,1.3891380785534178,1
214_380,3,2017,-1.3118561415540848,0.2147259488753399,28.5,0.1534378834105726,240.79528065015,-0.7954318831546413,-1
214_40,3,2017,,,50.0,1.0,0.0,0.0,0
214_674,3,2017,,,50.0,1.0,0.0,0.0,0
214_705,3,2017,,,50.0,1.0,0.0,0.0,0
214_756,3,2017,-3.149934650565392,0.016446612946347118,14.5,0.017352389190761427,45.15363160445135,-0.41091423415753353,-1
215_250,3,2017,,,50.0,1.0,0.0,0.0,0
215_336,3,2017,,,50.0,1.0,0.0,0.0,0
215_380,3,2017,-1.3609124329841762,0.20089264346305613,29.5,0.17398281795260206,42.79575994226615,-4.7894335139417485,-1
216_20,3,2017,,,50.0,1.0,0.0,0.0,0
216_250,3,2017,-0.12840271465706912,0.9028991480246437,39.5,0.49665738654204294,105.97195416954199,-0.42632562949834196,-1
216_292,3,2017,,,50.0,1.0,0.0,0.0,0
216_380,3,2017,,,50.0,1.0,0.0,0.0,0
216_492,3,2017,,,50.0,1.0,0.0,0.0,0
216_724,3,2017,1.8016444476168738,0.10040534757421173,69.5,0.1965160943128864,371.37403111076753,6.262672679099486,1
216_756,3,2017,6.54696771452455,3.7360166000710262e-06,93.5,0.003467193190765815,11.9126186342706,1.6596469145375725,1
217_724,3,2017,,,50.0,1.0,0.0,0.0,0
218_250,3,2017,1.1654930408871953,0.29624304221792874,67.5,0.24784912392821346,1.6639234655594901,4.97455478481384,1
218_380,3,2017,1.0309168898982133,0.31338162925568847,45.5,0.7856962962493347,64.73270550312866,-1.3958502883215416,-1
219_380,3,2017,-1.3556023047001171,0.20155530112421813,29.5,0.17398281795260206,31.1342360264389,-9.97819990810172,-1
219_470,3,2017,,,50.0,1.0,0.0,0.0,0
221_268,3,2017,6.831106277945243,7.677077724991458e-07,82.5,0.029613094352645416,8.375427799735915,8.129374567238496,1
221_643,3,2017,,,50.0,1.0,0.0,0.0,0
221_792,3,2017,3.732507422884279,0.0011457434770016533,74.5,0.10280164223951978,715.656151487725,15.879396423346364,1
222_268,3,2017,,,50.0,1.0,0.0,0.0,0
222_643,3,2017,-1.7826387615257124,0.14742231089364904,7.5,0.004303876558312955,199.1271581184805,-3.003959064727068,-1
223_643,3,2017,-1.858825513476077,0.09233196442885405,17.5,0.029613094352645416,2313.6974759024,-1.968670368374963,-1
223_804,3,2017,-2.032345327603635,0.05383635397899477,43.5,0.6833800574551345,81.0648389342685,-0.02418974833761581,-1
224_643,3,2017,,,50.0,1.0,0.0,0.0,0
224_804,3,2017,-0.8365206500521738,0.44304600430936714,38.5,0.4546204062737812,2.319840228621615,-4.2715973779247784,-1
225_112,3,2017,,,50.0,1.0,0.0,0.0,0
225_643,3,2017,,,50.0,1.0,0.0,0.0,0
225_804,3,2017,-3.8221436673899243,0.004091723576712917,10.5,0.008024002332133759,3628.22858566702,-0.7423826556950042,-1
226_498,3,2017,-2.0211193794968203,0.05871779933293642,31.5,0.2211162550702167,36.84520955287505,-0.5683086329354635,-1
226_616,3,2017,,,50.0,1.0,0.0,0.0,0
226_804,3,2017,6.036116989213314,3.7535844733939083e-06,88.5,0.00979219587072503,82.0234573261308,2.0014815268342843,1
227_100,3,2017,-1.886428721950522,0.10325165130855808,26.5,0.11794806736103866,73.23324656965781,-2.691537453802412,-1
227_191,3,2017,2.2645770030461128,0.04085922057374999,78.5,0.05699830641051993,25.69204412183825,0.5331503216679342,1
227_203,3,2017,0.5473108347523423,0.6055743763295891,57.5,0.6341948173294822,34.31712248520785,0.17615139161684878,1
227_276,3,2017,-0.533238177163775,0.6179794408004801,39.5,0.49665738654204294,25.55494590644515,-0.5362061801339518,-1
227_348,3,2017,-3.55501020734005,0.002708093716826947,12.5,0.011899644584157432,56.740796646178694,-2.0665943892697642,-1
227_380,3,2017,-0.004030017128181143,0.9969502151232372,60.5,0.49665738654204294,3.09937443933917,0.6329087051715654,1
227_40,3,2017,0.3724341729742092,0.7133378088637053,36.5,0.37686571143689396,56.3947511126171,-0.11662990573635736,-1
227_498,3,2017,-0.3429945009546549,0.7371982148293721,39.5,0.49665738654204294,25.638287918813,-2.4071739678429807,-1
227_499,3,2017,0.37146504137742214,0.7205292809913696,56.5,0.6833800574551345,9.79843476469978,0.8762820415055469,1
227_616,3,2017,,,50.0,1.0,0.0,0.0,0
227_642,3,2017,-0.37667273559687736,0.7101237834887404,50.5,1.0,442.75532188944146,-0.03660009682118006,-1
227_688,3,2017,1.5313373027920218,0.1527519503520364,64.5,0.3412684763150512,141.078055944569,0.37304801153326017,1
227_70,3,2017,1.0142441318920377,0.3437489101054165,67.5,0.24784912392821346,12.78392649824315,1.4159200160797563,1
227_703,3,2017,-0.7474840392849156,0.4645006683926095,37.5,0.4146659024229229,146.741376153543,-0.5428724407596213,-1
227_705,3,2017,2.6967498552274733,0.02062941667544599,79.5,0.048689610702269216,2.2894141285214546,2.544777376886422,1
227_756,3,2017,-0.07517841490078148,0.94314830105349,61.5,0.45453353442944344,0.229933155461913,0.3148310829905046,1
227_8,3,2017,,,50.0,1.0,0.0,0.0,0
227_804,3,2017,,,50.0,1.0,0.0,0.0,0
227_807,3,2017,,,50.0,1.0,0.0,0.0,0
228_100,3,2017,-1.5356167793104605,0.1905592722246233,26.5,0.11794806736103866,39.210559679660946,-6.22438875361176,-1
228_642,3,2017,,,50.0,1.0,0.0,0.0,0
228_792,3,2017,1.7081393665740865,0.11813346119685615,68.5,0.2211162550702167,1.0164492495532624,22.02637282750885,1
228_804,3,2017,,,50.0,1.0,0.0,0.0,0
231_250,3,2017,,,50.0,1.0,0.0,0.0,0
231_620,3,2017,2.1696282637924895,0.04272791631692804,70.5,0.17398281795260206,380.395560926645,1.4925082544464372,1
231_724,3,2017,-2.5549489041743825,0.02757494478373918,22.5,0.06645414979996266,1156.108632743165,-10.97469135296491,-1
232_20,3,2017,,,50.0,1.0,0.0,0.0,0
232_203,3,2017,2.481112566971984,0.028309277428344683,75.5,0.08924454710859073,117.26924217938651,0.6588803311626691,1
232_250,3,2017,2.2305558694787053,0.06275941629575366,80.5,0.04142253879330133,188.42335680679798,2.3966210212332353,1
232_276,3,2017,-0.7591122748959314,0.4670604507001389,40.5,0.5406815690956761,117.49146677594399,-0.1251902036643089,-1
232_380,3,2017,-2.307335013602134,0.030711174831085743,28.5,0.1534378834105726,3.040335880370705,-2.703467149905256,-1
232_40,3,2017,-0.11461301376330289,0.9124304608975278,48.5,0.9379943183159559,0.0003965472181638,0.0,0
232_438,3,2017,,,50.0,1.0,0.0,0.0,0
232_442,3,2017,-0.7569244033033911,0.48751107280949596,41.5,0.5865744278376042,1.4492832491814651,-5.945759446484538,-1
232_528,3,2017,-0.5603415032336175,0.5818858222138559,28.5,0.1534378834105726,222.87706402472,-2.0064416808559535,-1
232_56,3,2017,0.570493608431155,0.5892988473424934,62.5,0.4146659024229229,7.6401764315448,2.2169804423551964,1
232_616,3,2017,,,50.0,1.0,0.0,0.0,0
232_724,3,2017,,,50.0,1.0,0.0,0.0,0
232_756,3,2017,-1.747268222410721,0.14094709501600963,18.5,0.035095797419284286,39.7548074258151,-0.9987209202303482,-1
232_831,3,2017,,,50.0,1.0,0.0,0.0,0
232_832,3,2017,,,50.0,1.0,0.0,0.0,0
233_826,3,2017,2.3483506558477374,0.02959763554677973,48.5,0.9458048585528951,329.8265437612275,-0.16981645311482033,-1
233_833,3,2017,,,50.0,1.0,0.0,0.0,0
234_372,3,2017,2.328843563679346,0.030948321953034555,73.5,0.11794806736103866,128.23305289186698,0.9630878938314309,1
234_826,3,2017,-0.4032424911103402,0.6962344951833257,28.5,0.1534378834105726,0.6897970882073216,-6.353575169399836,-1
236_234,3,2017,,,50.0,1.0,0.0,0.0,0
237_826,3,2017,,,50.0,1.0,0.0,0.0,0
241_208,3,2017,,,50.0,1.0,0.0,0.0,0
241_276,3,2017,,,50.0,1.0,0.0,0.0,0
241_616,3,2017,,,50.0,1.0,0.0,0.0,0
242_112,3,2017,0.13228264825680341,0.8969176721079561,47.5,0.8918594638362826,49.610515920504696,-0.025197382148422938,-1
242_203,3,2017,0.04127168443182223,0.9685402988931917,53.5,0.838410115171209,14.41768470671375,-0.2859630278053714,-1
242_233,3,2017,,,50.0,1.0,0.0,0.0,0
242_276,3,2017,3.6296532447959406,0.0017837816531192526,84.5,0.020822974945909827,8.66311562110786,8.362701322585057,1
242_428,3,2017,1.141219169024626,0.29596346580976235,68.5,0.2211162550702167,76.51127623635765,0.6487140309954647,1
242_440,3,2017,0.5568469235062946,0.5874435117971404,51.5,0.9458048585528951,51.6415863446895,-0.07046447140317091,-1
242_616,3,2017,0.5951307367263161,0.5609472443834318,45.5,0.7856962962493347,289.62041766097445,-0.8083460791786891,-1
242_643,3,2017,,,50.0,1.0,0.0,0.0,0
242_703,3,2017,,,50.0,1.0,0.0,0.0,0
242_804,3,2017,3.73389566688798,0.001406502334023447,86.5,0.014399864726701132,4.77050366791082,14.790802843945542,1
243_112,3,2017,,,50.0,1.0,0.0,0.0,0
243_246,3,2017,2.215775155116328,0.03850210388890898,85.5,0.017352389190761427,7235.69409397368,0.683572041117728,1
243_248,3,2017,,,50.0,1.0,0.0,0.0,0
243_578,3,2017,,,50.0,1.0,0.0,0.0,0
243_643,3,2017,1.309235108271317,0.20366821544865008,59.5,0.5406815690956761,10833.69393155535,0.005356258801620836,1
244_208,3,2017,,,50.0,1.0,0.0,0.0,0
244_246,3,2017,,,50.0,1.0,0.0,0.0,0
244_578,3,2017,0.16980965563242365,0.8667932460351548,34.5,0.307900293130149,155.04130358700598,-2.193044709955562,-1
244_752,3,2017,1.9247235417094786,0.06845605343799625,74.5,0.10280164223951978,8559.222530863324,0.20738437512764674,1
245_752,3,2017,,,50.0,1.0,0.0,0.0,0
251_578,3,2017,0.45358912812343216,0.6546086808653008,41.5,0.5865744278376042,1447.06589767987,-0.08805997914836866,-1
251_752,3,2017,-3.462734377870795,0.0023520854244213547,20.5,0.048689610702269216,15.57709830136125,-13.787493091302297,-1
252_246,3,2017,,,50.0,1.0,0.0,0.0,0
252_578,3,2017,1.7171258523038446,0.10181925088921837,73.5,0.11794806736103866,97.806458774714,0.40429553220019504,1
252_643,3,2017,1.4393896361371352,0.16497783525612764,61.5,0.4546204062737812,2967.3401138384097,0.12292198948613685,1
252_752,3,2017,,,50.0,1.0,0.0,0.0,0
253_643,3,2017,,,50.0,1.0,0.0,0.0,0
253_744,3,2017,,,50.0,1.0,0.0,0.0,0
261_643,3,2017,,,50.0,1.0,0.0,0.0,0
262_643,3,2017,,,50.0,1.0,0.0,0.0,0
263_643,3,2017,,,50.0,1.0,0.0,0.0,0
271_352,3,2017,5.922703036426228,1.5212242949656364e-05,93.5,0.003467193190765815,205.59327112706,14.828558418141432,1
272_744,3,2017,,,50.0,1.0,0.0,0.0,0
281_364,3,2017,2.063260163605915,0.06369568529230846,70.5,0.17398281795260206,20.63155154459795,27.460219797893316,1
281_398,3,2017,,,50.0,1.0,0.0,0.0,0
281_4,3,2017,7.284187544517702,2.491671167419667e-07,89.5,0.008024002332133759,0.1386258327402175,4901.179966772788,1
281_795,3,2017,-0.2098995960273586,0.8384940926108764,42.5,0.6341948173294822,129.79315866162898,-1.5707990360001292,-1
281_860,3,2017,,,50.0,1.0,0.0,0.0,0
282_398,3,2017,4.5225429683112495,0.00015802540786352066,72.5,0.13479216155813392,0.582089426345192,349.3351814791697,1
282_643,3,2017,0.2180074224165132,0.8323939564820584,48.5,0.9458048585528951,236.21180485829052,-2.5983560500435816,-1
282_860,3,2017,,,50.0,1.0,0.0,0.0,0
283_398,3,2017,,,50.0,1.0,0.0,0.0,0
283_643,3,2017,-1.3039913889981507,0.22774796308496506,36.5,0.37686571143689396,19032.951847716948,-0.0964044908228452,-1
284_268,3,2017,-4.227971406423054,0.0048547309578183245,4.5,0.0022214145869887034,29.03326044325015,-9.454530676749458,-1
284_31,3,2017,-3.3813405957457054,0.013243422964923483,13.5,0.014399864726701132,590.1016544126401,-7.681550787659355,-1
284_364,3,2017,3.6987561434473513,0.0013640820336060697,82.5,0.029613094352645416,138.2083218147625,13.806485383120615,1
284_51,3,2017,-4.053323810765393,0.0017650296721633024,13.5,0.014399864726701132,17.9042512830019,-17.037547970929456,-1
284_643,3,2017,-3.23449889996936,0.0185090145293718,12.5,0.011899644584157432,148.699666766273,-17.59379506101009,-1
284_792,3,2017,0.5752749409064933,0.5825791055170162,56.5,0.6833800574551345,15.156296849783601,0.7151521414886204,1
291_364,3,2017,2.5555193899235142,0.022470859013133886,70.5,0.16931248935728826,23.536457410787996,113.10110990044602,1
291_4,3,2017,-1.3665608667469114,0.22718734250861947,29.5,0.17398281795260206,37.7394721719052,-12.238608375982043,-1
291_586,3,2017,,,50.0,1.0,0.0,0.0,0
292_364,3,2017,3.3637629163331937,0.013945655443790296,90.5,0.006547287612860911,82.94738773365259,27.341946340828688,1
293_364,3,2017,4.250035997950801,0.0025668412439494768,92.5,0.004303876558312955,54.072399980100855,86.7150710353946,1
293_586,3,2017,0.9513802703352607,0.368976392550101,61.5,0.4546204062737812,25.021528761709952,23.472003491395338,1
294_364,3,2017,5.926664515210034,6.786503675135517e-06,89.5,0.008024002332133759,221.569805940594,67.38949163424887,1
294_368,3,2017,-0.8669392717097113,0.4126565650289431,38.5,0.4546204062737812,2925.248891434215,0.2597721320191548,1
294_400,3,2017,,,50.0,1.0,0.0,0.0,0
294_682,3,2017,,,50.0,1.0,0.0,0.0,0
294_760,3,2017,-0.43405605037877715,0.6828897255955133,50.5,1.0,614.0138312903921,0.9622944489646968,1
294_792,3,2017,2.3192051917471375,0.03642338867185279,71.5,0.1534378834105726,1713.71975389502,3.816705014592878,1
295_368,3,2017,,,50.0,1.0,0.0,0.0,0
295_414,3,2017,,,50.0,1.0,0.0,0.0,0
295_48,3,2017,,,50.0,1.0,0.0,0.0,0
295_512,3,2017,6.957520031022964,1.9797939000992155e-06,90.5,0.001552156732363012,0.0,2.2464989007567098e+17,-99
295_634,3,2017,,,50.0,1.0,0.0,0.0,0
295_682,3,2017,,,50.0,1.0,0.0,0.0,0
295_784,3,2017,8.5257624664584,5.017320836888388e-08,88.5,0.0026426228963406027,0.0,2.0176516612991696e+16,-99
295_887,3,2017,,,50.0,1.0,0.0,0.0,0
296_376,3,2017,,,50.0,1.0,0.0,0.0,0
296_400,3,2017,,,50.0,1.0,0.0,0.0,0
296_682,3,2017,5.3785302884645745,1.844673426539325e-05,87.5,0.011834350149375075,2.2570273724559224,490.8292311495047,1
296_818,3,2017,,,50.0,1.0,0.0,0.0,0
296_887,3,2017,,,50.0,1.0,0.0,0.0,0
297_512,3,2017,,,50.0,1.0,0.0,0.0,0
297_682,3,2017,3.932248094961229,0.0045133713441651594,89.5,0.007605365869677894,0.0680855788232293,3518.5172058076255,1
297_784,3,2017,,,50.0,1.0,0.0,0.0,0
297_887,3,2017,,,50.0,1.0,0.0,0.0,0
298_368,3,2017,,,50.0,1.0,0.0,0.0,0
298_414,3,2017,,,50.0,1.0,0.0,0.0,0
298_682,3,2017,,,50.0,1.0,0.0,0.0,0
299_1049,3,2017,,,50.0,1.0,0.0,0.0,0
299_368,3,2017,,,50.0,1.0,0.0,0.0,0
299_376,3,2017,,,50.0,1.0,0.0,0.0,0
299_400,3,2017,0.847128152470276,0.4256251921252533,65.5,0.3078071380727444,0.6034997251588969,35.71429805479924,1
299_422,3,2017,,,50.0,1.0,0.0,0.0,0
299_682,3,2017,,,50.0,1.0,0.0,0.0,0
299_760,3,2017,1.6562435639163458,0.12402602779330306,70.5,0.1723214559086319,0.4387451879015905,106.64391031286256,1
299_818,3,2017,,,50.0,1.0,0.0,0.0,0
311_643,3,2017,,,50.0,1.0,0.0,0.0,0
312_156,3,2017,5.495300430916863,1.547656812269083e-05,85.5,0.017352389190761427,39.4386862370666,134.50344926860126,1
312_398,3,2017,3.081877628500332,0.005291547970236591,78.5,0.05699830641051993,4543.723755083575,0.3731168293872817,1
312_496,3,2017,,,50.0,1.0,0.0,0.0,0
312_643,3,2017,-3.8492872385570873,0.004939417984382166,9.5,0.006547287612860911,1043.666760343655,-1.1910584318850685,-1
313_643,3,2017,,,50.0,1.0,0.0,0.0,0
321_643,3,2017,,,50.0,1.0,0.0,0.0,0
322_496,3,2017,1.0590003733860875,0.3335428826376647,66.5,0.27676572286017653,9.05202667330741,4.218575322559953,1
322_643,3,2017,6.504127587050897,1.6096582073626319e-06,93.5,0.003467193190765815,44222.772630587,2.142861206960733,1
323_643,3,2017,,,50.0,1.0,0.0,0.0,0
331_643,3,2017,,,50.0,1.0,0.0,0.0,0
332_643,3,2017,,,50.0,1.0,0.0,0.0,0
341_643,3,2017,,,50.0,1.0,0.0,0.0,0
342_643,3,2017,-3.3172754228823234,0.011539170941873967,15.5,0.020822974945909827,2133.1498427351353,-2.9284330442791906,-1
343_643,3,2017,,,50.0,1.0,0.0,0.0,0
351_643,3,2017,6.181227796224999,3.911538071271294e-06,89.5,0.008024002332133759,454.870410611712,7.514436718358604,1
352_643,3,2017,,,50.0,1.0,0.0,0.0,0
353_643,3,2017,,,50.0,1.0,0.0,0.0,0
354_643,3,2017,,,50.0,1.0,0.0,0.0,0
355_643,3,2017,,,50.0,1.0,0.0,0.0,0
355_840,3,2017,,,50.0,1.0,0.0,0.0,0
356_643,3,2017,,,50.0,1.0,0.0,0.0,0
361_156,3,2017,,,50.0,1.0,0.0,0.0,0
361_496,3,2017,4.679736525296303,0.0001543465547039087,80.5,0.04142253879330133,18.114533491862453,117.26849033205811,1
361_643,3,2017,,,50.0,1.0,0.0,0.0,0
411_643,3,2017,,,50.0,1.0,0.0,0.0,0
412_1036,3,2017,,,50.0,1.0,0.0,0.0,0
412_392,3,2017,-3.6266623389306667,0.00956255728980131,11.5,0.00979219587072503,70.2392835068612,-6.600043860631002,-1
412_643,3,2017,,,50.0,1.0,0.0,0.0,0
413_392,3,2017,0.06037804713005219,0.9539577420210765,48.5,0.9458048585528951,931.6627779476015,-0.07516500713940716,-1
414_392,3,2017,,,50.0,1.0,0.0,0.0,0
415_1044,3,2017,,,50.0,1.0,0.0,0.0,0
415_392,3,2017,2.377624922633498,0.037101886451053556,76.5,0.0771659313616824,1.943767048651355,2.863214796915068,1
421_643,3,2017,,,50.0,1.0,0.0,0.0,0
422_156,3,2017,2.958437152955709,0.007823310997322029,72.5,0.13479216155813392,719.648282514217,6.710692884300857,1
422_408,3,2017,,,50.0,1.0,0.0,0.0,0
422_496,3,2017,,,50.0,1.0,0.0,0.0,0
422_643,3,2017,3.5075219762854264,0.0019346321532626202,79.5,0.048689610702269216,2588.17434171238,2.438723637506584,1
423_156,3,2017,6.216514435137453,2.471932815573453e-06,91.5,0.005319686062957794,5.0103677512379345,92.98897465071465,1
423_408,3,2017,3.9018499669968816,0.0014965248077688704,88.5,0.00979219587072503,4.09449428890366,39.54253565916219,1
423_643,3,2017,,,50.0,1.0,0.0,0.0,0
424_156,3,2017,1.571010052201983,0.14613311003993112,63.5,0.37686571143689396,757.549622473144,2.114998571693825,1
424_408,3,2017,2.1222459757285916,0.05586098908823646,72.5,0.13479216155813392,397.129084815631,5.031191748345735,1
424_410,3,2017,4.869440650504047,0.000347076595519158,94.5,0.002781224934389138,319.63347784371547,3.827857390815263,1
431_156,3,2017,8.228086516191222,5.522115337890598e-08,92.5,0.004303876558312955,486.46369983740897,22.620611423649727,1
432_156,3,2017,5.986418761678983,5.70613786177094e-06,93.5,0.003467193190765815,880.7480611341196,22.853369826588775,1
433_156,3,2017,3.5933947388393115,0.002131883325238103,84.5,0.020822974945909827,184.0608726903475,8.338243023512696,1
434_156,3,2017,6.246955702391002,2.376522559557654e-06,93.5,0.003467193190765815,4837.0025152404305,18.861970067514832,1
435_156,3,2017,4.231442172282768,0.0003460099527143201,82.5,0.029613094352645416,884.915494646054,8.625957833813196,1
436_156,3,2017,0.2890049453101652,0.7772782750769031,236.5,0.3506082364136046,540.840956566925,30.657114241072218,1
436_344,3,2017,,,50.0,1.0,0.0,0.0,0
436_418,3,2017,,,50.0,1.0,0.0,0.0,0
436_446,3,2017,,,50.0,1.0,0.0,0.0,0
436_704,3,2017,6.279153368199851,2.348625671339093e-06,91.5,0.005319686062957794,225.0733578000185,49.10702886526823,1
437_156,3,2017,-0.38628441757758025,0.7127071819071151,44.5,0.7339474627492532,19.155438144001,-1.9448408252570863,-1
438_156,3,2017,,,50.0,1.0,0.0,0.0,0
439_1042,3,2017,,,50.0,1.0,0.0,0.0,0
439_156,3,2017,1.868896272402033,0.09303945155687092,72.5,0.13479216155813392,126.9937355279715,7.003606778640275,1
441_116,3,2017,,,50.0,1.0,0.0,0.0,0
441_418,3,2017,,,50.0,1.0,0.0,0.0,0
441_704,3,2017,5.349877081290872,2.085234964615763e-05,90.5,0.006547287612860911,361.6461553006785,40.29078341723438,1
442_104,3,2017,,,50.0,1.0,0.0,0.0,0
442_116,3,2017,2.344115824762924,0.07557705794623526,95.5,0.0022214145869887034,28.60498378178375,461.71007264512946,1
442_156,3,2017,6.216943521157303,5.201137362819854e-06,94.5,0.002781224934389138,127.20872236391574,178.5095894079274,1
442_418,3,2017,5.489010768726409,1.39910402774077e-05,89.5,0.008024002332133759,603.16157570288,31.233579637724006,1
442_704,3,2017,4.4308854709395185,0.00023388581068617127,79.5,0.048689610702269216,89.2961093524666,46.21830697828873,1
442_764,3,2017,-1.0653449916945792,0.3335995323733027,28.5,0.1534378834105726,682.4111091320731,-3.8383554986448276,-1
443_104,3,2017,,,50.0,1.0,0.0,0.0,0
443_116,3,2017,6.9241569428378265,5.384197276657843e-07,91.5,0.005319686062957794,0.08952928931103091,17395.31793522663,1
443_418,3,2017,,,50.0,1.0,0.0,0.0,0
443_704,3,2017,,,50.0,1.0,0.0,0.0,0
443_764,3,2017,-0.6761439831750329,0.5311790659971469,42.5,0.6341948173294822,482.418158199951,-4.952659785393509,-1
444_104,3,2017,,,50.0,1.0,0.0,0.0,0
444_458,3,2017,5.7445942236832845,5.970800490082844e-05,93.5,0.003467193190765815,533.9425532578134,7.412330306199371,1
444_702,3,2017,0.16648026190392012,0.8733724909106177,54.5,0.7856962962493347,5.742325074478355,0.597468236860158,1
444_764,3,2017,-1.381319737789815,0.22351878762026886,33.5,0.27676572286017653,770.326954667278,-0.799872188931561,-1
445_1014,3,2017,,,50.0,1.0,0.0,0.0,0
445_104,3,2017,2.1705999258512154,0.05096116571270545,69.5,0.1965160943128864,534.423418021641,11.853248431726056,1
445_156,3,2017,5.464297912695152,2.4026998767551455e-05,93.5,0.003467193190765815,13.7171833583067,157.15991678760196,1
445_356,3,2017,4.7874136666253815,0.0002638834533131088,90.5,0.006444104216205338,5.78792707284447,93.81677138452335,1
445_764,3,2017,,,50.0,1.0,0.0,0.0,0
446_104,3,2017,,,50.0,1.0,0.0,0.0,0
446_356,3,2017,,,50.0,1.0,0.0,0.0,0
451_104,3,2017,,,50.0,1.0,0.0,0.0,0
451_356,3,2017,2.7871675685403847,0.01809287658619125,79.5,0.048689610702269216,15.0944795438236,38.039478154151205,1
451_50,3,2017,0.6124703817692916,0.5657452673471277,61.5,0.4546204062737812,214.7141111810895,0.9709429358651838,1
452_1014,3,2017,,,50.0,1.0,0.0,0.0,0
452_1021,3,2017,,,50.0,1.0,0.0,0.0,0
452_104,3,2017,,,50.0,1.0,0.0,0.0,0
452_156,3,2017,-3.6470691706691043,0.0016371326585052132,33.5,0.27676572286017653,574.836818129309,-1.052565657795935,-1
452_356,3,2017,3.0912114598202125,0.013706574342410472,81.5,0.035095797419284286,1214.372090877805,38.17622900794122,1
452_50,3,2017,,,50.0,1.0,0.0,0.0,0
452_524,3,2017,6.712260925166063,3.700857841101633e-06,94.5,0.002511666263022623,0.687273859919515,10.404318306058641,1
452_64,3,2017,4.451603401263058,0.00020421703988234146,86.5,0.014399864726701132,0.07585521703003906,31.57862422231131,1
453_356,3,2017,1.081715634769787,0.3299046230074204,69.5,0.1965160943128864,3219.09272950981,1.7244587664883138,1
453_50,3,2017,,,50.0,1.0,0.0,0.0,0
454_356,3,2017,2.7152278134888466,0.014047819627919709,73.5,0.11794806736103866,1480.30029435274,3.180852951935567,1
455_356,3,2017,1.474581286349603,0.19246990716779083,70.5,0.17398281795260206,21.279348076918552,38.109961263730995,1
455_586,3,2017,,,50.0,1.0,0.0,0.0,0
456_1013,3,2017,,,50.0,1.0,0.0,0.0,0
456_1021,3,2017,,,50.0,1.0,0.0,0.0,0
456_1052,3,2017,1.0180151702990843,0.3533827977262767,76.5,0.0771659313616824,129.29162636794752,5.379697683852331,1
456_156,3,2017,,,50.0,1.0,0.0,0.0,0
456_356,3,2017,-0.8927290595044577,0.41422756880948125,40.5,0.5406815690956761,242.6913504141225,-13.385771000263919,-1
456_4,3,2017,-0.5994235318271273,0.5678980549592805,43.5,0.6833800574551345,14.453824385721951,0.04189068035398443,1
456_524,3,2017,,,50.0,1.0,0.0,0.0,0
456_586,3,2017,1.3028339295235967,0.22365821199221875,65.5,0.307900293130149,448.768378004706,4.834311959622186,1
457_586,3,2017,0.4616275467503232,0.6599001268491611,64.5,0.3412684763150512,16.6931050424173,2.030971814304267,1
458_144,3,2017,-0.38942525207677836,0.709897545183321,43.5,0.6833800574551345,145.541548605407,-9.250851156141824,-1
461_1052,3,2017,,,50.0,1.0,0.0,0.0,0
461_156,3,2017,,,50.0,1.0,0.0,0.0,0
461_398,3,2017,,,50.0,1.0,0.0,0.0,0
461_4,3,2017,,,50.0,1.0,0.0,0.0,0
461_417,3,2017,,,50.0,1.0,0.0,0.0,0
461_586,3,2017,,,50.0,1.0,0.0,0.0,0
461_762,3,2017,4.905614199647133,7.858252170034219e-05,83.5,0.02488372328270136,83.0392317221129,7.097022064619177,1
461_795,3,2017,,,50.0,1.0,0.0,0.0,0
461_860,3,2017,0.057493652364867996,0.9555293812811718,47.5,0.8918594638362826,115.92627175538499,-6.9097505214006,-1
462_156,3,2017,,,50.0,1.0,0.0,0.0,0
462_398,3,2017,-0.7240093711083654,0.5055545182592575,48.5,0.9458048585528951,389.5793145284945,0.013055776927499806,1
462_417,3,2017,-0.717869982405561,0.5032765996534331,38.5,0.4546204062737812,282.892072039943,-2.7793112173019234,-1
462_643,3,2017,,,50.0,1.0,0.0,0.0,0
462_762,3,2017,5.293429587334275,3.99843223607342e-05,83.5,0.02488372328270136,313.331333313305,9.076005339282322,1
462_860,3,2017,1.0736002680785304,0.31538140749182364,66.5,0.27676572286017653,48.38321682297705,2.2948183153584147,1
463_156,3,2017,2.646732005333055,0.014765378089233167,61.5,0.4546204062737812,87.9404468941598,2.4147561992811726,1
463_398,3,2017,-1.6643033303348762,0.1438643447489053,24.5,0.08924454710859073,1221.04704978385,-2.040450788165828,-1
463_417,3,2017,,,50.0,1.0,0.0,0.0,0
471_156,3,2017,2.8230406182877466,0.009734917206531772,63.5,0.37686571143689396,25.51609602622485,16.120552315463772,1
471_398,3,2017,,,50.0,1.0,0.0,0.0,0
471_496,3,2017,-0.29653429572106293,0.76971916982091,40.5,0.5391148395624018,0.1370065301307475,-23.00609010261291,-1
472_496,3,2017,,,50.0,1.0,0.0,0.0,0
473_156,3,2017,4.593449880009936,0.00012832402611361949,87.5,0.011899644584157432,4.84141974503291,43.69785966464922,1
473_496,3,2017,,,50.0,1.0,0.0,0.0,0
474_496,3,2017,,,50.0,1.0,0.0,0.0,0
475_156,3,2017,9.862165086833084,1.0986842691153957e-09,93.5,0.00041616757377294257,0.0,5670122517040000.0,-99
475_496,3,2017,,,50.0,1.0,0.0,0.0,0
481_156,3,2017,4.759963950152967,0.0012073412313075493,89.5,0.0077714309239248465,0.00490938781877045,27834.495125268593,-99
482_1013,3,2017,,,50.0,1.0,0.0,0.0,0
482_1052,3,2017,,,50.0,1.0,0.0,0.0,0
482_156,3,2017,6.427100836224551,3.0921620321131917e-06,93.5,0.003467193190765815,63.852762482492295,69.23045958488856,1
482_398,3,2017,,,50.0,1.0,0.0,0.0,0
482_417,3,2017,,,50.0,1.0,0.0,0.0,0
482_762,3,2017,,,50.0,1.0,0.0,0.0,0
483_156,3,2017,7.859698082579427,1.5521589976687516e-07,94.5,0.002781224934389138,1.877759300085015,705.6155740035795,1
491_156,3,2017,,,50.0,1.0,0.0,0.0,0
492_156,3,2017,,,50.0,1.0,0.0,0.0,0
511_360,3,2017,4.176368083729851,0.00039266672819271225,86.5,0.014399864726701132,8.84714538208209,35.639094990276654,1
512_360,3,2017,,,50.0,1.0,0.0,0.0,0
513_360,3,2017,,,50.0,1.0,0.0,0.0,0
514_360,3,2017,,,50.0,1.0,0.0,0.0,0
515_360,3,2017,-0.08853479918522691,0.9330971105053827,49.5,1.0,193.590201685759,0.23982472010160358,1
516_360,3,2017,,,50.0,1.0,0.0,0.0,0
517_360,3,2017,,,50.0,1.0,0.0,0.0,0
517_626,3,2017,,,50.0,1.0,0.0,0.0,0
521_360,3,2017,0.5882198141454432,0.5798643919325092,62.5,0.4146659024229229,46.836611447273754,1.708826104105218,1
521_458,3,2017,7.131146910984635,3.364728447318198e-07,94.5,0.002781224934389138,77.72702638895964,925.389162853102,1
521_608,3,2017,,,50.0,1.0,0.0,0.0,0
521_96,3,2017,,,50.0,1.0,0.0,0.0,0
522_360,3,2017,,,50.0,1.0,0.0,0.0,0
523_1046,3,2017,,,50.0,1.0,0.0,0.0,0
524_360,3,2017,,,50.0,1.0,0.0,0.0,0
524_608,3,2017,-1.0250632411501992,0.34083830514805696,33.5,0.27676572286017653,83.82351966543375,-4.15267682128955,-1
525_360,3,2017,0.979145823324145,0.36584333825935866,67.5,0.24784912392821346,9.367844511842119,15.034401306710302,1
526_360,3,2017,,,50.0,1.0,0.0,0.0,0
531_36,3,2017,-6.6583281184793925,2.282790103997658e-06,15.0,0.0064512127662690695,5.71418005753e-05,-99.99999999824996,-99
531_360,3,2017,,,50.0,1.0,0.0,0.0,0
531_598,3,2017,-1.3889555556827173,0.1824587996078285,27.5,0.13479216155813392,40.024501655570944,-5.463448095729585,-1
532_360,3,2017,,,50.0,1.0,0.0,0.0,0
533_360,3,2017,,,50.0,1.0,0.0,0.0,0
534_360,3,2017,,,50.0,1.0,0.0,0.0,0
535_360,3,2017,,,50.0,1.0,0.0,0.0,0
536_598,3,2017,,,50.0,1.0,0.0,0.0,0
537_598,3,2017,,,50.0,1.0,0.0,0.0,0
537_90,3,2017,,,50.0,1.0,0.0,0.0,0
538_598,3,2017,,,50.0,1.0,0.0,0.0,0
541_583,3,2017,,,50.0,1.0,0.0,0.0,0
541_585,3,2017,,,50.0,1.0,0.0,0.0,0
543_316,3,2017,,,50.0,1.0,0.0,0.0,0
543_580,3,2017,,,50.0,1.0,0.0,0.0,0
544_392,3,2017,,,50.0,1.0,0.0,0.0,0
545_1048,3,2017,,,50.0,1.0,0.0,0.0,0
545_296,3,2017,,,50.0,1.0,0.0,0.0,0
545_520,3,2017,,,50.0,1.0,0.0,0.0,0
545_583,3,2017,,,50.0,1.0,0.0,0.0,0
545_584,3,2017,,,50.0,1.0,0.0,0.0,0
551_242,3,2017,,,50.0,1.0,0.0,0.0,0
551_798,3,2017,,,50.0,1.0,0.0,0.0,0
552_242,3,2017,6.104533301373089,1.2583959595354034e-05,91.5,0.005319686062957794,2.686325358314205,28.912530036209418,1
553_548,3,2017,,,50.0,1.0,0.0,0.0,0
553_90,3,2017,,,50.0,1.0,0.0,0.0,0
554_540,3,2017,,,50.0,1.0,0.0,0.0,0
555_574,3,2017,,,50.0,1.0,0.0,0.0,0
556_540,3,2017,,,50.0,1.0,0.0,0.0,0
557_36,3,2017,,,50.0,1.0,0.0,0.0,0
561_36,3,2017,2.639014492221816,0.014753372299410478,73.5,0.11794806736103866,34.29799178702525,6.823409513733888,1
562_1015,3,2017,,,50.0,1.0,0.0,0.0,0
562_36,3,2017,-1.7808479745379844,0.14243736747429417,25.5,0.10280164223951978,882.58229043083,-17.638009838579478,-1
563_36,3,2017,-0.43931636923544015,0.6668899105123391,44.5,0.7339474627492532,997.5655705753074,-5.826819169179152,-1
564_36,3,2017,0.43747213660024725,0.6746601397283734,54.5,0.7856962962493347,673.985052709759,11.883201600834449,1
565_36,3,2017,-1.0715660288233848,0.31522929055340854,35.5,0.3412684763150512,7.632255461940074,-5.339645769458581,-1
566_36,3,2017,,,50.0,1.0,0.0,0.0,0
567_36,3,2017,,,50.0,1.0,0.0,0.0,0
568_36,3,2017,-2.051108402756538,0.06650479695371955,27.5,0.13479216155813392,1.1015053050650745,-38.69260875391409,-1
569_36,3,2017,0.8376618110922467,0.41108360486942763,55.5,0.7339474627492532,722.6432896492515,0.6862491144991416,1
571_554,3,2017,4.647805203728123,0.00036090127230236756,86.5,0.014399864726701132,58.2776364757257,3.2314259324715566,1
572_554,3,2017,-0.379202298745617,0.711636934556891,41.5,0.5865744278376042,1050.51791996409,-0.05330555901217156,-1
573_554,3,2017,,,50.0,1.0,0.0,0.0,0
574_36,3,2017,,,50.0,1.0,0.0,0.0,0
574_554,3,2017,,,50.0,1.0,0.0,0.0,0
575_554,3,2017,,,50.0,1.0,0.0,0.0,0
611_170,3,2017,0.002897210885799164,0.9977133463811543,38.5,0.4546204062737812,55.654618234484104,-1.334877090589014,-1
611_591,3,2017,,,50.0,1.0,0.0,0.0,0
612_170,3,2017,7.730002216083103,6.349272758142318e-07,94.5,0.002781224934389138,201.94295342698751,39.846462139523666,1
612_862,3,2017,,,50.0,1.0,0.0,0.0,0
613_170,3,2017,6.109480423630471,3.969885519818144e-06,92.5,0.002843374851397554,0.0,4.33390383824008e+17,-99
613_862,3,2017,-1.3037710268535554,0.20730377043286036,31.5,0.2211162550702167,220.12543856342,-4.404001836873105,-1
614_308,3,2017,,,50.0,1.0,0.0,0.0,0
614_474,3,2017,-6.391576763952921,1.911996810007762e-06,11.5,0.00979219587072503,0.146332018717658,-84.61530286282108,-1
614_52,3,2017,,,50.0,1.0,0.0,0.0,0
614_531,3,2017,,,50.0,1.0,0.0,0.0,0
614_533,3,2017,,,50.0,1.0,0.0,0.0,0
614_662,3,2017,,,50.0,1.0,0.0,0.0,0
614_670,3,2017,,,50.0,1.0,0.0,0.0,0
614_780,3,2017,,,50.0,1.0,0.0,0.0,0
614_862,3,2017,,,50.0,1.0,0.0,0.0,0
615_170,3,2017,-3.0104773992338827,0.0284354876187423,11.5,0.00979219587072503,20.18490120751085,-9.555007435176295,-1
615_328,3,2017,,,50.0,1.0,0.0,0.0,0
615_76,3,2017,,,50.0,1.0,0.0,0.0,0
615_862,3,2017,2.773662026345841,0.011216251389642794,73.5,0.11794806736103866,4030.9398866453503,3.8193685213330295,1
616_254,3,2017,-1.893413699443213,0.10976565885048753,20.5,0.048689610702269216,235.41644762125452,-1.583329138896157,-1
616_328,3,2017,,,50.0,1.0,0.0,0.0,0
616_740,3,2017,3.000533923153068,0.018470362781497485,85.5,0.017352389190761427,0.2797822585048645,92.68333092230935,1
616_76,3,2017,7.733523706573815,1.21697877491628e-06,95.5,0.0022214145869887034,0.0482693928061053,8707.46824904603,1
616_862,3,2017,2.038952005766353,0.05607842175598543,56.5,0.682569818833203,0.014601325956926498,11.166657354657097,-99
621_76,3,2017,,,50.0,1.0,0.0,0.0,0
622_170,3,2017,,,50.0,1.0,0.0,0.0,0
622_218,3,2017,6.163691576659875,3.6830410591838723e-06,91.5,0.005319686062957794,2.757305903344725,129.9314800391822,1
622_254,3,2017,,,50.0,1.0,0.0,0.0,0
622_328,3,2017,,,50.0,1.0,0.0,0.0,0
622_604,3,2017,0.42627302406497225,0.6823536098675806,50.5,1.0,212.50688925757999,-0.15731408856762874,-1
622_68,3,2017,-0.8750919206461016,0.41315087407687906,35.5,0.3412684763150512,13.582178207288951,-11.384975981634566,-1
622_740,3,2017,,,50.0,1.0,0.0,0.0,0
622_76,3,2017,2.081968553535371,0.08309859065144916,75.5,0.08924454710859073,2526.543867024055,6.3745532065274615,1
622_862,3,2017,,,50.0,1.0,0.0,0.0,0
623_76,3,2017,,,50.0,1.0,0.0,0.0,0
624_76,3,2017,2.045553990601831,0.052405586995632386,64.5,0.3412684763150512,3633.57910351966,1.6234370524742605,1
625_76,3,2017,,,50.0,1.0,0.0,0.0,0
631_76,3,2017,-1.2813692085342105,0.2187955965172966,33.5,0.27676572286017653,36.858903317909906,-11.287209798641456,-1
632_76,3,2017,-1.5490103962130457,0.13503344525835007,45.5,0.7856962962493347,294.8028574761875,-0.43320071333625004,-1
633_76,3,2017,-3.5022497127497876,0.003748164668495751,18.5,0.035095797419284286,418.60725771676096,-47.61901206612681,-1
634_76,3,2017,-0.8555677593950247,0.420321770871233,37.5,0.4146659024229229,3559.876489062255,-1.7711891142072826,-1
635_76,3,2017,-0.09608371252436912,0.9242921314685614,51.5,0.9458048585528951,591.2582032447581,0.6228130920362862,1
641_32,3,2017,-1.6548975842549611,0.16541817507470846,25.5,0.10280164223951978,295.8642386920135,-5.120061995736023,-1
641_76,3,2017,1.7031826269653942,0.11354261906689334,67.5,0.24784912392821346,686.635763434613,7.565946183876446,1
641_858,3,2017,-0.8533216964969864,0.4347212990620741,34.5,0.307900293130149,1381.33899136542,-4.049755129736386,-1
642_32,3,2017,3.99414831708914,0.0006638395351416223,65.5,0.307900293130149,551.2939085319435,10.185180434087442,1
642_600,3,2017,2.855210920188268,0.011586254444307515,71.5,0.1534378834105726,2014.585421127605,3.85976560417737,1
642_68,3,2017,0.4226810169782846,0.6822450833880986,49.5,1.0,3.3737665785010904,-1.0897189786960408,-1
642_76,3,2017,-1.0826260219105344,0.3042554715536462,27.5,0.13479216155813392,12601.725831364249,-2.5097042865604915,-1
643_32,3,2017,3.6709858517498417,0.0015946124817069402,89.5,0.008024002332133759,5.16625054701581,12.697512802459169,1
644_152,3,2017,,,50.0,1.0,0.0,0.0,0
644_32,3,2017,0.057072938948882525,0.9565137308414898,54.5,0.7856962962493347,218.963292310785,2.121879445252638,1
651_32,3,2017,4.526079173800126,0.000171050372579285,79.5,0.048689610702269216,5.957598328532185,22.02006615338615,1
652_152,3,2017,,,50.0,1.0,0.0,0.0,0
652_32,3,2017,-2.4625950263258343,0.04952103185604124,17.5,0.029613094352645416,363.165634595744,-26.846178419034693,-1
653_152,3,2017,,,50.0,1.0,0.0,0.0,0
653_32,3,2017,-1.0869046437832144,0.31447789514491314,28.5,0.1534378834105726,1761.457030840355,-3.791812807054409,-1
654_238,3,2017,,,50.0,1.0,0.0,0.0,0
661_152,3,2017,,,50.0,1.0,0.0,0.0,0
661_32,3,2017,3.5877744258063093,0.0015766688272496783,85.5,0.017352389190761427,91.04949382017284,0.5306774520322559,1
662_152,3,2017,2.2005556805978257,0.06574352295367912,78.5,0.05699830641051993,198.54414777472,11.41560374955654,1
662_32,3,2017,,,50.0,1.0,0.0,0.0,0
662_604,3,2017,,,50.0,1.0,0.0,0.0,0
662_68,3,2017,,,50.0,1.0,0.0,0.0,0
663_152,3,2017,,,50.0,1.0,0.0,0.0,0
664_152,3,2017,,,50.0,1.0,0.0,0.0,0
664_32,3,2017,,,50.0,1.0,0.0,0.0,0
664_604,3,2017,3.0873619719430647,0.005201088056242001,75.5,0.08924454710859073,61.4959359341227,0.38232379226029695,1
664_68,3,2017,,,50.0,1.0,0.0,0.0,0
671_152,3,2017,,,50.0,1.0,0.0,0.0,0
671_218,3,2017,,,50.0,1.0,0.0,0.0,0
671_604,3,2017,0.9582459969442568,0.370051413719052,60.5,0.49665738654204294,131.8178316648245,2.8059655786323563,1
672_170,3,2017,0.6842961479252095,0.5007074366268416,43.5,0.6833800574551345,16.8207583661715,-1.4317740752298505,-1
672_218,3,2017,0.2983322323405858,0.769282661122492,48.5,0.9458048585528951,64.09221458684931,-0.03937741810467373,-1
672_591,3,2017,0.12176093210384127,0.9052350997222862,44.5,0.7339474627492532,206.923545173982,-0.7417556980412695,-1
672_604,3,2017,,,50.0,1.0,0.0,0.0,0
673_218,3,2017,,,50.0,1.0,0.0,0.0,0
711_124,3,2017,3.359579759756193,0.00271135616334749,79.5,0.048689610702269216,7820.73875628683,0.1560692322843324,1
712_124,3,2017,1.0827066912133063,0.3009398917550245,60.5,0.49665738654204294,30557.2619579753,0.02586562324029573,1
712_840,3,2017,0.024983725762481573,0.9805491603109354,47.5,0.8918594638362826,1968.676326174285,0.08109420881072474,1
713_124,3,2017,-2.2870253686003887,0.05273460326478847,17.5,0.029613094352645416,1200.901121499105,-0.463583972307027,-1
721_124,3,2017,4.46696554867153,0.00023975517432821527,88.5,0.00979219587072503,8804.21894996173,2.5358808453706216,1
722_124,3,2017,5.955676229471695,8.677629423649933e-06,94.5,0.002781224934389138,3454.69139049338,7.30449733259158,1
723_124,3,2017,5.222297277837719,6.695394303914078e-05,94.5,0.002781224934389138,8002.991093585981,1.7701077520043067,1
723_666,3,2017,,,50.0,1.0,0.0,0.0,0
724_124,3,2017,0.9878122823398903,0.35507640521075307,64.5,0.3412684763150512,6101.118142106436,0.6260180288198394,1
725_124,3,2017,1.4662513053305668,0.17843136281816957,77.5,0.06645414979996266,18424.496218373402,0.1116473746054589,1
725_840,3,2017,-0.4942563564088615,0.641411664205417,43.5,0.6833800574551345,11548.1717002874,0.01617139401775218,1
726_124,3,2017,-4.462644400093956,0.0001826811161561633,15.5,0.020822974945909827,289.8427681685225,-4.633811553727807,-1
726_840,3,2017,-2.2902574331830525,0.07011296586970324,14.5,0.017352389190761427,74.88865732471251,-0.7277756732325128,-1
731_124,3,2017,0.7623472683989544,0.4780704042991586,65.5,0.307900293130149,76.62929062238085,0.7897715131379511,1
731_840,3,2017,-0.6402891403447142,0.5480884520633442,42.5,0.6341948173294822,2786.5225186489997,-0.046019440787850856,-1
732_840,3,2017,3.542622308174393,0.0021151199709949636,83.5,0.02488372328270136,4881.66817493164,1.8284115925540134,1
741_840,3,2017,2.69023717778517,0.02632021774389255,81.5,0.035095797419284286,89.85246343302,1.3943568141500517,1
742_124,3,2017,1.9796131486350304,0.06448261348569892,71.5,0.1534378834105726,20.86895454503245,2.4220607209471536,1
742_840,3,2017,3.7312022752520244,0.0017259995134947918,84.5,0.020822974945909827,15663.4792264186,3.46574818673235,1
743_840,3,2017,1.1539776057702844,0.2900594234202902,62.5,0.4146659024229229,27.63897385977905,0.005324074388276475,1
751_840,3,2017,4.445544205721492,0.00018630558576494694,91.5,0.005319686062957794,3622.41896105149,3.550653399632024,1
752_484,3,2017,-0.10976312408191301,0.9147016741320568,46.5,0.838410115171209,678.416782814993,-1.320592700089523,-1
752_840,3,2017,-2.088602933897164,0.06519217806446355,26.5,0.11794806736103866,281.888004308623,-13.100753183153929,-1
753_188,3,2017,3.237357439571892,0.007526357192429711,82.5,0.029613094352645416,81.17117041651325,2.9898111585134157,1
753_320,3,2017,-1.0098957964367914,0.36389067808747566,42.5,0.6341948173294822,5.88912992779366,0.08783490852014844,1
753_340,3,2017,1.3771387556258363,0.2093680617642254,69.5,0.1965160943128864,137.32200943458048,2.635308238460882,1
753_484,3,2017,-0.12349567561429957,0.9031301915986935,40.5,0.5406815690956761,1506.1985743128898,-2.6255306890268484,-1
753_558,3,2017,4.415406170094203,0.001752421091106121,95.5,0.0022214145869887034,30.74354237434455,3.852239216690457,1
753_591,3,2017,4.90341213663955,6.240966722573826e-05,82.5,0.029613094352645416,25.496417411747302,22.010577079805532,1
753_84,3,2017,3.0930774864788173,0.005531209458264155,84.5,0.020577850524562184,3.76652143415413,18.226592627546616,1
761_44,3,2017,,,50.0,1.0,0.0,0.0,0
761_796,3,2017,,,50.0,1.0,0.0,0.0,0
762_136,3,2017,,,50.0,1.0,0.0,0.0,0
762_192,3,2017,0.3875419287389826,0.7131035286237682,53.5,0.838410115171209,45.10999386678365,1.5249962938460973,1
763_388,3,2017,,,50.0,1.0,0.0,0.0,0
764_1040,3,2017,,,50.0,1.0,0.0,0.0,0
764_214,3,2017,0.2735678428806776,0.7944511440103791,55.5,0.7339474627492532,54.77464307413905,3.282616701960704,1
764_332,3,2017,,,50.0,1.0,0.0,0.0,0
765_1068,3,2017,,,50.0,1.0,0.0,0.0,0
765_212,3,2017,,,50.0,1.0,0.0,0.0,0
765_28,3,2017,,,50.0,1.0,0.0,0.0,0
765_312,3,2017,,,50.0,1.0,0.0,0.0,0
765_500,3,2017,,,50.0,1.0,0.0,0.0,0
765_534,3,2017,,,50.0,1.0,0.0,0.0,0
765_630,3,2017,1.3401482004765874,0.22684685297156074,66.5,0.27676572286017653,5.076769254752435,10.445860108759769,1
765_652,3,2017,,,50.0,1.0,0.0,0.0,0
765_659,3,2017,,,50.0,1.0,0.0,0.0,0
765_660,3,2017,,,50.0,1.0,0.0,0.0,0
765_663,3,2017,,,50.0,1.0,0.0,0.0,0
765_850,3,2017,,,50.0,1.0,0.0,0.0,0
765_92,3,2017,,,50.0,1.0,0.0,0.0,0
771_1023,3,2017,,,50.0,1.0,0.0,0.0,0
771_188,3,2017,6.405405698384252,2.8414110074587554e-06,95.5,0.0020718373719595096,0.0030858478567096998,12871.447300815078,-99
771_222,3,2017,-0.5807019993552169,0.5846593749262073,44.5,0.7339474627492532,69.4764849784521,-0.30505945080287133,-1
771_320,3,2017,,,50.0,1.0,0.0,0.0,0
771_340,3,2017,,,50.0,1.0,0.0,0.0,0
771_484,3,2017,0.9361678944040198,0.37247287913061033,59.5,0.5406815690956761,1134.176229384735,0.4000041381995851,1
771_558,3,2017,,,50.0,1.0,0.0,0.0,0
771_591,3,2017,2.829828783172971,0.011044166983880317,75.5,0.08924454710859073,4.863094048648865,27.96806946256779,1
771_840,3,2017,,,50.0,1.0,0.0,0.0,0
772_484,3,2017,,,50.0,1.0,0.0,0.0,0
772_840,3,2017,-2.3811846586042598,0.04046763168574625,22.5,0.06645414979996266,1280.9048250967398,-3.244288004475377,-1
773_840,3,2017,0.6023568929790942,0.5696605888415469,59.5,0.5406815690956761,1096.03582067991,2.4657747733586683,1
774_484,3,2017,1.6871408250133468,0.10523131151734945,76.5,0.0771659313616824,2.884001200635205,7.201214128909954,1
774_840,3,2017,0.27621464339773544,0.7922495294368906,58.5,0.5865744278376042,1440.9091366206449,1.938229926200255,1
781_840,3,2017,-1.2621248979231179,0.26826257201713694,24.5,0.08924454710859073,36.3666855572956,-0.4049563080805736,-1
782_124,3,2017,2.8416378912861804,0.011536818690214508,88.5,0.00979219587072503,1483.5041393217748,0.3683261407483014,1
782_840,3,2017,0.7202958513557133,0.5006880539453105,64.5,0.3412684763150512,2859.246691654635,0.750058822122984,1
783_124,3,2017,1.0342468628970378,0.32720353970469973,58.5,0.5865744278376042,1320.373926263155,-0.045629078798924125,-1
783_840,3,2017,-0.4468318038833918,0.6752481492495386,50.5,1.0,161.9473335076895,0.21136161929410785,1
811_124,3,2017,,,50.0,1.0,0.0,0.0,0
811_840,3,2017,3.6927787952845526,0.001298180324078492,80.5,0.04142253879330133,3.686065201584465,9.707523749985823,1
812_124,3,2017,0.8808605560477981,0.39133050281584647,54.5,0.7856962962493347,96.72640851897344,0.06507665691806479,1
812_840,3,2017,,,50.0,1.0,0.0,0.0,0
813_643,3,2017,,,50.0,1.0,0.0,0.0,0
813_840,3,2017,,,50.0,1.0,0.0,0.0,0
821_124,3,2017,,,50.0,1.0,0.0,0.0,0
821_840,3,2017,,,50.0,1.0,0.0,0.0,0
822_124,3,2017,0.0634897812453322,0.9518557858721981,58.5,0.5865744278376042,1765.56169854313,0.1026021906062397,1
823_124,3,2017,,,50.0,1.0,0.0,0.0,0
831_124,3,2017,,,50.0,1.0,0.0,0.0,0
832_124,3,2017,,,50.0,1.0,0.0,0.0,0
833_124,3,2017,,,50.0,1.0,0.0,0.0,0
841_124,3,2017,,,50.0,1.0,0.0,0.0,0
842_124,3,2017,,,50.0,1.0,0.0,0.0,0
843_124,3,2017,,,50.0,1.0,0.0,0.0,0
844_124,3,2017,,,50.0,1.0,0.0,0.0,0
851_124,3,2017,,,50.0,1.0,0.0,0.0,0
852_124,3,2017,,,50.0,1.0,0.0,0.0,0
861_124,3,2017,,,50.0,1.0,0.0,0.0,0
862_124,3,2017,,,50.0,1.0,0.0,0.0,0
863_124,3,2017,,,50.0,1.0,0.0,0.0,0
911_304,3,2017,,,50.0,1.0,0.0,0.0,0
912_304,3,2017,1.8766099123869566,0.07405083645235722,66.5,0.27676572286017653,3.692782333382635,1.8614156212906334,1
913_304,3,2017,,,50.0,1.0,0.0,0.0,0
914_304,3,2017,,,50.0,1.0,0.0,0.0,0
999_31,3,2017,,,50.0,1.0,0.0,0.0,0
999_364,3,2017,,,50.0,1.0,0.0,0.0,0
999_398,3,2017,,,50.0,1.0,0.0,0.0,0
999_643,3,2017,,,50.0,1.0,0.0,0.0,0
999_795,3,2017,,,50.0,1.0,0.0,0.0,0
