id_bgl,basin_level,start_year,t_score,p_t,u_score,mean,std,alpha,thd_low,thd_high,baseline_median,delta,p_u,p_thd,decision
4,0,2017,-1.7386202619500433,0.0960934627620991,43.5,0.2538086692488928,9.543396048009315,1,-9.289587378760423,9.797204717258207,546.060210291212,-0.6771514676658243,0.6833800574551345,0.025,0
8,0,2017,4.642012414660701,0.0003618098466957,90.5,0.2538086692488928,9.543396048009315,1,-9.289587378760423,9.797204717258207,229.38926135679048,5.125107422320277,0.0065472876128609,0.025,0
12,0,2017,-1.3578114735952824,0.1890630895212608,51.5,0.2538086692488928,9.543396048009315,1,-9.289587378760423,9.797204717258207,87.8096588196475,1.309690172269161,0.9458048585528952,0.025,0
16,0,2017,3.013304708484465,0.0082128075103823,81.5,0.2538086692488928,9.543396048009315,1,-9.289587378760423,9.797204717258207,0.4037951415831535,9.191407729097069,0.0350957974192842,0.025,0
20,0,2017,-4.5331634786075,0.0007558158270721,10.5,0.2538086692488928,9.543396048009315,1,-9.289587378760423,9.797204717258207,0.6113079380250861,-17.43281238068214,0.0080240023321337,0.025,-1
24,0,2017,0.9575947635085788,0.3850474444693678,65.5,0.2538086692488928,9.543396048009315,1,-9.289587378760423,9.797204717258207,580.640114464605,2.8411659042506154,0.307900293130149,0.025,0
28,0,2017,0.8602618109061585,0.4025518921965875,55.5,0.2538086692488928,9.543396048009315,1,-9.289587378760423,9.797204717258207,2.5892698283995497,2.342378292463596,0.7339474627492532,0.025,0
31,0,2017,7.214636572754464,7.471565966002871e-07,79.5,0.2538086692488928,9.543396048009315,1,-9.289587378760423,9.797204717258207,68602.80269367645,14.235780694650332,0.0486896107022692,0.025,0
32,0,2017,-0.9249990484527534,0.3927780647378423,34.5,0.2538086692488928,9.543396048009315,1,-9.289587378760423,9.797204717258207,26787.55202783525,-4.750420252894172,0.307900293130149,0.025,0
36,0,2017,-1.354485170022596,0.2030452154850836,38.5,0.2538086692488928,9.543396048009315,1,-9.289587378760423,9.797204717258207,4646.30713387303,-3.3435110894665354,0.4546204062737812,0.025,0
40,0,2017,3.25930171982618,0.0054494610482651,82.5,0.2538086692488928,9.543396048009315,1,-9.289587378760423,9.797204717258207,550.6102227994361,0.7329434359218157,0.0296130943526454,0.025,0
44,0,2017,4.34400157378945,0.0005949410125439,86.5,0.2538086692488928,9.543396048009315,1,-9.289587378760423,9.797204717258207,943.1134676156072,16.269775484725947,0.0143998647267011,0.025,1
48,0,2017,-0.6239688724944891,0.5390989000776572,43.5,0.2538086692488928,9.543396048009315,1,-9.289587378760423,9.797204717258207,3.68747606896567,-6.404828464531209,0.6833800574551345,0.025,0
50,0,2017,0.7401727649566834,0.4757615684553032,56.5,0.2538086692488928,9.543396048009315,1,-9.289587378760423,9.797204717258207,1588.4240012323248,0.3979119422050746,0.6833800574551345,0.025,0
51,0,2017,4.253764274231291,0.0003623888853298,88.5,0.2538086692488928,9.543396048009315,1,-9.289587378760423,9.797204717258207,1309.195436192685,0.6619659668909385,0.009792195870725,0.025,0
52,0,2017,1.317065690982758,0.2416148279195514,62.5,0.2538086692488928,9.543396048009315,1,-9.289587378760423,9.797204717258207,0.0269120389255511,-0.136014839185378,0.4146659024229229,0.025,0
56,0,2017,3.413721905486757,0.015274412705716,89.5,0.2538086692488928,9.543396048009315,1,-9.289587378760423,9.797204717258207,114.04328107702,4.1905009931602,0.0080240023321337,0.025,0
60,0,2017,4.126759254616911,0.0039200614432938,92.5,0.2538086692488928,9.543396048009315,1,-9.289587378760423,9.797204717258207,1.033441754005045,13.720545425646002,0.0043038765583129,0.025,1
64,0,2017,-0.3076355075429126,0.7611282184068051,25.5,0.2538086692488928,9.543396048009315,1,-9.289587378760423,9.797204717258207,77.47177317106025,-3.599622789440773,0.1028016422395197,0.025,0
68,0,2017,-4.049104068488322,0.0006442425776274,14.5,0.2538086692488928,9.543396048009315,1,-9.289587378760423,9.797204717258207,11126.287310536649,-15.992255887008607,0.0173523891907614,0.025,-1
70,0,2017,0.9408566044233276,0.3611037834741385,55.5,0.2538086692488928,9.543396048009315,1,-9.289587378760423,9.797204717258207,97.8387212605205,0.7278984102960386,0.7339474627492532,0.025,0
72,0,2017,0.6216442131995559,0.5593557253955131,59.5,0.2538086692488928,9.543396048009315,1,-9.289587378760423,9.797204717258207,145.9321244220545,100.92079604578888,0.5406815690956761,0.025,0
76,0,2017,-2.3005795552039583,0.047867279742819,23.5,0.2538086692488928,9.543396048009315,1,-9.289587378760423,9.797204717258207,62472.02372266225,-1.1508995711103085,0.0771659313616824,0.025,0
84,0,2017,-0.6280826783740339,0.5556383906370403,39.5,0.2538086692488928,9.543396048009315,1,-9.289587378760423,9.797204717258207,306.5901880169285,-0.4856792526890283,0.4966573865420429,0.025,0
90,0,2017,6.63386108031146,2.358630372759693e-06,90.5,0.2538086692488928,9.543396048009315,1,-9.289587378760423,9.797204717258207,25.5387373258362,396.0990176971664,0.0065472876128609,0.025,1
92,0,2017,1.7453388130788845,0.11231203313324,71.5,0.2538086692488928,9.543396048009315,1,-9.289587378760423,9.797204717258207,4.487560291280261,4.558549705144302,0.1534378834105726,0.025,0
96,0,2017,4.223127359732983,0.0053675864618902,92.5,0.2538086692488928,9.543396048009315,1,-9.289587378760423,9.797204717258207,16.888218190733653,17.3255570849629,0.0043038765583129,0.025,1
100,0,2017,0.3224998956658064,0.7542337770120413,53.5,0.2538086692488928,9.543396048009315,1,-9.289587378760423,9.797204717258207,412.6902115142775,-0.3871606084660456,0.838410115171209,0.025,0
104,0,2017,4.294553450391222,0.0002793576522359,78.5,0.2538086692488928,9.543396048009315,1,-9.289587378760423,9.797204717258207,2854.62443364625,6.275108714625685,0.0569983064105199,0.025,0
108,0,2017,2.871260083730243,0.0273371654344231,82.5,0.2538086692488928,9.543396048009315,1,-9.289587378760423,9.797204717258207,1941.54580380369,0.1093473139830484,0.0296130943526454,0.025,0
112,0,2017,-0.2949327067306182,0.7768254224434563,44.5,0.2538086692488928,9.543396048009315,1,-9.289587378760423,9.797204717258207,1756.51907590372,-1.4344729678945485,0.7339474627492532,0.025,0
116,0,2017,0.606354898310928,0.5704423599602572,56.5,0.2538086692488928,9.543396048009315,1,-9.289587378760423,9.797204717258207,3328.53473859765,0.0689641817070786,0.6833800574551345,0.025,0
120,0,2017,-3.814918614099831,0.0074013235860858,10.5,0.2538086692488928,9.543396048009315,1,-9.289587378760423,9.797204717258207,858.127174710304,-10.278271510429173,0.0080240023321337,0.025,-1
124,0,2017,2.0484404109530443,0.0523330837941591,68.5,0.2538086692488928,9.543396048009315,1,-9.289587378760423,9.797204717258207,914626.655813263,0.1875841803320708,0.2211162550702167,0.025,0
132,0,2017,-3.623028743807803,0.0020415438101718,20.5,0.2538086692488928,9.543396048009315,1,-9.289587378760423,9.797204717258207,8.61797692816814,-25.89553033287604,0.0486896107022692,0.025,0
136,0,2017,5.446309626862963,1.619777721539029e-05,91.5,0.2538086692488928,9.543396048009315,1,-9.289587378760423,9.797204717258207,2.728280395888105,32.10083562603525,0.0053196860629577,0.025,1
140,0,2017,1.1690410710785413,0.2880389491905984,72.5,0.2538086692488928,9.543396048009315,1,-9.289587378760423,9.797204717258207,440.0061651468035,1.7663137670549511,0.1347921615581339,0.025,0
144,0,2017,1.7105183925032632,0.1490411022339131,73.5,0.2538086692488928,9.543396048009315,1,-9.289587378760423,9.797204717258207,532.7726738241086,3.404014927038813,0.1179480673610386,0.025,0
148,0,2017,3.340200217239568,0.0241560598008649,94.5,0.2538086692488928,9.543396048009315,1,-9.289587378760423,9.797204717258207,1353.33902002465,18.471148785868664,0.0027812249343891,0.025,1
152,0,2017,2.4817298859322525,0.0592202282245621,86.5,0.2538086692488928,9.543396048009315,1,-9.289587378760423,9.797204717258207,11069.9639551319,1.0801939601272574,0.0143998647267011,0.025,0
156,0,2017,5.95986165863235,1.4402924198151404e-05,95.5,0.2538086692488928,9.543396048009315,1,-9.289587378760423,9.797204717258207,93913.52973355114,7.379518656366657,0.0022214145869887,0.025,0
162,0,2017,0.953280867601742,0.3514996947454168,76.0,0.2538086692488928,9.543396048009315,1,-9.289587378760423,9.797204717258207,0.0,879351748153560.0,0.0561377186194892,0.025,-99
166,0,2017,0.764601454756257,0.4778762990780514,60.0,0.2538086692488928,9.543396048009315,1,-9.289587378760423,9.797204717258207,0.0,0.0,0.3833285226481784,0.025,-99
170,0,2017,-2.0371109057824035,0.0705185242081663,27.5,0.2538086692488928,9.543396048009315,1,-9.289587378760423,9.797204717258207,7644.020276079995,-2.720826336745296,0.1347921615581339,0.025,0
174,0,2017,1.738822576166121,0.1381956786665701,82.5,0.2538086692488928,9.543396048009315,1,-9.289587378760423,9.797204717258207,1.799963569536685,29.10656309212857,0.0296130943526454,0.025,0
175,0,2017,-1.8865833210209817,0.0745347778984121,31.5,0.2538086692488928,9.543396048009315,1,-9.289587378760423,9.797204717258207,1.5015493189997051,-4.2088766892429605,0.2211162550702167,0.025,0
178,0,2017,0.0751022867889238,0.9430953750137372,48.5,0.2538086692488928,9.543396048009315,1,-9.289587378760423,9.797204717258207,1621.5921162557602,-1.2902472350544036,0.9458048585528952,0.025,0
180,0,2017,3.396716031732982,0.0066095042016688,86.5,0.2538086692488928,9.543396048009315,1,-9.289587378760423,9.797204717258207,35681.8764824852,0.660215689758456,0.0143998647267011,0.025,0
184,0,2017,4.523918654338329,0.0001681088761388,86.5,0.2538086692488928,9.543396048009315,1,-9.289587378760423,9.797204717258207,0.0880770164076238,82.6261297043517,0.013747690848185,0.025,1
188,0,2017,1.3541180687120384,0.2111833665082294,71.5,0.2538086692488928,9.543396048009315,1,-9.289587378760423,9.797204717258207,42.7672058465792,2.942117052321389,0.1534378834105726,0.025,0
191,0,2017,2.705698304927908,0.0134882874670123,68.5,0.2538086692488928,9.543396048009315,1,-9.289587378760423,9.797204717258207,220.2298387145285,1.192342092102826,0.2211162550702167,0.025,0
192,0,2017,2.4912626844014287,0.0478326399750279,80.5,0.2538086692488928,9.543396048009315,1,-9.289587378760423,9.797204717258207,1087.9102090348802,16.169036485202255,0.0414225387933013,0.025,0
196,0,2017,1.5426472898467551,0.1797872449857251,72.5,0.2538086692488928,9.543396048009315,1,-9.289587378760423,9.797204717258207,6.647450249681735,33.88668369584375,0.1347921615581339,0.025,0
203,0,2017,4.797227955160175,7.928207728422076e-05,89.5,0.2538086692488928,9.543396048009315,1,-9.289587378760423,9.797204717258207,339.4964774028315,5.5860886103036025,0.0080240023321337,0.025,0
204,0,2017,-0.670566700190112,0.5136611295075897,33.5,0.2538086692488928,9.543396048009315,1,-9.289587378760423,9.797204717258207,280.4167110810405,-0.7727678567145911,0.2767657228601765,0.025,0
208,0,2017,3.904519264655212,0.0019715041116131,83.5,0.2538086692488928,9.543396048009315,1,-9.289587378760423,9.797204717258207,417.76106680783255,2.927706759663788,0.0248837232827013,0.025,0
212,0,2017,-2.27811556369878,0.0399247129685302,29.5,0.2538086692488928,9.543396048009315,1,-9.289587378760423,9.797204717258207,0.0133792321157742,-44.9043040559208,0.173982817952602,0.025,-99
214,0,2017,1.8576036683240489,0.0787825218374845,57.5,0.2538086692488928,9.543396048009315,1,-9.289587378760423,9.797204717258207,392.848168897855,-0.553779527953116,0.6341948173294822,0.025,0
218,0,2017,3.286151490684597,0.0123478799066725,89.5,0.2538086692488928,9.543396048009315,1,-9.289587378760423,9.797204717258207,1632.46820968784,7.290858344668104,0.0080240023321337,0.025,0
222,0,2017,1.7495833371985163,0.1276467588268196,69.5,0.2538086692488928,9.543396048009315,1,-9.289587378760423,9.797204717258207,159.05433298793,0.7101458900410557,0.1965160943128864,0.025,0
226,0,2017,-1.418331488613774,0.172896059158559,28.5,0.2538086692488928,9.543396048009315,1,-9.289587378760423,9.797204717258207,22.0216802081618,-14.757848968308036,0.1534378834105726,0.025,0
231,0,2017,1.8468857269241288,0.1338839626671685,83.5,0.2538086692488928,9.543396048009315,1,-9.289587378760423,9.797204717258207,6398.142249968965,0.7102277078543366,0.0248837232827013,0.025,0
232,0,2017,3.768132664623774,0.0118812037120618,94.5,0.2538086692488928,9.543396048009315,1,-9.289587378760423,9.797204717258207,42.108370064705255,49.14470281775722,0.0027812249343891,0.025,1
233,0,2017,-0.2029700729898476,0.8441285787184775,54.5,0.2538086692488928,9.543396048009315,1,-9.289587378760423,9.797204717258207,2017.81801417216,0.1082931937133301,0.7856962962493347,0.025,0
234,0,2017,5.306392111812473,0.0016998246619541,94.5,0.2538086692488928,9.543396048009315,1,-9.289587378760423,9.797204717258207,0.0,9.806130627584956e+17,0.000732464103713,0.025,-99
238,0,2017,1.2045188879172204,0.2849455764541799,68.5,0.2538086692488928,9.543396048009315,1,-9.289587378760423,9.797204717258207,133.0003761249745,1.3477608706761404,0.2211162550702167,0.025,0
239,0,2017,6.9171625024892425,4.729705895759994e-07,93.5,0.2538086692488928,9.543396048009315,1,-9.289587378760423,9.797204717258207,20.1899939296508,221.107870976364,0.0034671931907658,0.025,1
242,0,2017,2.2383847506740064,0.0812654585233464,82.5,0.2538086692488928,9.543396048009315,1,-9.289587378760423,9.797204717258207,7.697683944145455,25.023865145706942,0.0296130943526454,0.025,0
246,0,2017,2.7509623955679,0.0123916124941325,92.5,0.2538086692488928,9.543396048009315,1,-9.289587378760423,9.797204717258207,22116.138998331506,1.388141130294761,0.0043038765583129,0.025,0
248,0,2017,-1.662983853804195,0.1164107990565203,37.5,0.2538086692488928,9.543396048009315,1,-9.289587378760423,9.797204717258207,26.190514154288,-0.3525940998167809,0.4146659024229229,0.025,0
250,0,2017,2.701563116288088,0.0322409272937798,84.5,0.2538086692488928,9.543396048009315,1,-9.289587378760423,9.797204717258207,2438.634883592005,4.830943802667888,0.0208229749459098,0.025,0
254,0,2017,3.739991980482584,0.0016966012769665,80.5,0.2538086692488928,9.543396048009315,1,-9.289587378760423,9.797204717258207,46.411141811071104,17.79239968363024,0.0414225387933013,0.025,0
258,0,2017,5.714272581592354,1.613684440681901e-05,94.5,0.2538086692488928,9.543396048009315,1,-9.289587378760423,9.797204717258207,16.1061573041442,516.788605518517,0.0027812249343891,0.025,1
262,0,2017,-1.7943627794064532,0.1322752145296673,25.5,0.2538086692488928,9.543396048009315,1,-9.289587378760423,9.797204717258207,147.79166655064398,-15.41101480490798,0.1028016422395197,0.025,0
266,0,2017,2.9719914653829367,0.0079740158105303,81.5,0.2538086692488928,9.543396048009315,1,-9.289587378760423,9.797204717258207,1511.6648258854698,6.384857277996414,0.0350957974192842,0.025,0
268,0,2017,2.273326888071684,0.0462098922593584,73.5,0.2538086692488928,9.543396048009315,1,-9.289587378760423,9.797204717258207,224.87084220570551,3.1053789748621794,0.1179480673610386,0.025,0
270,0,2017,3.657351561201458,0.0075762887260915,91.5,0.2538086692488928,9.543396048009315,1,-9.289587378760423,9.797204717258207,92.25264052484992,7.684591318333032,0.0053196860629577,0.025,0
276,0,2017,4.330665863822008,0.0002960951814285,87.5,0.2538086692488928,9.543396048009315,1,-9.289587378760423,9.797204717258207,3269.72141127952,3.5664780401727345,0.0118996445841574,0.025,0
288,0,2017,1.3514220672924109,0.2072565958713781,64.5,0.2538086692488928,9.543396048009315,1,-9.289587378760423,9.797204717258207,209.4555373140585,7.269008489810679,0.3412684763150512,0.025,0
292,0,2017,-0.4160500169897556,0.693193383024645,36.5,0.2538086692488928,9.543396048009315,1,-9.289587378760423,9.797204717258207,0.0376632545182171,-11.94550669740412,0.3764979240115691,0.025,0
296,0,2017,4.415953464693586,0.0001996862884872,79.5,0.2538086692488928,9.543396048009315,1,-9.289587378760423,9.797204717258207,0.0204498842057278,4355.648486373867,0.0435407306892292,0.025,-99
300,0,2017,6.309219474134776,3.573585575816028e-06,89.5,0.2538086692488928,9.543396048009315,1,-9.289587378760423,9.797204717258207,604.7769890696345,12.04121390178433,0.0080240023321337,0.025,1
304,0,2017,-5.347940377503952,2.08498166254229e-05,18.5,0.2538086692488928,9.543396048009315,1,-9.289587378760423,9.797204717258207,21800.4873603121,-20.69355857193559,0.0350957974192842,0.025,0
308,0,2017,1.512089299987563,0.1950550078839482,68.5,0.2538086692488928,9.543396048009315,1,-9.289587378760423,9.797204717258207,0.2741850675476315,31.746039262588592,0.2211162550702167,0.025,0
312,0,2017,-1.228120569205155,0.2708620946178015,29.5,0.2538086692488928,9.543396048009315,1,-9.289587378760423,9.797204717258207,0.4579164308179675,-6.222017888116913,0.173982817952602,0.025,0
316,0,2017,4.187293590052829,0.0036397885959775,93.5,0.2538086692488928,9.543396048009315,1,-9.289587378760423,9.797204717258207,0.3559036400939535,82.73048141852541,0.0034671931907658,0.025,1
320,0,2017,0.8127036404802522,0.4496595238183343,61.5,0.2538086692488928,9.543396048009315,1,-9.289587378760423,9.797204717258207,1064.95452479057,1.303048764471794,0.4546204062737812,0.025,0
324,0,2017,3.895918473518734,0.0073411184188877,92.5,0.2538086692488928,9.543396048009315,1,-9.289587378760423,9.797204717258207,50.1081193256396,38.344575713615946,0.0043038765583129,0.025,1
328,0,2017,4.783485536253105,0.0011971738164686,94.5,0.2538086692488928,9.543396048009315,1,-9.289587378760423,9.797204717258207,380.29502517026447,10.22747525063753,0.0027812249343891,0.025,1
332,0,2017,0.2943114941481417,0.7722599402524809,47.5,0.2538086692488928,9.543396048009315,1,-9.289587378760423,9.797204717258207,167.00883406076952,-0.8740091744442593,0.8918594638362826,0.025,0
334,0,2017,,,50.0,0.2538086692488928,9.543396048009315,1,-9.289587378760423,9.797204717258207,0.0,0.0,1.0,0.025,-99
336,0,2017,,,50.0,0.2538086692488928,9.543396048009315,1,-9.289587378760423,9.797204717258207,0.0,0.0,1.0,0.025,-99
340,0,2017,5.173309686932241,0.0003932659125958,93.5,0.2538086692488928,9.543396048009315,1,-9.289587378760423,9.797204717258207,434.6029044627165,9.599115693633692,0.0034671931907658,0.025,0
344,0,2017,-3.2321852134224907,0.0037000650235278,20.5,0.2538086692488928,9.543396048009315,1,-9.289587378760423,9.797204717258207,19.12697063182265,-4.730616470267615,0.0486896107022692,0.025,0
348,0,2017,5.344128693657721,2.037242151586146e-05,86.5,0.2538086692488928,9.543396048009315,1,-9.289587378760423,9.797204717258207,1101.34690790866,3.70297522295694,0.0143998647267011,0.025,0
352,0,2017,2.5987976818787435,0.0554606185336646,86.5,0.2538086692488928,9.543396048009315,1,-9.289587378760423,9.797204717258207,1465.559475659635,10.213408660368689,0.0143998647267011,0.025,1
356,0,2017,1.606233207807009,0.1781289893903033,69.5,0.2538086692488928,9.543396048009315,1,-9.289587378760423,9.797204717258207,7562.2898271103695,5.171206120654058,0.1965160943128864,0.025,0
360,0,2017,2.071521427485735,0.0941977770275025,78.5,0.2538086692488928,9.543396048009315,1,-9.289587378760423,9.797204717258207,8252.11754723512,7.464472265620274,0.0569983064105199,0.025,0
364,0,2017,3.6805078815359455,0.0047657619816248,88.5,0.2538086692488928,9.543396048009315,1,-9.289587378760423,9.797204717258207,58183.90513893255,1.724968033177409,0.009792195870725,0.025,0
368,0,2017,1.910744187983484,0.1177170569554477,75.5,0.2538086692488928,9.543396048009315,1,-9.289587378760423,9.797204717258207,1329.73644963852,65.16631140377503,0.0892445471085907,0.025,0
372,0,2017,3.49266531010993,0.0023503656579643,79.5,0.2538086692488928,9.543396048009315,1,-9.289587378760423,9.797204717258207,872.8918441366545,2.447444398796548,0.0486896107022692,0.025,0
376,0,2017,-1.3633386123262647,0.2087963132796933,34.5,0.2538086692488928,9.543396048009315,1,-9.289587378760423,9.797204717258207,453.1987737927965,-0.5059479688709002,0.307900293130149,0.025,0
380,0,2017,5.179405536815239,4.040727581605069e-05,89.5,0.2538086692488928,9.543396048009315,1,-9.289587378760423,9.797204717258207,1893.44097547679,2.748772439986095,0.0080240023321337,0.025,0
384,0,2017,-1.332649639688314,0.2260532315545496,29.5,0.2538086692488928,9.543396048009315,1,-9.289587378760423,9.797204717258207,180.175585534548,-5.13604388715064,0.173982817952602,0.025,0
388,0,2017,3.3054444701300083,0.0092346603176829,86.5,0.2538086692488928,9.543396048009315,1,-9.289587378760423,9.797204717258207,9.77382698302881,9.006730057668701,0.0143998647267011,0.025,0
392,0,2017,-1.904491303375936,0.0905235396614121,27.5,0.2538086692488928,9.543396048009315,1,-9.289587378760423,9.797204717258207,1614.6224729083951,-2.178169409974536,0.1347921615581339,0.025,0
398,0,2017,1.3076079357222004,0.2202466259177139,57.5,0.2538086692488928,9.543396048009315,1,-9.289587378760423,9.797204717258207,155345.299528918,-0.4000849840373147,0.6341948173294822,0.025,0
400,0,2017,-5.7750292600106725,1.3526572993360422e-05,7.5,0.2538086692488928,9.543396048009315,1,-9.289587378760423,9.797204717258207,444.282743779253,-1.7345870287658691,0.0043038765583129,0.025,0
404,0,2017,3.4139905465690124,0.0180296417075058,92.5,0.2538086692488928,9.543396048009315,1,-9.289587378760423,9.797204717258207,7635.99257010634,2.617935324304614,0.0043038765583129,0.025,0
408,0,2017,0.8502870347291891,0.4281653754138361,61.5,0.2538086692488928,9.543396048009315,1,-9.289587378760423,9.797204717258207,525.2404216917805,0.0281361266471937,0.4546204062737812,0.025,0
410,0,2017,2.797794009912103,0.0123735276142742,79.5,0.2538086692488928,9.543396048009315,1,-9.289587378760423,9.797204717258207,439.5454346745045,6.222272878261992,0.0486896107022692,0.025,0
414,0,2017,5.142191041088251,4.424330272773435e-05,86.5,0.2538086692488928,9.543396048009315,1,-9.289587378760423,9.797204717258207,15.60815399260025,65.56373692149371,0.0143998647267011,0.025,1
417,0,2017,0.2587848794250055,0.7994072101161551,49.5,0.2538086692488928,9.543396048009315,1,-9.289587378760423,9.797204717258207,6974.618539705825,-0.0335589274778319,1.0,0.025,0
418,0,2017,5.797608016598303,1.6547462561706212e-05,91.5,0.2538086692488928,9.543396048009315,1,-9.289587378760423,9.797204717258207,958.548949512752,13.10839455838102,0.0053196860629577,0.025,1
422,0,2017,-1.9917225367826303,0.0608632359985408,38.5,0.2538086692488928,9.543396048009315,1,-9.289587378760423,9.797204717258207,2.360112035129556,-7.201576413498326,0.4546204062737812,0.025,0
426,0,2017,-0.3877964808043241,0.7145188200277568,37.5,0.2538086692488928,9.543396048009315,1,-9.289587378760423,9.797204717258207,8.00682514509444,-20.794370444858043,0.4146659024229229,0.025,0
428,0,2017,1.8646180783660309,0.0847883481349489,65.5,0.2538086692488928,9.543396048009315,1,-9.289587378760423,9.797204717258207,784.8161538246504,0.7188199405097929,0.307900293130149,0.025,0
430,0,2017,-0.6190849323862795,0.5562227276843085,39.5,0.2538086692488928,9.543396048009315,1,-9.289587378760423,9.797204717258207,23.77584302664255,-6.042972999067364,0.4966573865420429,0.025,0
434,0,2017,0.2956207643037908,0.7804179577555995,48.5,0.2538086692488928,9.543396048009315,1,-9.289587378760423,9.797204717258207,42.15171615719375,-3.054927634302228,0.9458048585528952,0.025,0
438,0,2017,3.0249369579645338,0.0068776808135533,78.5,0.2538086692488928,9.543396048009315,1,-9.289587378760423,9.797204717258207,0.718603654648862,7.256851938916668,0.0569983064105199,0.025,0
440,0,2017,3.4122217132399566,0.0024039564953615,75.5,0.2538086692488928,9.543396048009315,1,-9.289587378760423,9.797204717258207,851.4916841457989,1.1144139359724332,0.0892445471085907,0.025,0
442,0,2017,-0.5113254839259699,0.6258518714303165,37.5,0.2538086692488928,9.543396048009315,1,-9.289587378760423,9.797204717258207,2.86464263320907,-2.775848813967454,0.4146659024229229,0.025,0
446,0,2017,-2.1469886113143613,0.0460787831478466,28.5,0.2538086692488928,9.543396048009315,1,-9.289587378760423,9.797204717258207,1.460885470427285,-9.94773238090249,0.1534378834105726,0.025,0
450,0,2017,-4.053361438730415,0.0061336815956471,6.5,0.2538086692488928,9.543396048009315,1,-9.289587378760423,9.797204717258207,2006.752830377495,-9.512538954114024,0.0034671931907658,0.025,-1
454,0,2017,-2.444203754967144,0.0505146272091356,16.5,0.2538086692488928,9.543396048009315,1,-9.289587378760423,9.797204717258207,24095.0572766926,-3.014378331490292,0.0248837232827013,0.025,0
458,0,2017,-0.0616760206637035,0.9530189979682016,55.5,0.2538086692488928,9.543396048009315,1,-9.289587378760423,9.797204717258207,718.3223732811965,2.082748474171068,0.7339474627492532,0.025,0
462,0,2017,-6.942189038310129,1.1770918998132362e-06,13.5,0.2538086692488928,9.543396048009315,1,-9.289587378760423,9.797204717258207,3.1739656455366303,-83.66480634909263,0.0143998647267011,0.025,-1
466,0,2017,1.040806056154879,0.3490067527222827,73.5,0.2538086692488928,9.543396048009315,1,-9.289587378760423,9.797204717258207,939.7229130652984,5.106945728862607,0.1179480673610386,0.025,0
470,0,2017,-4.985864703529621,6.360790438105419e-05,15.5,0.2538086692488928,9.543396048009315,1,-9.289587378760423,9.797204717258207,0.4461731034553585,-59.54903616192486,0.0208229749459098,0.025,-1
474,0,2017,-2.513085655408668,0.0426512285564908,16.5,0.2538086692488928,9.543396048009315,1,-9.289587378760423,9.797204717258207,0.8251477093559085,-3.538534651701071,0.0248837232827013,0.025,0
478,0,2017,2.7907984299781368,0.040232170146324,81.5,0.2538086692488928,9.543396048009315,1,-9.289587378760423,9.797204717258207,50.01263571974235,55.84062072402634,0.0350957974192842,0.025,0
480,0,2017,0.8407587969394243,0.4170932628252993,56.5,0.2538086692488928,9.543396048009315,1,-9.289587378760423,9.797204717258207,13.45793494654,1.0892848790266216,0.6833800574551345,0.025,0
484,0,2017,1.4609035924459417,0.1667679600888263,62.5,0.2538086692488928,9.543396048009315,1,-9.289587378760423,9.797204717258207,5580.023386925345,2.6122734152057525,0.4146659024229229,0.025,0
492,0,2017,2.4188745261837203,0.0581535568792219,79.5,0.2538086692488928,9.543396048009315,1,-9.289587378760423,9.797204717258207,0.073791753349246,5.025241257024738,0.0486896107022692,0.025,0
496,0,2017,-3.229013493202724,0.0037130419126748,20.5,0.2538086692488928,9.543396048009315,1,-9.289587378760423,9.797204717258207,13929.85499041815,-0.565931562997425,0.0486896107022692,0.025,0
498,0,2017,-1.1343060938353584,0.2691742321237739,37.5,0.2538086692488928,9.543396048009315,1,-9.289587378760423,9.797204717258207,239.27051931106848,-1.1460869984523094,0.4146659024229229,0.025,0
499,0,2017,-0.3739464847901893,0.7234831661794592,46.5,0.2538086692488928,9.543396048009315,1,-9.289587378760423,9.797204717258207,19.1132918921055,-0.2951732162291981,0.838410115171209,0.025,0
500,0,2017,-6.042329262295775,8.022756559642371e-06,12.5,0.2538086692488928,9.543396048009315,1,-9.289587378760423,9.797204717258207,0.3030045557064095,-96.21124210386644,0.0118996445841574,0.025,-1
504,0,2017,0.2200094196328234,0.8280904648173815,54.5,0.2538086692488928,9.543396048009315,1,-9.289587378760423,9.797204717258207,131.1499741395165,6.006435744262925,0.7856962962493347,0.025,0
508,0,2017,-2.228908635644608,0.0645367048596375,21.5,0.2538086692488928,9.543396048009315,1,-9.289587378760423,9.797204717258207,8328.324771520394,-1.2727010911061476,0.0569983064105199,0.025,0
512,0,2017,0.1852889880992847,0.8547715892370868,49.5,0.2538086692488928,9.543396048009315,1,-9.289587378760423,9.797204717258207,35.900786218776446,3.4767117269647763,1.0,0.025,0
516,0,2017,-0.9488469559477516,0.3537303136182448,53.5,0.2538086692488928,9.543396048009315,1,-9.289587378760423,9.797204717258207,283.418073045202,1.1353965250415747,0.838410115171209,0.025,0
520,0,2017,5.37078644714028,2.1265683792112587e-05,80.0,0.2538086692488928,9.543396048009315,1,-9.289587378760423,9.797204717258207,0.0,4488621832843980.0,0.0231523626637579,0.025,-99
524,0,2017,-0.4585423740173629,0.6635281246336425,42.5,0.2538086692488928,9.543396048009315,1,-9.289587378760423,9.797204717258207,206.3514877966525,-1.7767585496463758,0.6341948173294822,0.025,0
528,0,2017,4.70769795372342,9.98888869875457e-05,92.5,0.2538086692488928,9.543396048009315,1,-9.289587378760423,9.797204717258207,501.56710589288,5.5531265585423935,0.0043038765583129,0.025,0
531,0,2017,-2.7403294896821846,0.0185321778212346,20.5,0.2538086692488928,9.543396048009315,1,-9.289587378760423,9.797204717258207,3.142442423112775,-4.072459793312884,0.0486896107022692,0.025,0
533,0,2017,-1.2684628449626862,0.2313390433008592,35.5,0.2538086692488928,9.543396048009315,1,-9.289587378760423,9.797204717258207,0.4804234123266045,-1.6345863194901604,0.3412684763150512,0.025,0
534,0,2017,0.0457769421308887,0.964111703865324,40.5,0.2538086692488928,9.543396048009315,1,-9.289587378760423,9.797204717258207,3.648942406207445,-1.3409226563792285,0.5406815690956761,0.025,0
540,0,2017,-2.622683995168852,0.0261779370122178,19.5,0.2538086692488928,9.543396048009315,1,-9.289587378760423,9.797204717258207,37.53370862771955,-10.715727359149366,0.0414225387933013,0.025,0
548,0,2017,2.0834530143480072,0.0489069695698114,55.5,0.2538086692488928,9.543396048009315,1,-9.289587378760423,9.797204717258207,27.21587921678395,0.3003246873146927,0.7339474627492532,0.025,0
554,0,2017,0.8999285734864905,0.3948047657800004,60.5,0.2538086692488928,9.543396048009315,1,-9.289587378760423,9.797204717258207,3277.004706341455,0.813494544690391,0.4966573865420429,0.025,0
558,0,2017,0.7162397047073554,0.4967366672901375,55.5,0.2538086692488928,9.543396048009315,1,-9.289587378760423,9.797204717258207,9324.44404382119,0.0529323948797873,0.7339474627492532,0.025,0
562,0,2017,0.8388656909067891,0.4450953153299362,64.5,0.2538086692488928,9.543396048009315,1,-9.289587378760423,9.797204717258207,158.883134358505,8.415749632625651,0.3412684763150512,0.025,0
566,0,2017,0.759840305589014,0.4587125344722291,57.5,0.2538086692488928,9.543396048009315,1,-9.289587378760423,9.797204717258207,1635.7704169474,1.9975925146964408,0.6341948173294822,0.025,0
570,0,2017,6.692537400581512,1.1334078088758303e-06,80.5,0.2538086692488928,9.543396048009315,1,-9.289587378760423,9.797204717258207,0.0,1.0665416182018798e+16,0.0209845977494478,0.025,-99
574,0,2017,1.6920102810738848,0.1335530899432765,81.5,0.2538086692488928,9.543396048009315,1,-9.289587378760423,9.797204717258207,0.0,78391615534199.98,0.0168518427116284,0.025,-99
578,0,2017,3.01317581302458,0.0118240167551149,84.5,0.2538086692488928,9.543396048009315,1,-9.289587378760423,9.797204717258207,11774.96692520545,1.932145542139428,0.0208229749459098,0.025,0
580,0,2017,5.167031563121737,3.194010608231458e-05,86.5,0.2538086692488928,9.543396048009315,1,-9.289587378760423,9.797204717258207,0.991429465577375,97.33823008006902,0.0143998647267011,0.025,1
583,0,2017,4.582145333351988,0.0001723609899227,81.5,0.2538086692488928,9.543396048009315,1,-9.289587378760423,9.797204717258207,1.430568384236025,50.031085081973856,0.0349552803931203,0.025,0
584,0,2017,6.974261827687733,4.672591986755841e-07,95.5,0.2538086692488928,9.543396048009315,1,-9.289587378760423,9.797204717258207,0.2596137905722785,110.58232115311498,0.0022214145869887,0.025,1
585,0,2017,4.012697623157096,0.0020072143836625,91.5,0.2538086692488928,9.543396048009315,1,-9.289587378760423,9.797204717258207,0.5384783352499225,18.6432527101826,0.0053196860629577,0.025,1
586,0,2017,2.812889172199774,0.0284408291111688,85.5,0.2538086692488928,9.543396048009315,1,-9.289587378760423,9.797204717258207,2178.19797345676,19.33321605036421,0.0173523891907614,0.025,1
591,0,2017,0.8948074278023841,0.4007158381990178,54.5,0.2538086692488928,9.543396048009315,1,-9.289587378760423,9.797204717258207,43.5928140368751,-0.1774936259880999,0.7856962962493347,0.025,0
598,0,2017,4.147842163486411,0.0005018719848273,91.5,0.2538086692488928,9.543396048009315,1,-9.289587378760423,9.797204717258207,2318.57447413494,6.005259184296379,0.0053196860629577,0.025,0
600,0,2017,0.1368931291953624,0.8967670498758762,50.5,0.2538086692488928,9.543396048009315,1,-9.289587378760423,9.797204717258207,1300.672032836515,6.075196865201385,1.0,0.025,0
604,0,2017,-2.305695598432061,0.0647704130151515,16.5,0.2538086692488928,9.543396048009315,1,-9.289587378760423,9.797204717258207,12302.7453209813,-4.129960600480611,0.0248837232827013,0.025,0
608,0,2017,-0.8994074221143823,0.4020868988208225,39.5,0.2538086692488928,9.543396048009315,1,-9.289587378760423,9.797204717258207,2451.722095751385,-1.8639819199438763,0.4966573865420429,0.025,0
612,0,2017,0.764601454756257,0.4778762990780514,60.0,0.2538086692488928,9.543396048009315,1,-9.289587378760423,9.797204717258207,0.0,0.0,0.3833285226481784,0.025,-99
616,0,2017,3.0922517118288355,0.0062484320405431,76.5,0.2538086692488928,9.543396048009315,1,-9.289587378760423,9.797204717258207,3084.864508929475,0.667685679412964,0.0771659313616824,0.025,0
620,0,2017,3.3583019618826304,0.0029195481091885,78.5,0.2538086692488928,9.543396048009315,1,-9.289587378760423,9.797204717258207,178.0401478401635,7.76884899664706,0.0569983064105199,0.025,0
624,0,2017,1.43693687734932,0.2025962579758809,67.5,0.2538086692488928,9.543396048009315,1,-9.289587378760423,9.797204717258207,44.08804511351025,25.63308124316009,0.2478491239282134,0.025,0
626,0,2017,-3.381427004960033,0.0047161043586846,16.5,0.2538086692488928,9.543396048009315,1,-9.289587378760423,9.797204717258207,4.90315513247145,-31.888910869036096,0.0248837232827013,0.025,-1
630,0,2017,5.501847131942596,0.0002968149188227,93.5,0.2538086692488928,9.543396048009315,1,-9.289587378760423,9.797204717258207,20.63293138507585,22.36229423826917,0.0034671931907658,0.025,1
634,0,2017,3.8363868080142254,0.0076185436355636,90.5,0.2538086692488928,9.543396048009315,1,-9.289587378760423,9.797204717258207,12.6285222393707,27.68310859632226,0.0065472876128609,0.025,1
638,0,2017,4.5010742482371375,0.0001917920285098,91.5,0.2538086692488928,9.543396048009315,1,-9.289587378760423,9.797204717258207,3.999488791135965,23.66666047181495,0.0053108816059799,0.025,1
642,0,2017,2.294058635276013,0.0318461718045043,70.5,0.2538086692488928,9.543396048009315,1,-9.289587378760423,9.797204717258207,1643.628561616175,2.32200439640008,0.173982817952602,0.025,0
643,0,2017,3.4938002460941258,0.0019678599152115,79.5,0.2538086692488928,9.543396048009315,1,-9.289587378760423,9.797204717258207,412064.665353882,3.002135473612859,0.0486896107022692,0.025,0
646,0,2017,5.971198236525176,6.14342240289458e-06,93.5,0.2538086692488928,9.543396048009315,1,-9.289587378760423,9.797204717258207,1498.9513505477548,1.235323564900804,0.0034671931907658,0.025,0
652,0,2017,-0.8631139791403611,0.4293853776895687,40.5,0.2538086692488928,9.543396048009315,1,-9.289587378760423,9.797204717258207,0.1546228668500679,-2.595764967958361,0.5406815690956761,0.025,0
654,0,2017,5.428711674082794,1.694754788955394e-05,80.5,0.2538086692488928,9.543396048009315,1,-9.289587378760423,9.797204717258207,0.0,1.99237260660476e+16,0.0306349802515739,0.025,-99
659,0,2017,0.5988365428616736,0.565786721775978,51.5,0.2538086692488928,9.543396048009315,1,-9.289587378760423,9.797204717258207,0.2051559171416825,-0.3874524445758758,0.9458048585528952,0.025,0
660,0,2017,0.4034992199348203,0.6918740821751068,45.5,0.2538086692488928,9.543396048009315,1,-9.289587378760423,9.797204717258207,1.40774191184147,-3.068307725164484,0.7856962962493347,0.025,0
662,0,2017,0.8060579128310098,0.4502578026244065,63.5,0.2538086692488928,9.543396048009315,1,-9.289587378760423,9.797204717258207,0.2026128109964525,11.296864118179643,0.3768657114368939,0.025,0
663,0,2017,3.6143346593071417,0.0081936788527085,88.5,0.2538086692488928,9.543396048009315,1,-9.289587378760423,9.797204717258207,5.3831848585135855,2.45064941299232,0.009792195870725,0.025,0
666,0,2017,1.720701109380647,0.1219303610674284,67.5,0.2538086692488928,9.543396048009315,1,-9.289587378760423,9.797204717258207,4.718095856955085,0.0190096694697905,0.2478491239282134,0.025,0
670,0,2017,-1.3416165461791345,0.2182749493540108,34.5,0.2538086692488928,9.543396048009315,1,-9.289587378760423,9.797204717258207,0.273975854424997,-5.449057375938918,0.307900293130149,0.025,0
674,0,2017,3.0075023561977816,0.0269521383132624,82.5,0.2538086692488928,9.543396048009315,1,-9.289587378760423,9.797204717258207,0.0,32521258382229.992,0.0052191188917958,0.025,-99
678,0,2017,0.764601454756257,0.4778762990780513,60.0,0.2538086692488928,9.543396048009315,1,-9.289587378760423,9.797204717258207,0.0,0.0,0.3833285226481784,0.025,-99
682,0,2017,4.601234931196705,0.0007445560055922,90.5,0.2538086692488928,9.543396048009315,1,-9.289587378760423,9.797204717258207,112.0375892160765,39.19726305489529,0.0065472876128609,0.025,1
686,0,2017,3.540282938227348,0.0048205669033046,84.5,0.2538086692488928,9.543396048009315,1,-9.289587378760423,9.797204717258207,474.161530657439,12.951013815813766,0.0208229749459098,0.025,1
688,0,2017,0.0235855129968705,0.981546220930804,47.5,0.2538086692488928,9.543396048009315,1,-9.289587378760423,9.797204717258207,416.6933784537385,-0.0227505824753681,0.8918594638362826,0.025,0
690,0,2017,-0.4718777772752332,0.6459612883805999,43.5,0.2538086692488928,9.543396048009315,1,-9.289587378760423,9.797204717258207,1.33461605504397,3.2803537664423983,0.6833800574551345,0.025,0
694,0,2017,0.3045420378247996,0.7725882934017816,60.5,0.2538086692488928,9.543396048009315,1,-9.289587378760423,9.797204717258207,75.2624441325512,1.331113151758662,0.4966573865420429,0.025,0
702,0,2017,-2.708907803975404,0.0194542861516598,23.5,0.2538086692488928,9.543396048009315,1,-9.289587378760423,9.797204717258207,11.83745045671205,-13.0789849679893,0.0771659313616824,0.025,0
703,0,2017,4.049788113394151,0.0007558865276586,90.5,0.2538086692488928,9.543396048009315,1,-9.289587378760423,9.797204717258207,102.2230269763225,2.298614892990559,0.0065472876128609,0.025,0
704,0,2017,-0.1679468772773915,0.8702914451014256,43.5,0.2538086692488928,9.543396048009315,1,-9.289587378760423,9.797204717258207,2685.1660264778902,-0.2247101579079885,0.6833800574551345,0.025,0
705,0,2017,4.670190385896288,0.0004575184398887,90.5,0.2538086692488928,9.543396048009315,1,-9.289587378760423,9.797204717258207,37.164912200551,11.66347238878996,0.0065472876128609,0.025,1
706,0,2017,1.4842638852775265,0.2076394109110904,64.5,0.2538086692488928,9.543396048009315,1,-9.289587378760423,9.797204717258207,53.25887277274936,83.58093044708296,0.3412684763150512,0.025,0
710,0,2017,-0.2046898200193698,0.8416981698868558,44.5,0.2538086692488928,9.543396048009315,1,-9.289587378760423,9.797204717258207,1362.51879692163,-0.5398745907314703,0.7339474627492532,0.025,0
716,0,2017,-0.1800875091351179,0.8647036527903851,53.5,0.2538086692488928,9.543396048009315,1,-9.289587378760423,9.797204717258207,416.9422284496695,2.9797914261565928,0.838410115171209,0.025,0
724,0,2017,1.6010056433749589,0.1272521643908423,70.5,0.2538086692488928,9.543396048009315,1,-9.289587378760423,9.797204717258207,558.0061673396531,7.937463934082125,0.173982817952602,0.025,0
728,0,2017,-2.0369203097414803,0.0801826546766086,21.5,0.2538086692488928,9.543396048009315,1,-9.289587378760423,9.797204717258207,665.0654846078035,-19.48939586418835,0.0569983064105199,0.025,0
729,0,2017,7.581469867107485,1.1421735126014168e-07,95.5,0.2538086692488928,9.543396048009315,1,-9.289587378760423,9.797204717258207,335.3790030735165,284.48298236005,0.0022214145869887,0.025,1
732,0,2017,-2.21927593220787,0.0380227243781419,33.5,0.2538086692488928,9.543396048009315,1,-9.289587378760423,9.797204717258207,14.3958986275077,-1.406677464970862,0.2767657228601765,0.025,0
740,0,2017,1.750444680200005,0.1356844586527691,74.5,0.2538086692488928,9.543396048009315,1,-9.289587378760423,9.797204717258207,159.9237048690995,5.308291732300139,0.1028016422395197,0.025,0
744,0,2017,1.6019121292228908,0.1844332704899433,78.5,0.2538086692488928,9.543396048009315,1,-9.289587378760423,9.797204717258207,0.0,71034817248760.0,0.0028770378029029,0.025,-99
748,0,2017,-1.9238699304170497,0.0965087135711016,24.5,0.2538086692488928,9.543396048009315,1,-9.289587378760423,9.797204717258207,10.240144358011284,-34.57396897392785,0.0892445471085907,0.025,0
752,0,2017,2.67092208071146,0.0142834435891365,72.5,0.2538086692488928,9.543396048009315,1,-9.289587378760423,9.797204717258207,25321.694310696,0.3591468254017568,0.1347921615581339,0.025,0
756,0,2017,2.033152897856424,0.1015633389641324,78.5,0.2538086692488928,9.543396048009315,1,-9.289587378760423,9.797204717258207,1288.9824662504302,0.0924987282439957,0.0569983064105199,0.025,0
760,0,2017,-1.2661212724862143,0.2592138340619553,32.5,0.2538086692488928,9.543396048009315,1,-9.289587378760423,9.797204717258207,388.99725641165,-8.398736715465065,0.2478491239282134,0.025,0
762,0,2017,1.7785646492040303,0.127025652590263,73.5,0.2538086692488928,9.543396048009315,1,-9.289587378760423,9.797204717258207,1153.79517681305,1.5081362405131002,0.1179480673610386,0.025,0
764,0,2017,1.0428605212444144,0.3367703443214127,65.5,0.2538086692488928,9.543396048009315,1,-9.289587378760423,9.797204717258207,2167.65542947793,4.85469479220067,0.307900293130149,0.025,0
768,0,2017,1.817845937276588,0.1166951726010274,72.5,0.2538086692488928,9.543396048009315,1,-9.289587378760423,9.797204717258207,9.934214820764051,4.992691759416799,0.1347921615581339,0.025,0
772,0,2017,2.7326007098689447,0.0132241151396594,79.5,0.2538086692488928,9.543396048009315,1,-9.289587378760423,9.797204717258207,58.5602039949972,0.8752613743013772,0.0482561209889665,0.025,0
776,0,2017,4.555401668606607,0.0028395962413362,93.5,0.2538086692488928,9.543396048009315,1,-9.289587378760423,9.797204717258207,6.68684201009375,110.96548705245122,0.0034671931907658,0.025,1
780,0,2017,1.3470647852832995,0.2166420725828928,66.5,0.2538086692488928,9.543396048009315,1,-9.289587378760423,9.797204717258207,6.516771970415155,2.9410397747362893,0.2767657228601765,0.025,0
784,0,2017,3.61673232488258,0.0121673594323606,91.5,0.2538086692488928,9.543396048009315,1,-9.289587378760423,9.797204717258207,29.13199962976175,23.32518303904196,0.0053196860629577,0.025,1
788,0,2017,2.713780849601386,0.0300842625364358,84.5,0.2538086692488928,9.543396048009315,1,-9.289587378760423,9.797204717258207,75.02724207768219,11.687347618431216,0.0208229749459098,0.025,1
792,0,2017,-1.8543761509253736,0.1016942091743411,24.5,0.2538086692488928,9.543396048009315,1,-9.289587378760423,9.797204717258207,7304.28899405081,-1.7328727157129429,0.0892445471085907,0.025,0
795,0,2017,6.0160818091770025,3.9060670598349685e-06,81.5,0.2538086692488928,9.543396048009315,1,-9.289587378760423,9.797204717258207,85977.3215515831,2.9918216649640854,0.0350957974192842,0.025,0
796,0,2017,1.1833699392401484,0.2572817363824946,60.5,0.2538086692488928,9.543396048009315,1,-9.289587378760423,9.797204717258207,17.0782639725191,1.8310139424895888,0.4966573865420429,0.025,0
798,0,2017,5.380995400130917,1.8266904881111574e-05,92.5,0.2538086692488928,9.543396048009315,1,-9.289587378760423,9.797204717258207,0.0658012441131195,50.18558162352452,0.0042964314369015,0.025,1
800,0,2017,0.6070137561173159,0.5721120350038568,57.5,0.2538086692488928,9.543396048009315,1,-9.289587378760423,9.797204717258207,7857.40239266688,-0.1937522583870485,0.6341948173294822,0.025,0
804,0,2017,-3.021281529460777,0.0101895794964834,19.5,0.2538086692488928,9.543396048009315,1,-9.289587378760423,9.797204717258207,4020.6413683194,-2.6608878136895044,0.0414225387933013,0.025,0
807,0,2017,0.7624185476650444,0.4648051558825996,57.5,0.2538086692488928,9.543396048009315,1,-9.289587378760423,9.797204717258207,456.1061992340275,0.0411184965984793,0.6341948173294822,0.025,0
818,0,2017,0.0352018334901137,0.9733219105955532,39.5,0.2538086692488928,9.543396048009315,1,-9.289587378760423,9.797204717258207,1878.7203999365047,-18.534844214561875,0.4966573865420429,0.025,0
826,0,2017,2.7510438953233343,0.0123630838656888,73.5,0.2538086692488928,9.543396048009315,1,-9.289587378760423,9.797204717258207,1786.4637946233702,2.0323319035533087,0.1179480673610386,0.025,0
831,0,2017,4.166408433174397,0.0008375508239288,87.5,0.2538086692488928,9.543396048009315,1,-9.289587378760423,9.797204717258207,0.7355467124014645,33.61582115803062,0.0118996445841574,0.025,1
832,0,2017,4.564357309816389,0.000270119066222,92.5,0.2538086692488928,9.543396048009315,1,-9.289587378760423,9.797204717258207,0.4374949305549985,26.4266758754561,0.0043038765583129,0.025,1
833,0,2017,2.2512957702344574,0.065866379612711,83.5,0.2538086692488928,9.543396048009315,1,-9.289587378760423,9.797204717258207,0.6007849525815495,19.243519582443657,0.0248837232827013,0.025,1
834,0,2017,1.2665098999264552,0.2725987996657859,60.5,0.2538086692488928,9.543396048009315,1,-9.289587378760423,9.797204717258207,20614.13340098045,1.045524700742936,0.4966573865420429,0.025,0
840,0,2017,2.5831724318563545,0.0234438680692473,78.5,0.2538086692488928,9.543396048009315,1,-9.289587378760423,9.797204717258207,251791.583804868,0.6214615370125645,0.0569983064105199,0.025,0
850,0,2017,0.4490505485402341,0.6590238525140635,44.5,0.2538086692488928,9.543396048009315,1,-9.289587378760423,9.797204717258207,1.4981791655919898,-3.3986083722350005,0.7339474627492532,0.025,0
854,0,2017,4.638926490125114,0.0008499015644883,93.5,0.2538086692488928,9.543396048009315,1,-9.289587378760423,9.797204717258207,82.07093655259425,32.87022615583887,0.0034671931907658,0.025,1
858,0,2017,1.488773346847628,0.1710902393998288,63.5,0.2538086692488928,9.543396048009315,1,-9.289587378760423,9.797204717258207,831.474621955118,0.8001860615605412,0.3768657114368939,0.025,0
860,0,2017,-3.9207572576548495,0.0006995732082482,13.5,0.2538086692488928,9.543396048009315,1,-9.289587378760423,9.797204717258207,10409.7517933699,-20.929653340794232,0.0143998647267011,0.025,-1
862,0,2017,-0.4880256525763253,0.6450587403114559,39.5,0.2538086692488928,9.543396048009315,1,-9.289587378760423,9.797204717258207,5116.147714463064,-0.7999214894634754,0.4966573865420429,0.025,0
876,0,2017,7.188611298714349,3.466991826076216e-07,90.5,0.2538086692488928,9.543396048009315,1,-9.289587378760423,9.797204717258207,0.069114675412443,854.3462001305242,0.0065369298062659,0.025,1
882,0,2017,2.55000101925852,0.0180790664206644,73.5,0.2538086692488928,9.543396048009315,1,-9.289587378760423,9.797204717258207,2.49653984159585,3.180716925730298,0.1179480673610386,0.025,0
887,0,2017,3.564548197003548,0.0145361237813216,92.5,0.2538086692488928,9.543396048009315,1,-9.289587378760423,9.797204717258207,49.1854861036484,27.686778779351485,0.0043038765583129,0.025,1
894,0,2017,-2.014427819810324,0.0677590245473818,26.5,0.2538086692488928,9.543396048009315,1,-9.289587378760423,9.797204717258207,9143.685970672135,-0.5959612673534328,0.1179480673610386,0.025,0
999,0,2017,-2.395768981303521,0.0269630737878364,24.5,0.2538086692488928,9.543396048009315,1,-9.289587378760423,9.797204717258207,140.5540260225,-8.422681259564147,0.0892445471085907,0.025,0
1011,0,2017,5.841972964108183,9.674437921550476e-06,95.5,0.2538086692488928,9.543396048009315,1,-9.289587378760423,9.797204717258207,14.862663237790253,46.6969774782015,0.0022214145869887,0.025,1
1012,0,2017,1.6555094461677584,0.1203469521761741,65.5,0.2538086692488928,9.543396048009315,1,-9.289587378760423,9.797204717258207,23.1721311452001,2.5950580612658007,0.307900293130149,0.025,0
1013,0,2017,4.901088307823047,0.001299803346689,95.5,0.2538086692488928,9.543396048009315,1,-9.289587378760423,9.797204717258207,554.7822213433905,8.40809192033732,0.0022214145869887,0.025,0
1014,0,2017,-4.80531320541061,0.0002216284896833,13.5,0.2538086692488928,9.543396048009315,1,-9.289587378760423,9.797204717258207,126.95327031241852,-5.024188338146014,0.0143998647267011,0.025,0
1015,0,2017,0.8790324090614416,0.4072486713575072,69.0,0.2538086692488928,9.543396048009315,1,-9.289587378760423,9.797204717258207,0.0,87323214393099.98,0.1732014129311105,0.025,-99
1016,0,2017,,,50.0,0.2538086692488928,9.543396048009315,1,-9.289587378760423,9.797204717258207,0.0,0.0,1.0,0.025,-99
1017,0,2017,,,50.0,0.2538086692488928,9.543396048009315,1,-9.289587378760423,9.797204717258207,0.0,0.0,1.0,0.025,-99
1018,0,2017,,,50.0,0.2538086692488928,9.543396048009315,1,-9.289587378760423,9.797204717258207,0.0,0.0,1.0,0.025,-99
1019,0,2017,,,50.0,0.2538086692488928,9.543396048009315,1,-9.289587378760423,9.797204717258207,0.0,0.0,1.0,0.025,-99
1021,0,2017,1.364448250542977,0.2271629641261705,75.5,0.2538086692488928,9.543396048009315,1,-9.289587378760423,9.797204717258207,5.53307724787555,5.3059911165493485,0.0892445471085907,0.025,0
1023,0,2017,,,50.0,0.2538086692488928,9.543396048009315,1,-9.289587378760423,9.797204717258207,0.0,0.0,1.0,0.025,-99
1025,0,2017,,,50.0,0.2538086692488928,9.543396048009315,1,-9.289587378760423,9.797204717258207,0.0,0.0,1.0,0.025,-99
1027,0,2017,-1.309389958080697,0.2037156816676764,44.5,0.2538086692488928,9.543396048009315,1,-9.289587378760423,9.797204717258207,0.946568146768693,-1.214243622066619,0.7339474627492532,0.025,0
1029,0,2017,2.450358248934446,0.0439075548318642,81.5,0.2538086692488928,9.543396048009315,1,-9.289587378760423,9.797204717258207,0.0299416466441471,626.5314832447465,0.0350606535088773,0.025,0
1031,0,2017,,,50.0,0.2538086692488928,9.543396048009315,1,-9.289587378760423,9.797204717258207,0.0,0.0,1.0,0.025,-99
1032,0,2017,,,50.0,0.2538086692488928,9.543396048009315,1,-9.289587378760423,9.797204717258207,0.0,0.0,1.0,0.025,-99
1033,0,2017,,,50.0,0.2538086692488928,9.543396048009315,1,-9.289587378760423,9.797204717258207,0.0,0.0,1.0,0.025,-99
1034,0,2017,,,50.0,0.2538086692488928,9.543396048009315,1,-9.289587378760423,9.797204717258207,0.0,0.0,1.0,0.025,-99
1035,0,2017,,,50.0,0.2538086692488928,9.543396048009315,1,-9.289587378760423,9.797204717258207,0.0,0.0,1.0,0.025,-99
1036,0,2017,-0.4793693825560254,0.6487193415056253,37.5,0.2538086692488928,9.543396048009315,1,-9.289587378760423,9.797204717258207,48.8473475497539,-1.886589370749857,0.4146659024229229,0.025,0
1038,0,2017,2.5235598457335486,0.0197154157361442,66.5,0.2538086692488928,9.543396048009315,1,-9.289587378760423,9.797204717258207,1.6370386213766102,7.950388339834888,0.2767657228601765,0.025,0
1039,0,2017,7.549834435270749,3.9182110854728537e-07,87.5,0.2538086692488928,9.543396048009315,1,-9.289587378760423,9.797204717258207,0.0,1.56997474781283e+16,0.0030763904234761,0.025,-99
1040,0,2017,-3.016663770759028,0.00917082615272,22.5,0.2538086692488928,9.543396048009315,1,-9.289587378760423,9.797204717258207,0.0026732030638502,-36.44788954110425,0.0639993022428066,0.025,-99
1041,0,2017,,,50.0,0.2538086692488928,9.543396048009315,1,-9.289587378760423,9.797204717258207,0.0,0.0,1.0,0.025,-99
1042,0,2017,2.0207855196247024,0.0783464590805723,81.5,0.2538086692488928,9.543396048009315,1,-9.289587378760423,9.797204717258207,0.0,1382839900016889.8,0.0198007244646298,0.025,-99
1043,0,2017,,,50.0,0.2538086692488928,9.543396048009315,1,-9.289587378760423,9.797204717258207,0.0,0.0,1.0,0.025,-99
1044,0,2017,0.7646014547562572,0.4778762990780514,60.0,0.2538086692488928,9.543396048009315,1,-9.289587378760423,9.797204717258207,0.0,0.0,0.3833285226481784,0.025,-99
1046,0,2017,0.9679274917013784,0.378116569849329,62.5,0.2538086692488928,9.543396048009315,1,-9.289587378760423,9.797204717258207,0.0,0.0,0.2396927627322719,0.025,-99
1047,0,2017,,,50.0,0.2538086692488928,9.543396048009315,1,-9.289587378760423,9.797204717258207,0.0,0.0,1.0,0.025,-99
1048,0,2017,1.0023472366861887,0.3532029274518482,81.0,0.2538086692488928,9.543396048009315,1,-9.289587378760423,9.797204717258207,0.0,281974086035770.0,0.0188800406718216,0.025,-99
1049,0,2017,-6.128319071923073,2.990045498318166e-06,4.5,0.2538086692488928,9.543396048009315,1,-9.289587378760423,9.797204717258207,179.929819457489,-2.398101588041363,0.0022214145869887,0.025,0
1052,0,2017,0.0565529559011052,0.9569421323012082,46.5,0.2538086692488928,9.543396048009315,1,-9.289587378760423,9.797204717258207,889.8296657419976,-0.1463673095587926,0.838410115171209,0.025,0
1068,0,2017,-5.965429823967514,5.808521137552511e-06,10.0,0.2538086692488928,9.543396048009315,1,-9.289587378760423,9.797204717258207,0.0096571990930219,-91.16765084467151,0.007218370861576,0.025,-99
1082,0,2017,1.2162727949559025,0.2737720699454963,66.5,0.2538086692488928,9.543396048009315,1,-9.289587378760423,9.797204717258207,0.0,963911600410930.0,0.1849445139416557,0.025,-99
1097,0,2017,2.936998815043804,0.007579866683748,77.5,0.2538086692488928,9.543396048009315,1,-9.289587378760423,9.797204717258207,264.297188917207,7.497697170762022,0.0664541497999626,0.025,0
1098,0,2017,1.3976104601766568,0.2343795237060961,75.5,0.2538086692488928,9.543396048009315,1,-9.289587378760423,9.797204717258207,0.2750253670754174,6.3893570294455,0.0892445471085907,0.025,0
