id_bgl,start_year,basin_level,seasonal_area
4,2000,0,-43.47859397868659
4,2005,0,38.428278599822505
4,2010,0,-2.6811533065377486
4,2015,0,16.56326643088923
4,2017,0,23.91338446126583
8,2000,0,-8.598496305142806
8,2005,0,-6.202763459613286
8,2010,0,2.292779562059481
8,2015,0,14.957579917207319
8,2017,0,17.415877502768243
12,2000,0,-16.62090453095424
12,2005,0,-3.2930941645960625
12,2010,0,20.90445755467285
12,2015,0,19.37423713593629
12,2017,0,3.848559061257579
16,2000,0,-1.6965029698828107
16,2005,0,-41.582105454761894
16,2010,0,16.560273578440697
16,2015,0,6.866462835758144
16,2017,0,-9.996958025298353
20,2000,0,-43.92943478569155
20,2005,0,-3.030848851670611
20,2010,0,24.256332227272594
20,2015,0,154.82057561652653
20,2017,0,189.6595098361753
24,2000,0,-0.22797644087718294
24,2005,0,-5.70835065880217
24,2010,0,2.603742298169514
24,2015,0,46.299516171088776
24,2017,0,71.67850277936199
28,2000,0,-21.46006579931192
28,2005,0,-2.5669023607656443
28,2010,0,0.9748388780366166
28,2015,0,20.692571330440128
28,2017,0,26.339101662599706
31,2000,0,-15.180979523364236
31,2005,0,-3.191050821566641
31,2010,0,9.3519271758365
31,2015,0,0.30160458705430504
31,2017,0,-2.8036046449951524
32,2000,0,4.110297829925294
32,2005,0,-24.317677351299725
32,2010,0,-10.286416524205478
32,2015,0,25.68944640221071
32,2017,0,1.8619673257970784
36,2000,0,20.34901681780226
36,2005,0,-0.14506287358571018
36,2010,0,0.14506287358571018
36,2015,0,-15.197860568970773
36,2017,0,4.37577902614633
40,2000,0,-23.33146249617842
40,2005,0,-4.513680801464618
40,2010,0,1.9410442415130742
40,2015,0,19.87833936580757
40,2017,0,28.680507283318903
44,2000,0,0.330304174806743
44,2005,0,-2.1094315135900708
44,2010,0,-11.448897086661384
44,2015,0,14.261385541423921
44,2017,0,12.830786676621821
48,2000,0,-11.15261032692079
48,2005,0,-3.3155164286849663
48,2010,0,-2.4186615791687696
48,2015,0,87.36061535896226
48,2017,0,139.83598561269014
50,2000,0,0.0547313891707453
50,2005,0,3.8784179235521457
50,2010,0,-12.331132133204994
50,2015,0,3.7978106530745364
50,2017,0,-0.0547313891707453
51,2000,0,-13.686552561583099
51,2005,0,-0.4024397173633932
51,2010,0,0.4024397173634046
51,2015,0,22.913366421385682
51,2017,0,24.121799340098786
52,2000,0,-9.456380757106933
52,2005,0,1.5741764534101355
52,2010,0,-36.58297652809861
52,2015,0,55.76585570983244
52,2017,0,72.05478366165909
56,2000,0,-24.13452728282512
56,2005,0,1.4804470586079186
56,2010,0,-13.770274120407022
56,2015,0,23.32146983415539
56,2017,0,40.94342240479592
60,2000,0,-3.9082305728534252
60,2005,0,-71.51344513220536
60,2010,0,7.0531644078718685
60,2015,0,30.162572322296988
60,2017,0,46.006798351329124
64,2000,0,-25.65377492168089
64,2005,0,-0.29077573675911617
64,2010,0,-3.0407430670691276
64,2015,0,39.299669495886896
64,2017,0,42.63610631993862
68,2000,0,-28.81726375610737
68,2005,0,10.719913088839485
68,2010,0,-6.677684902742262
68,2015,0,14.679036217193369
68,2017,0,47.67591901673172
70,2000,0,-26.240468604501523
70,2005,0,7.939407804188543
70,2010,0,24.973574907832607
70,2015,0,-7.9394078041885585
70,2017,0,-7.9394078041885585
72,2000,0,-10.705969316240767
72,2005,0,-0.5605821308371562
72,2010,0,0.5605821308371562
72,2015,0,41.84543710762204
72,2017,0,42.70238880507197
76,2000,0,-2.5574830622237763
76,2005,0,2.838605236878336
76,2010,0,-4.5385233809144605
76,2015,0,6.729636912683929
76,2017,0,5.0673423924600565
84,2000,0,-1.4170906113893798
84,2005,0,-14.383037178270817
84,2010,0,-10.91569747906911
84,2015,0,6.526740521967979
84,2017,0,9.21151903152422
90,2000,0,-72.23196153298932
90,2005,0,-60.51732224661188
90,2010,0,26.904312370869356
90,2015,0,10.603340752079744
90,2017,0,13.12593930487916
92,2000,0,-13.62325323092555
92,2005,0,-7.7712957779190335
92,2010,0,0.3578911074657244
92,2015,0,45.50299990564275
92,2017,0,54.38408935150791
96,2000,0,-12.439253192879269
96,2005,0,-0.22513279454857926
96,2010,0,-7.475981481392344
96,2015,0,57.809697650723116
96,2017,0,57.04229625131746
100,2000,0,-22.102666598780786
100,2005,0,-5.905978059555206
100,2010,0,-1.8956681029262834
100,2015,0,16.748254892688415
100,2017,0,11.334582693786178
104,2000,0,-6.553232363007266
104,2005,0,-6.647340734256193
104,2010,0,0.7561423998746746
104,2015,0,22.63860110679838
104,2017,0,19.963936245727137
108,2000,0,-19.00869325754201
108,2005,0,-27.616700933440065
108,2010,0,6.045263255175203
108,2015,0,52.85102140699799
108,2017,0,70.52592937036496
112,2000,0,5.782140613668468
112,2005,0,-24.424319217114522
112,2010,0,10.771872716504538
112,2015,0,-11.103397207803981
112,2017,0,18.350100852713222
116,2000,0,10.03654659002202
116,2005,0,4.653417637740161
116,2010,0,-7.578419537815943
116,2015,0,-9.667792921213515
116,2017,0,-9.667792921213515
120,2000,0,-4.521684322432791
120,2005,0,-13.166993407810832
120,2010,0,25.543048102921556
120,2015,0,69.57247891113668
120,2017,0,112.67988197636834
124,2000,0,-12.998963701527144
124,2005,0,-0.5209698952334272
124,2010,0,0.520969895233409
124,2015,0,17.488934834857297
124,2017,0,23.241008733665637
132,2000,0,-7.475637428704522
132,2005,0,-31.21866674677751
132,2010,0,-16.001768711683294
132,2015,0,161.1098493776178
132,2017,0,184.47918796961864
136,2000,0,1.4411306540951343
136,2005,0,-23.845300210195422
136,2010,0,-25.89988456888708
136,2015,0,182.01101527194245
136,2017,0,250.13176652255572
140,2000,0,-2.176002434801259
140,2005,0,-5.478678194780182
140,2010,0,0.4626116458980511
140,2015,0,23.720192462864116
140,2017,0,34.00314591039415
144,2000,0,-7.468834782004208
144,2005,0,3.085915725857733
144,2010,0,-4.241172454718986
144,2015,0,12.594625134804938
144,2017,0,21.946285741926484
148,2000,0,6.002494763218342
148,2005,0,-13.801895642609255
148,2010,0,-14.174234232141108
148,2015,0,31.058540257883106
148,2017,0,39.830917500845246
152,2000,0,-2.322873270193262
152,2005,0,-0.6038205648408246
152,2010,0,-1.4630718073386517
152,2015,0,35.836917289983525
152,2017,0,38.52024684661649
156,2000,0,1.6497017215307153
156,2005,0,-5.029015123031877
156,2010,0,-6.672361235422965
156,2015,0,16.58896317662975
156,2017,0,22.831888834277358
162,2000,0,0.0
162,2005,0,0.0
162,2010,0,0.0
162,2015,0,4.35906646733273e+16
162,2017,0,4.43521078873207e+16
166,2000,0,0.0
166,2005,0,0.0
166,2010,0,0.0
166,2015,0,0.0
166,2017,0,0.0
170,2000,0,-11.561942297738712
170,2005,0,-2.400953119597042
170,2010,0,14.17924780141708
170,2015,0,25.536689836185488
170,2017,0,29.931528928747337
174,2000,0,-10.907993115445175
174,2005,0,-21.78981557003387
174,2010,0,-9.636518917647026
174,2015,0,161.56911353924767
174,2017,0,119.45389557466235
175,2000,0,11.03277642245929
175,2005,0,-52.755416337337344
175,2010,0,-38.83898586454748
175,2015,0,114.26066800567216
175,2017,0,114.26066800567216
178,2000,0,-11.85784639914788
178,2005,0,-18.360406780138874
178,2010,0,5.964789494249045
178,2015,0,63.71353323273169
178,2017,0,77.11567865302882
180,2000,0,-9.096314684741518
180,2005,0,-6.190913288351765
180,2010,0,17.36414824519489
180,2015,0,43.83704482455556
180,2017,0,48.416103486772
184,2000,0,86.16019533393188
184,2005,0,-4.650124599016946
184,2010,0,-30.54062181757522
184,2015,0,10.422876011915514
184,2017,0,58.88218860302494
188,2000,0,-21.236559845146935
188,2005,0,-21.76180052517549
188,2010,0,3.1553390910271673
188,2015,0,74.40974975442474
188,2017,0,71.35653653800772
191,2000,0,-22.011515512530895
191,2005,0,5.9408771865169125
191,2010,0,32.77041338932298
191,2015,0,2.8804768836966885
191,2017,0,2.8804768836966885
192,2000,0,-5.846286380719855
192,2005,0,-3.2913836036624606
192,2010,0,-0.2626298024908292
192,2015,0,14.013714264628918
192,2017,0,19.069513967759057
196,2000,0,-0.9265339648472444
196,2005,0,-16.536499455586785
196,2010,0,3.76333775118982
196,2015,0,2.8747025525467986
196,2017,0,41.45875995404696
203,2000,0,-13.23683554998163
203,2005,0,-4.394780310954034
203,2010,0,5.61297072434346
203,2015,0,3.3329618402794186
203,2017,0,17.3284077417368
204,2000,0,-8.244824011277206
204,2005,0,-35.75403730702442
204,2010,0,40.69925321770532
204,2015,0,113.02624173411407
204,2017,0,134.6248145630662
208,2000,0,-8.40305325939574
208,2005,0,-8.19046373410894
208,2010,0,6.638034722014571
208,2015,0,14.11116794674264
208,2017,0,24.716868303958233
212,2000,0,-18.54010670408621
212,2005,0,-8.610923282465478
212,2010,0,3.3994092111114003
212,2015,0,350.6278011389129
212,2017,0,202.18451568061678
214,2000,0,-15.060762003890959
214,2005,0,24.370646890408658
214,2010,0,-2.626161568473452
214,2015,0,25.415917637278827
214,2017,0,37.86313008257303
218,2000,0,15.087420186808048
218,2005,0,-27.51197281122667
218,2010,0,-0.7239988464250451
218,2015,0,116.25723650735273
218,2017,0,142.05912538198524
222,2000,0,-4.80107958271706
222,2005,0,-7.610749837553874
222,2010,0,12.104385392925405
222,2015,0,4.50664389404815
222,2017,0,3.580426053199616
226,2000,0,-18.13441918478456
226,2005,0,-38.09845432010095
226,2010,0,9.4430241929879
226,2015,0,229.28904189850067
226,2017,0,246.84181386551543
231,2000,0,-19.49923850023392
231,2005,0,-2.7178584627106845
231,2010,0,16.17929670963671
231,2015,0,33.03768822343536
231,2017,0,50.99282299441881
232,2000,0,-6.687943312659919
232,2005,0,-7.018834788174185
232,2010,0,1.027770706546138
232,2015,0,61.18610567697268
232,2017,0,67.7139031799244
233,2000,0,-1.5690970338943087
233,2005,0,-3.1773839872258964
233,2010,0,-1.3765863955117368
233,2015,0,39.652527099181135
233,2017,0,49.325074678726736
234,2000,0,0.0
234,2005,0,0.0
234,2010,0,0.0
234,2015,0,8.26042881452275e+17
234,2017,0,6.188057963330839e+17
238,2000,0,10.956028491711661
238,2005,0,-5.093309920015422
238,2010,0,-1.1071793127367644
238,2015,0,1.1071793127367482
238,2017,0,6.886669551680548
239,2000,0,39.948308174666614
239,2005,0,-13.693596320200799
239,2010,0,-25.084496846306596
239,2015,0,2.163601206484752
239,2017,0,1.2150682098468668
242,2000,0,-10.048511074615844
242,2005,0,-13.061868026430279
242,2010,0,10.896578703250082
242,2015,0,137.32050793410127
242,2017,0,137.32050793410127
246,2000,0,-3.869368636188154
246,2005,0,0.0634381606165901
246,2010,0,-0.7239740047201243
246,2015,0,30.975309496849246
246,2017,0,38.909181579501535
248,2000,0,-6.726934056761164
248,2005,0,-8.491814234880039
248,2010,0,3.11713709639861
248,2015,0,34.7580986907965
248,2017,0,44.73164323190989
250,2000,0,-8.721336627469457
250,2005,0,-6.544028768158319
250,2010,0,-7.178519460038676
250,2015,0,32.75876610490142
250,2017,0,38.90544946124121
254,2000,0,3.6210001885438747
254,2005,0,-12.866459760375268
254,2010,0,-19.466945645887527
254,2015,0,26.945210004991544
254,2017,0,48.71537465932958
258,2000,0,-17.23382448037142
258,2005,0,-14.28990749698779
258,2010,0,298.36830369213624
258,2015,0,859.4747424291274
258,2017,0,678.183071310851
262,2000,0,-22.83768970807148
262,2005,0,-16.82960173813724
262,2010,0,4.017822304741272
262,2015,0,144.61803795818412
262,2017,0,166.50383793904666
266,2000,0,3.7297360391594854
266,2005,0,-24.61220374416857
266,2010,0,-25.596607231696105
266,2015,0,123.21605692080281
266,2017,0,120.84318512574997
268,2000,0,-13.63091213789455
268,2005,0,-0.982790610233317
268,2010,0,3.445050947585467
268,2015,0,22.691491505664356
268,2017,0,23.503050843966264
270,2000,0,-21.09122043357464
270,2005,0,-1.1543333662781614
270,2010,0,10.497230348799887
270,2015,0,11.44349016062388
270,2017,0,11.44349016062388
276,2000,0,-7.977010987404521
276,2005,0,-4.057529457176114
276,2010,0,-1.5808612313130979
276,2015,0,22.06582551089412
276,2017,0,33.61554016797756
288,2000,0,-16.337845648149198
288,2005,0,5.566732966351197
288,2010,0,-9.288205225510216
288,2015,0,52.548129049178
288,2017,0,72.24475787613788
292,2000,0,-46.25259510870431
292,2005,0,-40.78766789286865
292,2010,0,8.951972329231419
292,2015,0,150.20137871047632
292,2017,0,206.179212996887
296,2000,0,-70.42231746979395
296,2005,0,-99.99999999999622
296,2010,0,1668.3180626674844
296,2015,0,7889.127943694744
296,2017,0,7818.882216328325
300,2000,0,-14.859351747250827
300,2005,0,2.2505032225590575
300,2010,0,-0.5481047429794578
300,2015,0,14.962952173652722
300,2017,0,31.69881663701441
304,2000,0,-33.92988614323245
304,2005,0,-2.5852044478077114
304,2010,0,6.791725034772762
304,2015,0,69.38469718277294
304,2017,0,74.84140399336133
308,2000,0,-15.524085427160713
308,2005,0,-6.602236425646551
308,2010,0,-0.5311495664362713
308,2015,0,108.22991588728345
308,2017,0,92.78430466142359
312,2000,0,-16.15219675742686
312,2005,0,-9.378090403628118
312,2010,0,3.0400229871439466
312,2015,0,84.69117588390478
312,2017,0,84.69117588390478
316,2000,0,-18.015612675699714
316,2005,0,-21.12657045999995
316,2010,0,-10.32599846415664
316,2015,0,226.71350548242845
316,2017,0,222.88713555435353
320,2000,0,-25.27821964224048
320,2005,0,-23.64278589361815
320,2010,0,14.761004852491524
320,2015,0,18.39517747695865
320,2017,0,25.537211371870555
324,2000,0,-13.659254201834797
324,2005,0,-7.233212998552144
324,2010,0,-0.2595254272724938
324,2015,0,35.193887294015155
324,2017,0,44.562424073721196
328,2000,0,-0.2569866843632326
328,2005,0,-2.732522579841053
328,2010,0,-11.668707662315676
328,2015,0,19.237838790436403
328,2017,0,48.42424366639686
332,2000,0,-30.532554159020147
332,2005,0,0.5491584528804332
332,2010,0,4.618562644028658
332,2015,0,8.65917771837367
332,2017,0,10.06786540421481
334,2000,0,0.0
334,2005,0,0.0
334,2010,0,0.0
334,2015,0,0.0
334,2017,0,0.0
336,2000,0,0.0
336,2005,0,0.0
336,2010,0,0.0
336,2015,0,0.0
336,2017,0,0.0
340,2000,0,-14.660479348930513
340,2005,0,-15.179450023357457
340,2010,0,2.8804420806886073
340,2015,0,23.992800684398976
340,2017,0,27.852204912082474
344,2000,0,8.778059998152916
344,2005,0,-2.263681203221056
344,2010,0,-20.579420345213308
344,2015,0,10.48900928074255
344,2017,0,16.79732856907272
348,2000,0,9.293668012606867
348,2005,0,-10.049596095820684
348,2010,0,-2.2649818936266426
348,2015,0,-4.673166377815999
348,2017,0,-4.673166377815999
352,2000,0,-2.700112204487413
352,2005,0,-18.790520926428098
352,2010,0,11.177408892853299
352,2015,0,701.9657886313782
352,2017,0,826.1604006518866
356,2000,0,-9.833164786051341
356,2005,0,5.954815254881718
356,2010,0,-2.188946694697715
356,2015,0,15.618738036581851
356,2017,0,29.852533848876988
360,2000,0,-17.969278778821778
360,2005,0,-1.1408531016026489
360,2010,0,-7.467188674167925
360,2015,0,37.54894509370699
360,2017,0,38.76669014631109
364,2000,0,-31.814743705005295
364,2005,0,-5.17112197354249
364,2010,0,0.24808369205774616
364,2015,0,24.99161876670167
364,2017,0,51.20070910167107
368,2000,0,-51.51473138356336
368,2005,0,2.834833398150278
368,2010,0,-26.588940605508725
368,2015,0,15.796846749949738
368,2017,0,22.80264044262364
372,2000,0,7.886981246925914
372,2005,0,-63.69955634208564
372,2010,0,-7.886981246925914
372,2015,0,84.77431253082415
372,2017,0,92.9897587510267
376,2000,0,-0.6020937620493877
376,2005,0,-4.213368999544903
376,2010,0,-4.687356369858424
376,2015,0,13.030000980729772
376,2017,0,36.039030528620295
380,2000,0,-1.0851432802880359
380,2005,0,-18.668930679847758
380,2010,0,-14.152716408803942
380,2015,0,56.87007771832003
380,2017,0,56.87007771832003
384,2000,0,-1.2822839710713176
384,2005,0,-19.608092797400314
384,2010,0,1.2822839710713176
384,2015,0,56.89192300299386
384,2017,0,73.59940292558159
388,2000,0,-9.233536201499847
388,2005,0,-14.440083298467993
388,2010,0,-9.417640329643135
388,2015,0,6.151062250988929
388,2017,0,10.497766121004018
392,2000,0,1.6487775716788948
392,2005,0,-2.2209018085376178
392,2010,0,-21.12149704725458
392,2015,0,27.309949268005234
392,2017,0,34.357471299281364
398,2000,0,-16.739816310104523
398,2005,0,-3.5002139827650374
398,2010,0,8.986749670185874
398,2015,0,57.2460539125875
398,2017,0,52.56163767134605
400,2000,0,-6.884392725555337
400,2005,0,-39.16300243550045
400,2010,0,0.012930532857872627
400,2015,0,180.69631112319775
400,2017,0,183.3697760118873
404,2000,0,-9.612607846641149
404,2005,0,-17.77842726993108
404,2010,0,1.5339375423112371
404,2015,0,22.9874680689798
404,2017,0,24.100931563623345
408,2000,0,-0.27928329808039015
408,2005,0,-0.5706949941010488
408,2010,0,-4.956297771587495
408,2015,0,22.940086664042177
408,2017,0,26.152354957929226
410,2000,0,7.930125307122402
410,2005,0,0.15596388302737987
410,2010,0,-11.822199753395568
410,2015,0,2.113336825646959
410,2017,0,4.538875261507071
414,2000,0,-20.933290788745136
414,2005,0,-2.21217206778022
414,2010,0,-3.9567784918931843
414,2015,0,120.98297952222505
414,2017,0,112.73838641145149
417,2000,0,-13.234391829162728
417,2005,0,-3.9003357126185105
417,2010,0,13.815009769842836
417,2015,0,77.04722345628717
417,2017,0,77.35131091905458
418,2000,0,-10.108965835553477
418,2005,0,-6.7195049631270525
418,2010,0,3.2480587848984888
418,2015,0,7.820526214330849
418,2017,0,29.018397790916268
422,2000,0,-14.163695205270937
422,2005,0,-1.3773249314456737
422,2010,0,23.33009387773803
422,2015,0,0.2973072364375053
422,2017,0,11.652263995145491
426,2000,0,-10.815197493178118
426,2005,0,-2.076858044607912
426,2010,0,1.79508316734522
426,2015,0,17.64515751710848
426,2017,0,14.914792677253615
428,2000,0,-6.9132922480233905
428,2005,0,-5.1248451792174885
428,2010,0,1.1103701037847493
428,2015,0,19.238759031173004
428,2017,0,19.982456272761763
430,2000,0,-5.328758539416757
430,2005,0,-33.951921462130194
430,2010,0,-8.026810542277556
430,2015,0,61.44968628132741
430,2017,0,81.19846639336284
434,2000,0,-26.1104776284324
434,2005,0,-0.43638695170248054
434,2010,0,-15.708338145907966
434,2015,0,42.15033388424039
434,2017,0,56.421343611392814
438,2000,0,-3.0275266677096773
438,2005,0,-45.43308880251308
438,2010,0,-3.234038699046047
438,2015,0,79.23571309048668
438,2017,0,93.95699729550563
440,2000,0,-9.69069379715286
440,2005,0,-7.5941645145324195
440,2010,0,-0.6073764570192159
440,2015,0,15.697582248240883
440,2017,0,21.924305447740718
442,2000,0,-10.30106090810398
442,2005,0,-4.170747099934961
442,2010,0,2.196346434256478
442,2015,0,35.404226300406286
442,2017,0,53.96806639022039
446,2000,0,3.78526961528776
446,2005,0,7.322877879273328
446,2010,0,-22.294690692531045
446,2015,0,6.130588339521242
446,2017,0,20.124269786189167
450,2000,0,-5.920344267214034
450,2005,0,4.717427215309868
450,2010,0,-10.506754116407716
450,2015,0,13.813759886463664
450,2017,0,10.540846457174368
454,2000,0,-27.523023183448498
454,2005,0,-12.02494242905826
454,2010,0,32.645019083731945
454,2015,0,294.34641800303456
454,2017,0,294.34641800303456
458,2000,0,-21.124791370474508
458,2005,0,-1.3631405877857805
458,2010,0,-13.647777296409549
458,2015,0,37.08245581648404
458,2017,0,49.51827851250693
462,2000,0,108.83618294882179
462,2005,0,-23.24962130629388
462,2010,0,4.924731308205745
462,2015,0,-9.474098605575541
462,2017,0,7.337238736110499
466,2000,0,-12.572795653561716
466,2005,0,-0.3833816333324379
466,2010,0,-0.9313603286090794
466,2015,0,40.25528722705006
466,2017,0,42.532988475042124
470,2000,0,3.9409892646836497
470,2005,0,-51.943287416398356
470,2010,0,-12.033227865468037
470,2015,0,31.646037961739726
470,2017,0,51.33284134290196
474,2000,0,-7.427551685975724
474,2005,0,-2.7049336004732885
474,2010,0,2.882743248033549
474,2015,0,115.8211824350794
474,2017,0,115.8211824350794
478,2000,0,-35.38455437681062
478,2005,0,-33.917771438817105
478,2010,0,6.287290762626909
478,2015,0,26.826552243471504
478,2017,0,21.57451167164495
480,2000,0,-22.33871668417411
480,2005,0,-0.8816607050169918
480,2010,0,23.003860526755872
480,2015,0,96.23874825000223
480,2017,0,87.13144168863104
484,2000,0,-5.521525433733535
484,2005,0,-0.005542499847425631
484,2010,0,8.863359923001706
484,2015,0,8.558049987126852
484,2017,0,15.225755197126562
492,2000,0,-39.70582978383095
492,2005,0,-39.51068931393751
492,2010,0,191.3590443140967
492,2015,0,524.3788436705454
492,2017,0,565.3695616300328
496,2000,0,0.26847928832884355
496,2005,0,-4.861417060539738
496,2010,0,-8.34253120497571
496,2015,0,38.88438130231091
496,2017,0,58.89918377068606
498,2000,0,-6.763429420811811
498,2005,0,-0.4707782577032536
498,2010,0,9.810535651785528
498,2015,0,2.402745598542004
498,2017,0,4.920615288370736
499,2000,0,-0.9264314057130488
499,2005,0,-3.8467667942608625
499,2010,0,-2.0130388058031428
499,2015,0,4.719936729813881
499,2017,0,3.005337875085953
500,2000,0,-3.627345650621873
500,2005,0,-5.750094721878223
500,2010,0,7.547655929212881
500,2015,0,-4.724705353727651
500,2017,0,-21.54423618848074
504,2000,0,-33.09572536284042
504,2005,0,-9.645411461516805
504,2010,0,20.841171383789874
504,2015,0,17.030005586772525
504,2017,0,23.590276477272997
508,2000,0,-8.864308015238137
508,2005,0,-5.697016037466087
508,2010,0,-13.391161308805028
508,2015,0,8.913982552013062
508,2017,0,31.895527294417015
512,2000,0,-19.154208037188877
512,2005,0,-19.117622091018347
512,2010,0,34.189146371638785
512,2015,0,58.0376126572562
512,2017,0,63.34148765412028
516,2000,0,-11.030848013013433
516,2005,0,6.240824310809569
516,2010,0,5.158169079663081
516,2015,0,11.08708092910275
516,2017,0,37.27203684014553
520,2000,0,0.0
520,2005,0,0.0
520,2010,0,0.0
520,2015,0,0.0
520,2017,0,6140146978135570.0
524,2000,0,-6.341237553632811
524,2005,0,-2.766731521060271
524,2010,0,-0.3902970614704379
524,2015,0,10.942428918437141
524,2017,0,21.281422219243634
528,2000,0,-9.376550666363308
528,2005,0,-2.937743433255201
528,2010,0,-10.54973027881433
528,2015,0,50.66243633550863
528,2017,0,54.68828043326267
531,2000,0,-8.18324160327719
531,2005,0,-10.451805118255294
531,2010,0,3.971947518198419
531,2015,0,154.01688616378306
531,2017,0,155.0894035186626
533,2000,0,-16.673520677058132
533,2005,0,-17.864509987530415
533,2010,0,6.1954197290441915
533,2015,0,150.55824142638332
533,2017,0,150.55824142638332
534,2000,0,-1.5679448552542572
534,2005,0,-0.36145442771345887
534,2010,0,25.694005419795985
534,2015,0,21.182181012341648
534,2017,0,7.928961727271767
540,2000,0,-8.803595617667344
540,2005,0,-15.36235836441699
540,2010,0,1.188034395622235
540,2015,0,77.50504810780994
540,2017,0,77.50504810780994
548,2000,0,-18.274994291403523
548,2005,0,-57.230134173069146
548,2010,0,5.808460928362681
548,2015,0,153.94373654811963
548,2017,0,153.94373654811963
554,2000,0,-6.716353270719984
554,2005,0,-0.9768651597519549
554,2010,0,1.6392417917115278
554,2015,0,2.305781216397913
554,2017,0,6.858814906963205
558,2000,0,-13.305986406483699
558,2005,0,-19.302489421467197
558,2010,0,0.38413185949683115
558,2015,0,53.641772291814796
558,2017,0,56.62040667754851
562,2000,0,1.9300376221653548
562,2005,0,-46.59452406310553
562,2010,0,-33.9010391058819
562,2015,0,38.8815577163122
562,2017,0,63.87345226803418
566,2000,0,-10.352917946101323
566,2005,0,-20.295039317047337
566,2010,0,13.37620721791162
566,2015,0,60.75169076701338
566,2017,0,85.89325171788387
570,2000,0,0.0
570,2005,0,0.0
570,2010,0,0.0
570,2015,0,0.0
570,2017,0,931347202276810.0
574,2000,0,0.0
574,2005,0,0.0
574,2010,0,0.0
574,2015,0,0.0
574,2017,0,0.0
578,2000,0,-3.044250421780791
578,2005,0,-14.116953854505763
578,2010,0,-0.10617771974881392
578,2015,0,78.5097298770579
578,2017,0,87.02415303629378
580,2000,0,-62.36718636118162
580,2005,0,-45.44378781502913
580,2010,0,-10.82229648247868
580,2015,0,303.22889244413545
580,2017,0,230.20873189764092
583,2000,0,-19.44578537449076
583,2005,0,-17.895069018018358
583,2010,0,24.004735119187146
583,2015,0,559.8523700568078
583,2017,0,325.96650606106164
584,2000,0,-36.36640907362243
584,2005,0,-25.392142534881145
584,2010,0,7.831937325103364
584,2015,0,401.89652722685526
584,2017,0,398.50579575797093
585,2000,0,-17.94171094632375
585,2005,0,-10.425439958537162
585,2010,0,-2.2724485599916715
585,2015,0,142.6978089485726
585,2017,0,138.37537624627333
586,2000,0,-35.34022354460076
586,2005,0,-3.866066228571489
586,2010,0,16.83145555513188
586,2015,0,7.268135783964605
586,2017,0,4.99590203100174
591,2000,0,-7.825808254177595
591,2005,0,-27.45515801775645
591,2010,0,3.065006081853502
591,2015,0,42.3574405911272
591,2017,0,45.05523758520883
598,2000,0,-1.3778870944642605
598,2005,0,-2.635442710924568
598,2010,0,-9.23278232576191
598,2015,0,55.894701980984976
598,2017,0,52.12503912811075
600,2000,0,-11.09701471459023
600,2005,0,-8.996163906201726
600,2010,0,35.01969866075657
600,2015,0,116.43312738986684
600,2017,0,64.47331765630248
604,2000,0,-7.291183464709109
604,2005,0,-1.293850881457954
604,2010,0,-2.4805976196563764
604,2015,0,30.542914365031358
604,2017,0,38.89567217225077
608,2000,0,-7.40353419762037
608,2005,0,-0.6844299940089494
608,2010,0,-6.708262970362612
608,2015,0,26.75341160508924
608,2017,0,26.95893581764693
612,2000,0,0.0
612,2005,0,0.0
612,2010,0,0.0
612,2015,0,1.01901743405352e+16
612,2017,0,1.10571441403134e+16
616,2000,0,-9.572374231697523
616,2005,0,1.4132739817630924
616,2010,0,-0.2727904215511475
616,2015,0,26.54540350363706
616,2017,0,31.09902821033719
620,2000,0,-12.626926228841498
620,2005,0,-33.61002161980301
620,2010,0,4.8720665674169314
620,2015,0,4.776998208295898
620,2017,0,13.920395606361632
624,2000,0,-5.778731868662726
624,2005,0,-7.400215644127211
624,2010,0,11.434475097831202
624,2015,0,33.58774742334183
624,2017,0,33.58774742334183
626,2000,0,-4.195122128509277
626,2005,0,-10.939405132429172
626,2010,0,33.55795471874925
626,2015,0,-7.63670324517517
626,2017,0,4.3814845690315645
630,2000,0,-9.900797928821687
630,2005,0,-3.279256615980539
630,2010,0,4.313451294249606
630,2015,0,29.764296901961256
630,2017,0,40.0371314257369
634,2000,0,-7.158715513615291
634,2005,0,-8.58313707357165
634,2010,0,0.03360851023253597
634,2015,0,67.23877350026363
634,2017,0,77.9007477372334
638,2000,0,-55.34237959068628
638,2005,0,-27.92187702308822
638,2010,0,13.202772563792065
638,2015,0,125.74713595768581
638,2017,0,125.74713595768581
642,2000,0,-8.69696497858564
642,2005,0,11.02742179485537
642,2010,0,-0.6634236364349624
642,2015,0,0.6634236364349624
642,2017,0,-6.920965316761777
643,2000,0,-6.451698583622149
643,2005,0,-4.990591601559736
643,2010,0,-1.0965002779482331
643,2015,0,87.699051304257
643,2017,0,82.73935995376006
646,2000,0,-24.667225334934198
646,2005,0,-37.196215740888825
646,2010,0,6.881833429170213
646,2015,0,30.500979998266907
646,2017,0,56.375945007125075
652,2000,0,-9.755666878362026
652,2005,0,0.1202194190482589
652,2010,0,-5.8057946517481795
652,2015,0,16.033974286204085
652,2017,0,22.05769737544182
654,2000,0,0.0
654,2005,0,0.0
654,2010,0,2.76176182527378e+16
654,2015,0,8.225915800111238e+16
654,2017,0,1.84133664676098e+16
659,2000,0,-15.590631584433906
659,2005,0,-0.8627744331255476
659,2010,0,1.8975488432645233
659,2015,0,30.480401256240164
659,2017,0,30.480401256240164
660,2000,0,-5.894284106832557
660,2005,0,-15.634253270655627
660,2010,0,2.314176400678225
660,2015,0,21.964902050679356
660,2017,0,28.841058160448224
662,2000,0,-3.3912723033399588
662,2005,0,-16.236576423678486
662,2010,0,-0.6855623647209046
662,2015,0,73.44223631933413
662,2017,0,84.11097355338417
663,2000,0,-2.9906550838138215
663,2005,0,-3.873724408600554
663,2010,0,10.331490744535172
663,2015,0,39.357307436080106
663,2017,0,39.357307436080106
666,2000,0,2.348398687534019
666,2005,0,-17.998993115658863
666,2010,0,-3.878375277604964
666,2015,0,27.444101573185915
666,2017,0,35.28989752466503
670,2000,0,-17.864230803412994
670,2005,0,-5.760824082937142
670,2010,0,5.058107591848788
670,2015,0,51.67542568284015
670,2017,0,49.20121076428012
674,2000,0,0.0
674,2005,0,0.0
674,2010,0,0.0
674,2015,0,140.5664115664666
674,2017,0,140.5664115664666
678,2000,0,0.0
678,2005,0,0.0
678,2010,0,0.0
678,2015,0,0.0
678,2017,0,0.0
682,2000,0,-10.536905767608403
682,2005,0,-0.3104090382953996
682,2010,0,0.3104090382954211
682,2015,0,67.31981438264086
682,2017,0,85.04390842492059
686,2000,0,-22.028816702082217
686,2005,0,-17.700136792838798
686,2010,0,8.761785581817403
686,2015,0,37.198352204764404
686,2017,0,35.580351544056995
688,2000,0,-19.020289052091083
688,2005,0,6.861820091530232
688,2010,0,-5.239915415216244
688,2015,0,10.00513336986287
688,2017,0,13.685085725446843
690,2000,0,-5.7381381879960305
690,2005,0,-25.395956208223463
690,2010,0,1.2145810868341795
690,2015,0,39.94560625689956
690,2017,0,45.62550863006891
694,2000,0,-19.6768101394217
694,2005,0,-31.682621069842053
694,2010,0,8.862462449027014
694,2015,0,34.625286670297946
694,2017,0,50.10800172645745
702,2000,0,-14.744648453928457
702,2005,0,-3.8119892409166822
702,2010,0,-29.77629874815195
702,2015,0,30.781977075946354
702,2017,0,40.31629756013933
703,2000,0,0.05583052128205016
703,2005,0,-12.281006941261433
703,2010,0,12.587454691643346
703,2015,0,-15.136432378853879
703,2017,0,14.011095595261805
704,2000,0,-2.8205510634505866
704,2005,0,6.752515072536641
704,2010,0,-5.646597541597631
704,2015,0,0.9668813866112729
704,2017,0,3.02950967537515
705,2000,0,-19.67052256165907
705,2005,0,-7.58967422389263
705,2010,0,18.522572793755927
705,2015,0,9.306649908854487
705,2017,0,9.306649908854487
706,2000,0,-33.16254647978618
706,2005,0,3.9765426357451563
706,2010,0,-3.9765426357451417
706,2015,0,33.20362304221044
706,2017,0,82.13798826955359
710,2000,0,-12.619146176982232
710,2005,0,-14.655703747389545
710,2010,0,-1.4623438100717305
710,2015,0,10.832526316096887
710,2017,0,11.12753156863032
716,2000,0,3.2637862442351473
716,2005,0,-3.263786244235161
716,2010,0,-8.33596488027723
716,2015,0,6.2300655464133
716,2017,0,21.520243642916466
724,2000,0,-17.939608847045484
724,2005,0,-25.774904488492016
724,2010,0,14.605098733524732
724,2015,0,28.485635508340184
724,2017,0,30.37287437531287
728,2000,0,-29.195322676131745
728,2005,0,-0.5221657709550266
728,2010,0,0.5221657709550266
728,2015,0,33.41905585425031
728,2017,0,63.129797040081634
729,2000,0,-1.8831046829436962
729,2005,0,9.12883302595599
729,2010,0,27.583347163959687
729,2015,0,-8.967439943999835
729,2017,0,2.146957181216998
732,2000,0,-54.10196273850154
732,2005,0,45.215624635538035
732,2010,0,-4.248689991230921
732,2015,0,131.49304740891264
732,2017,0,24.22097982043408
740,2000,0,-6.189553127137443
740,2005,0,-7.002855602824629
740,2010,0,2.7771938415338213
740,2015,0,25.71839230886806
740,2017,0,34.02019788804785
744,2000,0,0.0
744,2005,0,0.0
744,2010,0,0.0
744,2015,0,0.0
744,2017,0,170614135117199.97
748,2000,0,-4.621165874592896
748,2005,0,-4.7459591377277475
748,2010,0,13.828585197396038
748,2015,0,15.878434352371446
748,2017,0,15.878434352371446
752,2000,0,-1.2483376669805635
752,2005,0,-1.744190951012568
752,2010,0,-11.84342892508649
752,2015,0,36.40203589478761
752,2017,0,44.10707050622962
756,2000,0,-9.39450366659731
756,2005,0,-9.08663159644869
756,2010,0,1.1137935609667111
756,2015,0,41.7045299160819
756,2017,0,49.99015498691533
760,2000,0,-0.35459148072730073
760,2005,0,-20.779097770142588
760,2010,0,-2.778915037456738
760,2015,0,11.984923132908445
760,2017,0,13.137560851599867
762,2000,0,-20.157283831873514
762,2005,0,-5.519345432205474
762,2010,0,3.712792540878513
762,2015,0,29.5654387457485
762,2017,0,34.88429241079313
764,2000,0,-3.775860806079313
764,2005,0,0.13742112945564383
764,2010,0,13.770288319902098
764,2015,0,4.396406819517876
764,2017,0,16.192133487671512
768,2000,0,-44.021345947363486
768,2005,0,-23.291898093868955
768,2010,0,-37.59407489561591
768,2015,0,131.0400163231795
768,2017,0,90.73758875249179
772,2000,0,-99.9999999999971
772,2005,0,2.564927433638624
772,2010,0,-17.949039095426656
772,2015,0,66.66787513460544
772,2017,0,66.66787513460544
776,2000,0,-7.2277764361376535
776,2005,0,-10.003173752778423
776,2010,0,-4.715016557157936
776,2015,0,162.93342663635636
776,2017,0,180.38319101571696
780,2000,0,-12.350358693590561
780,2005,0,-14.561319379370044
780,2010,0,0.3057330672270964
780,2015,0,41.006199627303715
780,2017,0,50.669951988213
784,2000,0,-21.94468396273245
784,2005,0,-21.855368982737534
784,2010,0,11.437564018001648
784,2015,0,69.82594617573803
784,2017,0,64.30501620124662
788,2000,0,-39.520981275501896
788,2005,0,-6.414012816612111
788,2010,0,1.208986342575125
788,2015,0,39.35828044000452
788,2017,0,39.35828044000452
792,2000,0,-2.0255005005699394
792,2005,0,-7.594923547392801
792,2010,0,2.9150005887660217
792,2015,0,16.46717155662102
792,2017,0,23.0201637231063
795,2000,0,-28.80639378425994
795,2005,0,0.4671776266876473
795,2010,0,-0.4671776266876473
795,2015,0,52.986754228483115
795,2017,0,46.35016645066556
796,2000,0,-18.339862260075478
796,2005,0,-15.69046523441222
796,2010,0,-0.46532447212424105
796,2015,0,16.33250598211366
796,2017,0,18.09115322065314
798,2000,0,-0.6551836632825153
798,2005,0,-57.04322507585762
798,2010,0,-73.0582856206952
798,2015,0,12.769054805780167
798,2017,0,6.999230513932153
800,2000,0,-4.793419217034697
800,2005,0,-5.080086811920814
800,2010,0,6.2667956156812155
800,2015,0,76.1405434826063
800,2017,0,76.1405434826063
804,2000,0,-1.5422910681267898
804,2005,0,-11.145643638947375
804,2010,0,7.214517568915624
804,2015,0,6.683915024378546
804,2017,0,20.76290458634035
807,2000,0,-22.17483869570885
807,2005,0,-5.407794675908619
807,2010,0,15.218022156181435
807,2015,0,15.813406524147128
807,2017,0,22.40340180108335
818,2000,0,1.227531189768065
818,2005,0,-15.895979596798766
818,2010,0,-0.5924977999005533
818,2015,0,13.938325600806465
818,2017,0,56.71962741071695
826,2000,0,-2.040263335744994
826,2005,0,-70.55781436014487
826,2010,0,18.317375147488573
826,2015,0,105.68513997820455
826,2017,0,116.45990947863132
831,2000,0,25.14775949508148
831,2005,0,-31.212921962669622
831,2010,0,-8.71394416894287
831,2015,0,32.05092392373248
831,2017,0,37.21537975839316
832,2000,0,-10.884586758488886
832,2005,0,-5.184763247763316
832,2010,0,-1.4432425759511636
832,2015,0,68.94115350266982
832,2017,0,80.96128432008048
833,2000,0,-10.18785590612817
833,2005,0,-63.59398200472296
833,2010,0,-8.117996729308627
833,2015,0,111.9283311165193
833,2017,0,111.9283311165193
834,2000,0,-1.5782121683221506
834,2005,0,-12.408538657577642
834,2010,0,-15.382675174810808
834,2015,0,17.370664934388948
834,2017,0,18.621568866647827
840,2000,0,-8.17738568733864
840,2005,0,2.17369305346531
840,2010,0,-2.2351922489593603
840,2015,0,14.746883916549283
840,2017,0,19.444698371566606
850,2000,0,-8.545240100496535
850,2005,0,-6.617100982867997
850,2010,0,9.292142160073318
850,2015,0,100.27674794291062
850,2017,0,79.06133628605458
854,2000,0,-21.700588473640682
854,2005,0,-3.1334489437044506
854,2010,0,2.51792405509043
854,2015,0,67.51758296157459
854,2017,0,67.51758296157459
858,2000,0,1.5999280576016763
858,2005,0,2.772301322732541
858,2010,0,-5.261267275979259
858,2015,0,-7.157474500187903
858,2017,0,-15.820291935932755
860,2000,0,-37.77774390820924
860,2005,0,-4.969866078851653
860,2010,0,11.548235103408958
860,2015,0,55.60796013184588
860,2017,0,25.80365096222767
862,2000,0,-2.954405020663444
862,2005,0,-23.51944444171174
862,2010,0,2.954405020663444
862,2015,0,50.223704809260894
862,2017,0,41.00075028520103
876,2000,0,-1.6593602933692317
876,2005,0,-67.45411598547652
876,2010,0,-7.738188244932803
876,2015,0,177.76029486936068
876,2017,0,615.9212328546273
882,2000,0,-7.371846008432695
882,2005,0,-48.06149255575424
882,2010,0,1.9850106603599604
882,2015,0,120.5430975445629
882,2017,0,30.925672095527418
887,2000,0,-9.575891582835034
887,2005,0,-4.411980142684885
887,2010,0,3.498192816418968
887,2015,0,85.16876650710913
887,2017,0,92.63490020742795
894,2000,0,-5.411492235384162
894,2005,0,13.314137025486325
894,2010,0,3.983698413054879
894,2015,0,8.136213720883928
894,2017,0,67.37535743212368
999,2000,0,1.6330950513150446
999,2005,0,-1.1007069351560606
999,2010,0,-12.219530162724498
999,2015,0,16.238455591763426
999,2017,0,16.636127108894016
1011,2000,0,-38.94770920686072
1011,2005,0,-80.07669146646286
1011,2010,0,-66.46593962051533
1011,2015,0,121.91707874486623
1011,2017,0,94.61942944777512
1012,2000,0,-5.264501041191642
1012,2005,0,-29.23870331074765
1012,2010,0,3.021526140833269
1012,2015,0,60.79224320169499
1012,2017,0,65.33245519988245
1013,2000,0,-28.528884381457097
1013,2005,0,-10.75461502410449
1013,2010,0,-4.666498222998603
1013,2015,0,86.59271278083031
1013,2017,0,109.25743661053582
1014,2000,0,-9.052992814981705
1014,2005,0,-0.3881109915501288
1014,2010,0,0.38811099155014667
1014,2015,0,30.620671128206983
1014,2017,0,37.865062186828155
1015,2000,0,0.0
1015,2005,0,0.0
1015,2010,0,0.0
1015,2015,0,838644754999839.9
1015,2017,0,1101298739622330.1
1016,2000,0,0.0
1016,2005,0,0.0
1016,2010,0,0.0
1016,2015,0,0.0
1016,2017,0,0.0
1017,2000,0,0.0
1017,2005,0,0.0
1017,2010,0,0.0
1017,2015,0,0.0
1017,2017,0,0.0
1018,2000,0,0.0
1018,2005,0,0.0
1018,2010,0,0.0
1018,2015,0,0.0
1018,2017,0,0.0
1019,2000,0,0.0
1019,2005,0,0.0
1019,2010,0,0.0
1019,2015,0,0.0
1019,2017,0,0.0
1021,2000,0,-25.798104871730267
1021,2005,0,-7.981894529529181
1021,2010,0,-0.1561283774467425
1021,2015,0,58.725455691704454
1021,2017,0,58.725455691704454
1023,2000,0,0.0
1023,2005,0,0.0
1023,2010,0,0.0
1023,2015,0,0.0
1023,2017,0,0.0
1025,2000,0,0.0
1025,2005,0,0.0
1025,2010,0,0.0
1025,2015,0,0.0
1025,2017,0,0.0
1027,2000,0,-7.640347597233073
1027,2005,0,12.143123576961447
1027,2010,0,1.600591187831164
1027,2015,0,5.112944408276181
1027,2017,0,19.509493170425827
1029,2000,0,-62.638754875988525
1029,2005,0,-3.8648869347467016
1029,2010,0,55.11890330206277
1029,2015,0,63.37120997752533
1029,2017,0,319.8042141895851
1031,2000,0,0.0
1031,2005,0,0.0
1031,2010,0,0.0
1031,2015,0,0.0
1031,2017,0,0.0
1032,2000,0,0.0
1032,2005,0,0.0
1032,2010,0,0.0
1032,2015,0,0.0
1032,2017,0,0.0
1033,2000,0,0.0
1033,2005,0,0.0
1033,2010,0,0.0
1033,2015,0,0.0
1033,2017,0,0.0
1034,2000,0,0.0
1034,2005,0,0.0
1034,2010,0,0.0
1034,2015,0,0.0
1034,2017,0,0.0
1035,2000,0,0.0
1035,2005,0,0.0
1035,2010,0,0.0
1035,2015,0,0.0
1035,2017,0,0.0
1036,2000,0,0.6421738131856985
1036,2005,0,-4.956474910749413
1036,2010,0,-20.49531005534175
1036,2015,0,23.91443298132886
1036,2017,0,46.52219777817906
1038,2000,0,-61.87594395321504
1038,2005,0,-66.5003038160591
1038,2010,0,-15.064753252098084
1038,2015,0,63.07955578886562
1038,2017,0,76.9321130588821
1039,2000,0,0.0
1039,2005,0,0.0
1039,2010,0,0.0
1039,2015,0,0.0
1039,2017,0,0.0
1040,2000,0,17.501849768837697
1040,2005,0,-19.300967799736778
1040,2010,0,26.49895989151177
1040,2015,0,10.34041441087795
1040,2017,0,-7.903051325898164
1041,2000,0,0.0
1041,2005,0,0.0
1041,2010,0,0.0
1041,2015,0,0.0
1041,2017,0,0.0
1042,2000,0,0.0
1042,2005,0,0.0
1042,2010,0,0.0
1042,2015,0,1485293400336930.0
1042,2017,0,1485293400336930.0
1043,2000,0,0.0
1043,2005,0,0.0
1043,2010,0,0.0
1043,2015,0,0.0
1043,2017,0,0.0
1044,2000,0,0.0
1044,2005,0,0.0
1044,2010,0,0.0
1044,2015,0,0.0
1044,2017,0,0.0
1046,2000,0,0.0
1046,2005,0,0.0
1046,2010,0,0.0
1046,2015,0,0.0
1046,2017,0,4913028932733500.0
1047,2000,0,0.0
1047,2005,0,0.0
1047,2010,0,0.0
1047,2015,0,0.0
1047,2017,0,0.0
1048,2000,0,1.27412540845199e+16
1048,2005,0,0.0
1048,2010,0,0.0
1048,2015,0,0.0
1048,2017,0,0.0
1049,2000,0,56.8086095711363
1049,2005,0,-25.5395202978346
1049,2010,0,-20.642234713168296
1049,2015,0,19.720204924220038
1049,2017,0,85.26114019798482
1052,2000,0,-21.47897427505748
1052,2005,0,-7.096781273113452
1052,2010,0,2.4268463776975193
1052,2015,0,36.51728190823865
1052,2017,0,45.217479252697466
1068,2000,0,-20.23907051028151
1068,2005,0,-0.7619891278682384
1068,2010,0,8.18165065001624
1068,2015,0,14.07721018498275
1068,2017,0,34.15047974305269
1082,2000,0,0.0
1082,2005,0,0.0
1082,2010,0,0.0
1082,2015,0,0.0
1082,2017,0,262884690891950.0
1097,2000,0,-41.074160417359515
1097,2005,0,-44.037758316889395
1097,2010,0,12.259158866299353
1097,2015,0,15.530421947600953
1097,2017,0,15.530421947600953
1098,2000,0,-12.002541396181355
1098,2005,0,-27.252117320071452
1098,2010,0,1.0041958129453026
1098,2015,0,9.35486642755249
1098,2017,0,12.950502703012523
