id_bgl,basin_level,start_year,t_score,u_score,p_t,p_u,sign_diff,delta
111_232,3,2017,3.6294280752785593,81.5,0.002042426070689471,0.035095797419284286,1.0,35.6069946975161
111_729,3,2017,4.1924047151390385,92.5,0.005235932686877633,0.004303876558312955,1.0,79.14083612293832
111_818,3,2017,0.866304684201186,63.5,0.42314581398530926,0.37686571143689396,-1.0,-1.8003867351490854
112_231,3,2017,2.8518859775811745,78.5,0.009604308237466589,0.05699830641051993,1.0,26.20494819347339
112_232,3,2017,4.653507493021451,93.5,0.003463243637927187,0.003467193190765815,1.0,95.40066555622778
112_262,3,2017,3.9560999703437862,93.5,0.011031697797498763,0.003467193190765815,1.0,130.39745083336328
112_706,3,2017,3.7897496973888,92.5,0.007290695891067487,0.004303876558312955,1.0,34.69881588439081
113_887,3,2017,6.072457103703583,90.5,6.062362981954861e-06,0.006547287612860911,1.0,98.89228477392736
114_231,3,2017,3.757365754124721,94.5,0.012441847100377079,0.002781224934389138,1.0,116.16450496839354
114_404,3,2017,5.6874239219168174,84.5,1.010547212004541e-05,0.020822974945909827,1.0,194.55791023663662
114_706,3,2017,3.903842415263249,90.5,0.00792851242220179,0.006547287612860911,1.0,92.35930810795277
115_231,3,2017,2.5522701818408025,92.5,0.060108203826926755,0.004303876558312955,1.0,43.70912909676438
115_232,3,2017,4.24682941178967,91.5,0.005487446696279299,0.005319686062957794,1.0,43.221296456645135
115_262,3,2017,5.794651391820222,91.5,0.00014300283041535127,0.005319686062957794,1.0,157.11285595768513
115_404,3,2017,1.769333527986584,76.5,0.13503458741422064,0.0771659313616824,1.0,12.140298921147604
115_706,3,2017,6.601604664694088,94.5,1.397777582780488e-06,0.0027394603912935704,1.0,34.216075964213005
115_728,3,2017,0.4916748148019558,54.5,0.6350259792466582,0.7856962962493347,1.0,12.121411595004602
115_800,3,2017,3.544370029909451,93.5,0.015337845012281012,0.0034609301161331366,1.0,163.99980347033966
115_834,3,2017,0.7816806217466133,63.5,0.4623523456942976,0.37686571143689396,1.0,6.197601642100811
116_834,3,2017,1.7895521692455747,85.5,0.14701044265528515,0.017352389190761427,1.0,27.2599962124018
116_894,3,2017,3.065201213053176,93.5,0.03129632651169398,0.003467193190765815,1.0,245.10039484547636
117_404,3,2017,5.667288108732923,93.5,8.648347970959309e-05,0.003467193190765815,1.0,56.618486559775704
117_454,3,2017,1.6252714150338212,78.5,0.1623087363367799,0.05699830641051993,1.0,455.6703249654345
117_508,3,2017,3.919668960706099,81.5,0.0014008141419060427,0.035095797419284286,1.0,31.28347171287979
117_706,3,2017,4.44617067311639,89.5,0.0017903451083096011,0.008024002332133759,1.0,27.98102760714246
117_834,3,2017,3.1943832268937724,89.5,0.020685166453928913,0.008024002332133759,1.0,55.47294605571379
121_508,3,2017,3.2903377067309765,83.5,0.010142972340674556,0.02488372328270136,1.0,71.69134709934623
122_180,3,2017,2.141434248746138,93.5,0.09702647831529335,0.0006514688020549246,1.0,1912611973627159.8
122_24,3,2017,1.9991545983183001,77.5,0.10393225748690908,0.06645414979996266,1.0,114.24446794008216
122_454,3,2017,1.5422411467356882,78.5,0.17752742910880237,0.05699830641051993,1.0,13.342986043132598
122_508,3,2017,0.7902711035716282,66.5,0.4515530413892056,0.27676572286017653,1.0,42.372972282428975
122_516,3,2017,0.6907111933459547,65.5,0.5180955408968979,0.307900293130149,1.0,33.76481135803821
122_716,3,2017,3.1832323957167987,89.5,0.018360578615949568,0.008024002332133759,1.0,19.59278728432802
122_72,3,2017,0.46549452124225243,56.5,0.658944511071434,0.6833800574551345,-1.0,-2.2167064567700336
122_834,3,2017,3.073668643265708,88.5,0.02321867323634814,0.00979219587072503,1.0,67.02756706583443
122_894,3,2017,1.8817109749567853,76.5,0.11796163427673274,0.0771659313616824,1.0,70.50028961911408
123_508,3,2017,5.266231269595845,93.5,0.0005868812449499427,0.003467193190765815,1.0,50.68773546532408
123_716,3,2017,2.4882834068639115,86.5,0.05359110959466158,0.014399864726701132,1.0,12.783843283812319
124_508,3,2017,0.8995741678002916,61.5,0.4103150736167916,0.4546204062737812,1.0,8.29437964913025
124_710,3,2017,4.535284121759351,93.5,0.0011041293218171943,0.003467193190765815,1.0,28.42666159712689
124_716,3,2017,3.00916016027784,88.5,0.024636603520924054,0.00979219587072503,1.0,33.15724269318405
124_72,3,2017,4.393298055552256,89.5,0.00249812992709785,0.008024002332133759,1.0,52.935644344815415
125_426,3,2017,2.5945966737925157,89.5,0.055213438965082504,0.007523030701972875,1.0,36.00001401132319
125_508,3,2017,0.5451280702868844,63.5,0.6086715293112763,0.37686571143689396,1.0,5.794460596503599
125_710,3,2017,0.40071596873978876,59.5,0.6984377278036131,0.5406815690956761,1.0,0.5508606066429717
125_748,3,2017,1.6016786237960827,77.5,0.17233748256330933,0.06645414979996266,1.0,15.878434352371446
126_710,3,2017,0.9978250640925472,65.5,0.3557010260569873,0.307900293130149,1.0,11.681032800324392
127_426,3,2017,2.872662669595025,80.5,0.017229332342829702,0.04142253879330133,1.0,14.917670509784104
127_516,3,2017,1.2771569754090402,73.5,0.26927385504521206,0.11794806736103866,1.0,38.087582781554964
127_710,3,2017,2.714254335865524,82.5,0.036914286991807224,0.029613094352645416,1.0,29.00816281747285
127_72,3,2017,1.707326819199156,79.5,0.15297347312935533,0.048689610702269216,1.0,122.94506419222076
128_516,3,2017,6.8550852072646915,92.5,1.112359068673607e-06,0.004303876558312955,1.0,52.485563886580934
129_24,3,2017,1.5482715656671073,68.5,0.1845175457855818,0.2211162550702167,1.0,155.8971216180165
129_516,3,2017,3.3065900790593314,86.5,0.007685919397858434,0.014399864726701132,1.0,29.43939848736918
129_716,3,2017,1.9265793200912247,77.5,0.10431595873522595,0.06645414979996266,1.0,41.32605280920785
129_72,3,2017,2.804074569295624,83.5,0.028796663775393902,0.02488372328270136,1.0,43.73859626957328
131_24,3,2017,1.047978699143462,64.5,0.3413913857686854,0.3412684763150512,1.0,3.2601993425433857
131_516,3,2017,4.831689040580674,87.5,0.00025500503786418167,0.011899644584157432,1.0,17.119357251615217
132_108,3,2017,2.317546543967041,93.5,0.08002279822720824,0.003467193190765815,1.0,57.673378886042784
132_120,3,2017,4.882258090442674,90.5,0.0007032694031987391,0.006547287612860911,1.0,128.34942513714287
132_140,3,2017,3.505821482506968,82.5,0.005143110455444878,0.029613094352645416,1.0,25.33716088508698
132_178,3,2017,3.6640433000702637,87.5,0.006736922279253695,0.011899644584157432,1.0,77.26869083488145
132_180,3,2017,4.654826169975287,86.5,0.00038915394334953195,0.014399864726701132,1.0,47.95705931370598
132_24,3,2017,6.765147313083137,88.5,8.052758734408902e-07,0.00979219587072503,1.0,169.6649152178128
132_266,3,2017,,50.0,,1.0,,0.0
132_454,3,2017,,50.0,,1.0,,0.0
132_646,3,2017,2.853496190155851,80.5,0.025045484035095954,0.04142253879330133,1.0,14.391237963206235
132_728,3,2017,1.5403080551860733,70.0,0.198330217436486,0.0048840630105475985,,0.0
132_729,3,2017,,50.0,,1.0,,0.0
132_800,3,2017,,50.0,,1.0,,0.0
132_834,3,2017,2.570138361275952,92.5,0.056648751083169635,0.004303876558312955,1.0,309.3354887741322
132_894,3,2017,2.558592867255626,82.5,0.04281433340116943,0.029613094352645416,1.0,49.278462860428675
133_120,3,2017,6.4182919935242335,92.5,2.7709520947637454e-06,0.004303876558312955,1.0,181.58300643631026
133_140,3,2017,7.523867917785357,90.5,1.8502735302655394e-07,0.006536929806265977,1.0,1777.1281315472254
133_178,3,2017,3.634040262177524,84.5,0.005122822541534708,0.020822974945909827,1.0,60.6676350388684
133_180,3,2017,4.1731603619415,88.5,0.0030756670466846143,0.00979219587072503,1.0,67.9615093225818
133_226,3,2017,5.502558242438051,92.5,0.0001439807156996497,0.004303876558312955,1.0,244.88853141332058
133_24,3,2017,4.141227770716686,90.5,0.0029618809015612025,0.006547287612860911,1.0,102.35359727946522
133_266,3,2017,6.464163442367194,84.5,2.0343312027759525e-06,0.020822974945909827,1.0,120.84318512574997
133_566,3,2017,6.098212847247058,92.5,3.970370017706303e-06,0.004303876558312955,1.0,62.38038956973448
134_226,3,2017,5.231323285492048,87.5,6.110367215748877e-05,0.011899644584157432,1.0,149.38607653430415
134_678,3,2017,,50.0,,1.0,,0.0
141_566,3,2017,5.264838824833425,93.5,0.0003108997689598687,0.003467193190765815,1.0,164.95055499856227
142_12,3,2017,3.2511850547739787,89.5,0.02265821921061369,0.008024002332133759,1.0,1268.5265276436937
142_120,3,2017,1.863925013499519,75.5,0.1123969138469794,0.08924454710859073,1.0,52.840558593061346
142_148,3,2017,1.2254151639036683,68.5,0.2755049770725136,0.2211162550702167,1.0,16.20737512585591
142_204,3,2017,2.386929084464038,78.5,0.050916058484929236,0.05699830641051993,1.0,173.777401020157
142_324,3,2017,2.133731839569725,86.5,0.09108523080822221,0.014399864726701132,1.0,37.94298845948163
142_384,3,2017,2.4763775840490547,82.5,0.049598571513095394,0.029613094352645416,1.0,129.55265280135927
142_466,3,2017,2.7423991397758547,79.5,0.031426850856027075,0.048689610702269216,1.0,41.60151232192072
142_478,3,2017,1.8699900807796783,78.0,0.12052190792158624,0.05066103315249452,1.0,233.32109273606304
142_562,3,2017,4.850426634454848,92.5,0.0010668324138872157,0.004303876558312955,1.0,101.06393865953632
142_566,3,2017,4.42293034839012,92.5,0.0019384886264378013,0.004303876558312955,1.0,84.33783414472619
142_694,3,2017,,50.0,,1.0,,0.0
142_854,3,2017,4.961686772808664,88.5,0.00013300106997497297,0.00979219587072503,1.0,62.12630621664819
143_204,3,2017,4.799511554336446,93.5,0.0009385815295763093,0.003467193190765815,1.0,79.8619531056524
143_288,3,2017,3.2781882945627046,82.5,0.006756430119541338,0.029613094352645416,1.0,26.257586073336476
143_566,3,2017,5.547741730590403,90.5,5.15343497651637e-05,0.006547287612860911,1.0,103.9766380642303
143_768,3,2017,5.406649456350093,92.5,6.985715719121423e-05,0.004303876558312955,1.0,72.79047656493374
144_204,3,2017,2.036008422128272,84.5,0.09425729335559102,0.020822974945909827,1.0,272.51863245581677
144_288,3,2017,1.8352628077186988,84.5,0.13849613067916516,0.020822974945909827,1.0,75.6012421369267
144_384,3,2017,1.374123143376285,71.5,0.23090472996992664,0.1534378834105726,1.0,7.784404502443215
144_466,3,2017,1.9921206627398667,62.5,0.059021329344070075,0.4146659024229229,1.0,7.525420317397859
144_768,3,2017,1.2391018444035633,73.5,0.2633465882759435,0.11794806736103866,1.0,121.34468674764048
144_854,3,2017,4.1643639020317655,91.5,0.004279793900356414,0.005319686062957794,1.0,69.12892998291281
145_270,3,2017,3.408351961345395,76.5,0.002821025585329999,0.0771659313616824,1.0,11.44349016062388
145_288,3,2017,4.668774350742232,92.5,0.00037840527855689766,0.004303876558312955,1.0,60.737560855870576
145_324,3,2017,2.9654444845835393,91.5,0.03524251776308373,0.005319686062957794,1.0,92.66031926114603
145_384,3,2017,5.311330936116188,91.5,0.0001353987970640533,0.005319686062957794,1.0,66.42529019191986
145_430,3,2017,3.6580882821399183,90.5,0.008798049510150828,0.006547287612860911,1.0,81.19846639336284
145_466,3,2017,3.1498152693710555,93.5,0.029465408026515445,0.003467193190765815,1.0,99.44415720892954
145_624,3,2017,5.06472262206716,88.5,9.035705815625996e-05,0.00979219587072503,1.0,33.58774742334183
145_686,3,2017,2.749125804782771,78.5,0.01516821446572,0.05699830641051993,1.0,2.7652750115348885
145_694,3,2017,4.456424725400433,90.5,0.00072748808036235,0.006547287612860911,1.0,50.10800172645745
145_854,3,2017,3.204350221337268,85.5,0.01972113909328046,0.017352389190761427,1.0,61.97630123798764
146_324,3,2017,5.054009408628807,93.5,4.757231253817694e-05,0.003467193190765815,1.0,15.592558299398245
146_466,3,2017,3.2699877373738135,86.5,0.01578370350400335,0.014399864726701132,1.0,32.75038115603708
146_478,3,2017,0.895035208579345,66.5,0.4061765756319252,0.27676572286017653,1.0,31.504443462032977
146_686,3,2017,0.9545663838741313,69.5,0.37847333113268516,0.1965160943128864,1.0,59.27515116232811
147_478,3,2017,1.1709817226425137,62.5,0.2736060994094057,0.4146659024229229,1.0,25.316764227425214
147_686,3,2017,0.16123951680141296,49.5,0.8764254397450401,1.0,-1.0,-8.563547877574463
151_12,3,2017,0.07644707083810098,69.5,0.940792957996059,0.19582607200843138,1.0,36.442029628524814
151_478,3,2017,2.782930856871462,80.5,0.019610493718059653,0.04142253879330133,1.0,51.412405546626125
151_504,3,2017,1.9843610808532737,69.5,0.0648199277875304,0.1965160943128864,1.0,24.15650782842478
151_732,3,2017,0.46819339890365647,65.5,0.6483872525323017,0.307900293130149,1.0,22.352505503041534
152_1012,3,2017,5.939000602629759,95.5,1.6379868082231495e-05,0.0022214145869887034,1.0,65.33245519988245
152_1038,3,2017,3.8564009337526914,88.5,0.004333839719619494,0.00979219587072503,1.0,76.9321130588821
153_12,3,2017,-0.4497216377453351,43.5,0.6657882333555494,0.6833800574551345,-1.0,-4.737577140510872
153_380,3,2017,2.3248942671663126,78.5,0.06024608124466595,0.05699830641051993,1.0,18.23338521437588
153_504,3,2017,1.915609660081558,73.5,0.08754460141009078,0.11794806736103866,1.0,16.878925171910332
153_724,3,2017,5.175837844033965,95.5,0.0001834909827230289,0.0022214145869887034,1.0,33.404598005612954
153_788,3,2017,2.866345556444204,79.5,0.011158016665310229,0.048689610702269216,1.0,14.598933337506148
154_12,3,2017,1.1403107968433708,57.5,0.2665051125088579,0.6341948173294822,1.0,6.24050684083819
154_478,3,2017,-0.20991836857330148,78.5,0.8359852613570785,0.05699830641051993,1.0,1065.3713008344444
154_504,3,2017,1.0363778973497746,66.5,0.3259058837910306,0.27676572286017653,1.0,25.262506750427292
154_732,3,2017,-0.22018654594726936,77.5,0.8278636447036065,0.06645414979996266,1.0,1310.5091477382791
154_788,3,2017,2.9155400120704895,80.5,0.01665027258706158,0.04142253879330133,1.0,263.2437636632085
155_12,3,2017,2.0365682942629064,78.5,0.08081834549088186,0.05699830641051993,1.0,73.67291554234178
155_434,3,2017,1.017428484407923,81.5,0.3596666359109123,0.035095797419284286,1.0,422.06633341434616
155_466,3,2017,2.223301155967308,78.5,0.06994193035047133,0.05699830641051993,1.0,108.64963922818936
155_478,3,2017,0.8760599149793342,60.5,0.417167131215711,0.49665738654204294,1.0,6.871621720040413
155_788,3,2017,-0.030049691407641955,46.5,0.9769703904283011,0.838410115171209,1.0,12.905989474550717
156_434,3,2017,3.629790184912371,86.5,0.005698431468327108,0.014399864726701132,1.0,58.36545511643535
156_788,3,2017,3.349987835047568,83.5,0.008783307100927654,0.02488372328270136,1.0,63.35320033783118
156_818,3,2017,1.9052717086393305,89.5,0.12735771467124252,0.008024002332133759,1.0,62.10700784632187
157_12,3,2017,7.56345545762397,92.5,1.9696122280181923e-07,0.004303876558312955,1.0,518.6666271345726
157_148,3,2017,1.7873927834536798,92.5,0.13861159249084565,0.004303876558312955,1.0,8204.204244507859
157_434,3,2017,1.4785065591016575,73.5,0.20659742773201778,0.11794806736103866,1.0,49.53943893110783
157_562,3,2017,-1.0349242719766354,62.5,0.31369780658995894,0.38273308888522606,1.0,99.99999999975729
158_148,3,2017,0.727606875108999,57.5,0.5028287114892881,0.3119010174389465,,0.0
158_434,3,2017,1.2702158902900904,84.5,0.2724227430653285,0.020822974945909827,1.0,43.121351779827556
158_729,3,2017,2.77147074953816,93.5,0.0477239015329382,0.0009627651954177606,1.0,1.00416532716047e+16
158_818,3,2017,1.8623423555158636,67.5,0.13287984608998854,0.24784912392821346,1.0,442.9958675524178
159_148,3,2017,3.6816715112206255,83.5,0.0012369807489943623,0.02488372328270136,1.0,49.51296750782568
159_434,3,2017,,50.0,,1.0,,0.0
159_729,3,2017,-0.18729486870732698,45.5,0.8542691238933598,0.7856962962493347,-1.0,-10.259535336859605
161_12,3,2017,7.485382888876387,94.5,1.8324162288525316e-07,0.002781224934389138,1.0,1447.9822347932625
161_148,3,2017,2.8449465529805757,91.5,0.033433608281820196,0.005319686062957794,1.0,145.79940101847396
161_434,3,2017,7.64850186916233,94.5,1.0239264628192955e-07,0.0009659603588819365,1.0,1787.445517883014
161_562,3,2017,2.1570961138009688,92.5,0.08408114018628432,0.004303876558312955,1.0,927.6148156078348
161_729,3,2017,,50.0,,1.0,,0.0
162_120,3,2017,2.0420113692629127,84.5,0.10322162972229816,0.020822974945909827,1.0,71.60965881535657
162_140,3,2017,2.7642601946279637,89.5,0.04050464214486091,0.008024002332133759,1.0,46.461734995015355
162_148,3,2017,4.717567963255349,91.5,0.0003743355492501445,0.005319686062957794,1.0,38.5741429428273
162_562,3,2017,1.4728249062199565,74.5,0.199931245160673,0.10280164223951978,1.0,103.2334911333833
162_566,3,2017,4.4827066493308365,89.5,0.0003957122247138217,0.008024002332133759,1.0,32.5574363001877
162_729,3,2017,2.9937380553817263,92.5,0.033179509754732855,0.004303876558312955,1.0,77.11903432106682
171_818,3,2017,5.072776391795553,89.5,9.54752891997279e-05,0.008024002332133759,1.0,34.604620002620734
172_1029,3,2017,2.0824411559305727,87.5,0.09281493310974219,0.011899644584157432,1.0,319.8042141895851
172_108,3,2017,4.735554808904736,93.5,0.000747396894357884,0.003467193190765815,1.0,71.95041688695318
172_140,3,2017,,50.0,,1.0,,0.0
172_180,3,2017,3.8675019066586107,92.5,0.006945934430254371,0.004303876558312955,1.0,58.72057763133866
172_231,3,2017,2.6104590999864357,93.5,0.05589136367215387,0.003467193190765815,1.0,35.98072371369469
172_232,3,2017,3.1359131696007907,82.5,0.008809206006318472,0.029613094352645416,1.0,14.424246748041252
172_404,3,2017,2.72262156004625,95.5,0.04974293610970894,0.0022214145869887034,1.0,56.49803298434907
172_646,3,2017,3.3054048588116434,90.5,0.019492058374031698,0.006547287612860911,1.0,64.97133997663492
172_728,3,2017,2.5843874573375434,86.5,0.0544347483172283,0.014399864726701132,1.0,68.38877400258353
172_729,3,2017,-0.22987215360464291,42.5,0.8255990732496387,0.6341948173294822,-1.0,-6.020258174930865
172_800,3,2017,3.9293707343422293,89.5,0.008530975647005107,0.008024002332133759,1.0,76.14163296716137
172_818,3,2017,3.521631165887018,93.5,0.01757498960188611,0.003467193190765815,1.0,72.56073210711904
172_834,3,2017,2.6359981003176176,91.5,0.054212248844318606,0.005319686062957794,1.0,59.11398677185851
173_818,3,2017,4.891650898354574,84.5,7.047522527032966e-05,0.020822974945909827,1.0,20.83932589021228
181_450,3,2017,3.1650909589815464,83.5,0.010757597053497353,0.02488372328270136,1.0,10.540846457174368
182_1025,3,2017,1.4,67.5,0.2288041223341344,0.040337393747568846,,0.0
183_1034,3,2017,,50.0,,1.0,,0.0
184_174,3,2017,4.281106038780229,81.5,0.0002971709416483727,0.035095797419284286,1.0,119.45389557466235
184_175,3,2017,5.331806106650212,85.5,2.3432401429978273e-05,0.017352389190761427,1.0,114.26066800567216
185_1082,3,2017,0.026239193698851228,68.0,0.9793558206195703,0.1329796429407621,1.0,262884690891950.0
185_690,3,2017,5.927030444130882,90.5,4.84230802477525e-06,0.006547287612860911,1.0,45.62550863006891
186_690,3,2017,,50.0,,1.0,,0.0
187_690,3,2017,-1.4529663145135576,45.0,0.16254999902972705,0.5156382177966408,,0.0
188_1047,3,2017,,50.0,,1.0,,0.0
211_1027,3,2017,2.4491424063430363,85.5,0.06199728907445389,0.017352389190761427,1.0,19.509493170425827
211_1049,3,2017,1.387811092145614,74.5,0.2138937216608576,0.10280164223951978,1.0,217.6415083182759
211_1098,3,2017,3.661174174564018,82.5,0.0017100697045446815,0.029613094352645416,1.0,12.950502703012523
211_196,3,2017,2.2771342381572457,81.5,0.07708192067320298,0.035095797419284286,1.0,41.45875995404696
211_300,3,2017,3.6447759059458282,91.5,0.0127459144825536,0.005319686062957794,1.0,12.211559615409827
211_376,3,2017,1.9652001100074117,81.5,0.11456227597322559,0.035095797419284286,1.0,45.08551676096879
211_422,3,2017,0.8132917124999713,61.5,0.44621557047225,0.4546204062737812,1.0,1.9415815833632075
211_760,3,2017,1.0728691627144311,64.5,0.31960176562267417,0.3412684763150512,1.0,3.7967935507376045
211_792,3,2017,1.7309490320318046,71.5,0.1309564416261878,0.1534378834105726,1.0,17.941778330329807
211_818,3,2017,4.387727780786404,84.5,0.0002380684843218339,0.020822974945909827,1.0,29.18664045298845
212_300,3,2017,2.6594082486291124,94.5,0.05228026496956524,0.002781224934389138,1.0,11.956532042635796
212_792,3,2017,3.3314140448238634,86.5,0.012653217839762008,0.014399864726701132,1.0,25.558040786204543
213_100,3,2017,3.9410727686023455,89.5,0.005401053240864068,0.008024002332133759,1.0,25.763989004807726
213_191,3,2017,1.305047488782976,72.5,0.24219251546495668,0.13479216155813392,1.0,32.8694139758637
213_300,3,2017,1.5344234112932433,71.5,0.1711710852059853,0.1534378834105726,1.0,27.243788892200516
213_380,3,2017,1.7988064805545823,68.5,0.09251441669774496,0.2211162550702167,1.0,8.657257457394088
213_499,3,2017,0.5932493492867877,59.5,0.5786571070704659,0.5406815690956761,1.0,0.9296201474537558
213_688,3,2017,2.051479791757089,80.5,0.09406193050918188,0.04142253879330133,1.0,18.78854509969425
213_70,3,2017,-0.8951827545070545,33.5,0.4036524350102022,0.27676572286017653,-1.0,-27.565775273561293
213_705,3,2017,4.309146306115098,95.5,0.0014021128518514182,0.0022214145869887034,1.0,19.491318346627
213_792,3,2017,1.511301601154388,70.5,0.1737651675067752,0.17398281795260206,1.0,19.684658736759765
213_8,3,2017,3.2861003318967246,87.5,0.017520374628849554,0.011899644584157432,1.0,17.41099569759251
213_807,3,2017,2.3111353976867224,78.5,0.053550746993785585,0.05699830641051993,1.0,22.40340180108335
214_250,3,2017,1.9107364916277867,92.5,0.12828761688238793,0.004303876558312955,1.0,224.44705102659137
214_380,3,2017,6.049913110612207,86.5,5.7989857678441645e-06,0.014399864726701132,1.0,66.0934263495736
214_40,3,2017,2.0957150716336215,79.5,0.08216654110750299,0.048689610702269216,1.0,36.0505570411787
214_674,3,2017,0.5686918686089618,86.5,0.5755990984970516,0.0053401795020219375,1.0,140.5664115664666
214_705,3,2017,,50.0,,1.0,,0.0
214_756,3,2017,3.038864471313986,94.5,0.034515711973456216,0.002781224934389138,1.0,49.78761900452102
215_250,3,2017,,50.0,,1.0,,0.0
215_336,3,2017,1.632993161855452,70.0,0.17780780835622126,0.004847015464085543,,0.0
215_380,3,2017,3.4204534561117814,87.5,0.013083228571740081,0.011899644584157432,1.0,18.866594646082817
216_20,3,2017,4.268047018002586,93.5,0.006093351624209599,0.003467193190765815,1.0,189.6595098361753
216_250,3,2017,5.264354787184532,91.5,4.276600385651203e-05,0.005319686062957794,1.0,30.824370070241773
216_292,3,2017,3.0171439446675774,93.5,0.03527426219528871,0.003467193190765815,1.0,206.179212996887
216_380,3,2017,1.1986174707714878,70.5,0.29530104714812455,0.17398281795260206,1.0,2.1191914923627473
216_492,3,2017,5.037463344275313,93.5,0.001354852916050128,0.0034609301161331366,1.0,565.3695616300328
216_724,3,2017,4.428606753016434,87.5,0.00043984079396242596,0.011899644584157432,1.0,54.18574195322826
216_756,3,2017,3.3103752981007823,95.5,0.023626419755786082,0.0022214145869887034,1.0,36.994886120830664
217_724,3,2017,1.9900378264034875,80.5,0.09786049480670077,0.04142253879330133,1.0,14.070561794875664
218_250,3,2017,3.7321972041597933,89.5,0.007619459708473686,0.008024002332133759,1.0,30.387036976028813
218_380,3,2017,3.256532604823373,88.5,0.014530515564936062,0.00979219587072503,1.0,21.148703920479775
219_380,3,2017,2.0578650873016913,86.5,0.1047196728802194,0.014399864726701132,1.0,11.153603162292494
219_470,3,2017,3.2045548627487315,89.5,0.0215174629075642,0.008024002332133759,1.0,51.33284134290196
221_268,3,2017,3.544561286110109,93.5,0.013045918491334045,0.003467193190765815,1.0,26.1248017700595
221_643,3,2017,1.2068825429754042,72.0,0.2933944939480359,0.06228149080778986,1.0,55082620454800.0
221_792,3,2017,4.06093769279668,85.5,0.0008143008594181719,0.017352389190761427,1.0,15.497310958620686
222_268,3,2017,2.908441425830821,83.5,0.02234152923147121,0.02488372328270136,1.0,36.861346442141574
222_643,3,2017,4.731911080635514,90.5,0.00023684764148395348,0.006547287612860911,1.0,23.504858167884233
223_643,3,2017,1.5345064272286775,81.5,0.18475001183859818,0.035095797419284286,1.0,22.44054374143594
223_804,3,2017,2.1720438180086252,94.5,0.09319511387065052,0.002781224934389138,1.0,59.854230481104864
224_643,3,2017,2.9043956693241695,87.5,0.031352584048538294,0.011899644584157432,1.0,41.999129531380746
224_804,3,2017,3.971458283493033,89.5,0.0018158188207778301,0.008024002332133759,1.0,11.371881580592051
225_112,3,2017,0.54450723479003,61.5,0.6093132440026028,0.4546204062737812,1.0,16.39813411499737
225_643,3,2017,0.13742775226383835,51.5,0.8956797801553975,0.9458048585528951,1.0,3.459959730940482
225_804,3,2017,1.4111597177839406,72.5,0.21556422942986483,0.13479216155813392,1.0,7.71736073499217
226_498,3,2017,1.1276207957353324,65.5,0.30472016103990784,0.307900293130149,1.0,3.6283574042854254
226_616,3,2017,1.8288929757948653,81.5,0.1241294386660834,0.033941271376099896,1.0,71.46364788774898
226_804,3,2017,1.5467416544089265,74.5,0.18149817123244052,0.10280164223951978,1.0,5.689860704334632
227_100,3,2017,1.6112886536754671,72.5,0.161305541500274,0.13479216155813392,1.0,8.954493706958745
227_191,3,2017,0.40653301979863393,55.5,0.6987423754346136,0.7339474627492532,1.0,0.6169021009745183
227_203,3,2017,2.4292058632877174,77.5,0.02911249323521456,0.06645414979996266,1.0,9.573713920734722
227_276,3,2017,5.010228809740001,93.5,0.00027745356590215396,0.003467193190765815,1.0,37.50555991781716
227_348,3,2017,-1.7287046318016266,42.5,0.09887647797789169,0.6341948173294822,-1.0,-4.673166377815999
227_380,3,2017,2.2330803617971227,95.5,0.08852517134950597,0.0022214145869887034,1.0,98.22861282361579
227_40,3,2017,5.282042058415695,95.5,0.00023120332969854652,0.0022214145869887034,1.0,27.37849062628613
227_498,3,2017,1.7423796041786532,73.5,0.0961867846313812,0.11794806736103866,1.0,9.363526045750108
227_499,3,2017,5.073610137413855,93.5,0.0009217832469656407,0.003467193190765815,1.0,48.59029884045966
227_616,3,2017,2.7716379534467825,89.5,0.03810699692702168,0.00799976885080906,1.0,470.32361744456887
227_642,3,2017,-0.31700234768598695,47.5,0.7594299700257371,0.8918594638362826,-1.0,-1.1452379523928353
227_688,3,2017,0.49068358710974114,61.5,0.6297725603904857,0.4546204062737812,1.0,13.67726372993637
227_70,3,2017,0.6480693950820873,58.5,0.5379368864904404,0.5865744278376042,1.0,3.059751836157009
227_703,3,2017,0.38360727098253733,54.5,0.7077439621107988,0.7856962962493347,1.0,13.15805589298308
227_705,3,2017,1.546416512714479,67.5,0.15311958658661498,0.24784912392821346,1.0,9.318367073403362
227_756,3,2017,4.068536760391605,92.5,0.007907299963917789,0.004303876558312955,1.0,56.84181859449613
227_8,3,2017,2.0370479524954437,74.5,0.08955624487717052,0.10280164223951978,1.0,48.22268527481026
227_804,3,2017,0.6265828144620392,57.5,0.5507046880046542,0.6341948173294822,-1.0,-1.8098340332323586
227_807,3,2017,,50.0,,1.0,,0.0
228_100,3,2017,0.7405428047312516,59.5,0.480374365552259,0.5406815690956761,-1.0,-1.1621027715527097
228_642,3,2017,-0.39434461667729576,41.5,0.7078353717911787,0.5865744278376042,-1.0,-10.96597742865328
228_792,3,2017,5.315086052521957,88.5,0.00017088073462125767,0.00979219587072503,1.0,76.26305636377138
228_804,3,2017,-4.427364171623441,6.5,0.0024571969541172037,0.003467193190765815,-1.0,-19.787707096076755
231_250,3,2017,4.204395775627142,84.5,0.0008786629829572886,0.020822974945909827,1.0,78.04627660959741
231_620,3,2017,2.1975697451016694,84.5,0.08334657400166899,0.020822974945909827,1.0,13.920395606361632
231_724,3,2017,2.016827703594599,71.5,0.06950955917762745,0.1534378834105726,1.0,18.22447971854919
232_20,3,2017,0.7276068751089991,57.5,0.5028287114892881,0.3119010174389465,,0.0
232_203,3,2017,2.663390821328461,83.5,0.03900382854978848,0.02488372328270136,1.0,20.712968389882885
232_250,3,2017,5.606951353314384,91.5,2.8598370744025814e-05,0.005319686062957794,1.0,45.22781458395389
232_276,3,2017,5.4428400727142074,92.5,2.3389085741939067e-05,0.004303876558312955,1.0,32.697119212544
232_380,3,2017,1.6918102292442365,91.0,0.16593268102354633,0.0038625488654437665,1.0,310330931097259.94
232_40,3,2017,5.377623763483017,93.5,0.00023942714536071626,0.003467193190765815,1.0,47.865882386027245
232_438,3,2017,3.2305758735252863,91.5,0.020646568384559326,0.005319686062957794,1.0,93.95699729550563
232_442,3,2017,5.958828923790708,93.5,6.610397996104276e-05,0.003467193190765815,1.0,53.96806639022039
232_528,3,2017,4.2835250979288135,93.5,0.005235680433445879,0.003467193190765815,1.0,54.68828043326267
232_56,3,2017,3.6948759786336787,94.5,0.013208992911071927,0.002781224934389138,1.0,40.94342240479592
232_616,3,2017,2.2750778312685846,73.5,0.03297999810870989,0.11794806736103866,1.0,26.119630607122808
232_724,3,2017,4.512076919723823,91.5,0.001519308058545935,0.005319686062957794,1.0,89.41202769601107
232_756,3,2017,5.082375922820735,95.5,0.0009190145714350469,0.0022214145869887034,1.0,53.608736092062635
232_831,3,2017,2.8910887803331953,85.5,0.021300604639933395,0.017352389190761427,1.0,37.21537975839316
232_832,3,2017,4.161155467836357,88.5,0.0011546018052691954,0.00979219587072503,1.0,80.96128432008048
233_826,3,2017,6.138455056552135,93.5,8.177541225748315e-06,0.003467193190765815,1.0,116.43936789798789
233_833,3,2017,6.0690598421329875,88.5,4.67471090800071e-06,0.00979219587072503,1.0,111.9283311165193
234_372,3,2017,4.410535663713436,88.5,0.0009044900489195625,0.00979219587072503,1.0,92.9897587510267
234_826,3,2017,4.99733631403532,86.5,8.758262867616705e-05,0.014399864726701132,1.0,152.48295360953918
236_234,3,2017,4.757956316382761,84.5,0.0003876300640858893,0.00714437921701634,1.0,6.188057963330839e+17
237_826,3,2017,2.700068795136844,87.5,0.039109129195161386,0.011899644584157432,1.0,81.61533796033376
241_208,3,2017,2.9827741898433953,92.5,0.03365403960580516,0.004303876558312955,1.0,24.50942439752282
241_276,3,2017,7.0653768129507295,94.5,1.1125161072838967e-06,0.002781224934389138,1.0,51.16928069573684
241_616,3,2017,3.4950465162661963,93.5,0.011987448267231603,0.003467193190765815,1.0,43.60115437146045
242_112,3,2017,7.737754512103924,91.5,1.9717542864585318e-07,0.005319686062957794,1.0,30.631709171148447
242_203,3,2017,5.098767812597008,93.5,0.00013152773848806724,0.003467193190765815,1.0,22.75043382455257
242_233,3,2017,5.710647010477565,91.5,0.00010017288448197303,0.005319686062957794,1.0,49.325074678726736
242_276,3,2017,1.4981261986465624,72.5,0.1890906819832266,0.13479216155813392,1.0,21.69955591097052
242_428,3,2017,6.5284099670084155,93.5,2.421773374045789e-06,0.003467193190765815,1.0,19.982456272761763
242_440,3,2017,4.753729408020998,89.5,0.00022222160267089798,0.008024002332133759,1.0,21.924305447740718
242_616,3,2017,6.756064835630013,95.5,3.1244093762464563e-06,0.0022214145869887034,1.0,31.101119519177306
242_643,3,2017,5.5008307180350835,89.5,3.7266139668729204e-05,0.008024002332133759,1.0,35.68341240545633
242_703,3,2017,2.8393178718235954,89.5,0.035576415930910966,0.008024002332133759,1.0,25.279805751802215
242_804,3,2017,1.3785364822520823,72.5,0.23237887332682217,0.13479216155813392,1.0,12.757243263953697
243_112,3,2017,5.584187540245263,89.5,4.6760006742490734e-05,0.008024002332133759,1.0,39.533874021020914
243_246,3,2017,4.485130479521968,93.5,0.0032944268558296654,0.003467193190765815,1.0,38.35160094561928
243_248,3,2017,4.913760381628333,94.5,0.0017846706255418676,0.002781224934389138,1.0,44.73164323190989
243_578,3,2017,3.701463107247532,89.5,0.005762695713759784,0.008024002332133759,1.0,127.41466066504029
243_643,3,2017,5.83625622573722,91.5,2.758751899549584e-05,0.005319686062957794,1.0,49.55018566829544
244_208,3,2017,3.9668751732269922,95.5,0.007910379866391317,0.0022214145869887034,1.0,26.811004462660172
244_246,3,2017,5.6561197946894755,91.5,1.1272189960495355e-05,0.005319686062957794,1.0,46.573179111583045
244_578,3,2017,5.531719672601077,94.5,0.0006517020889340762,0.002781224934389138,1.0,72.89448429892612
244_752,3,2017,5.449332970105673,94.5,0.0005597219405540456,0.002781224934389138,1.0,44.0550138586571
245_752,3,2017,3.2748187028164994,91.5,0.019599219351278847,0.005319686062957794,1.0,32.55088615155308
251_578,3,2017,4.042300112154062,94.5,0.009776259585867114,0.002781224934389138,1.0,85.12925238219337
251_752,3,2017,3.212258009312498,95.5,0.028298002617369103,0.0022214145869887034,1.0,107.63164140127701
252_246,3,2017,3.422626303881729,84.5,0.004378481862123066,0.020822974945909827,1.0,38.78792281825652
252_578,3,2017,3.813700831517877,92.5,0.010281860812199027,0.004303876558312955,1.0,98.25343839528719
252_643,3,2017,5.729573810194655,93.5,7.604699581219705e-05,0.003467193190765815,1.0,87.93483590042453
252_752,3,2017,4.339409856043136,95.5,0.0055918083013336865,0.0022214145869887034,1.0,208.80034839475292
253_643,3,2017,,50.0,,1.0,,0.0
253_744,3,2017,1.629855410086294,78.5,0.17846530358763046,0.0028770378029029414,1.0,170614135117199.97
261_643,3,2017,5.265350497877742,89.5,8.812837354123812e-05,0.008024002332133759,1.0,84.21178504793411
262_643,3,2017,1.8192540446404408,77.5,0.14103712398955,0.06645414979996266,1.0,122.4916037821947
263_643,3,2017,,50.0,,1.0,,0.0
271_352,3,2017,2.743228503532101,92.5,0.04844883218427439,0.004303876558312955,1.0,826.1604006518866
272_744,3,2017,,50.0,,1.0,,0.0
281_364,3,2017,1.7283971076794693,83.5,0.14548530660108935,0.02488372328270136,1.0,34.594718472552
281_398,3,2017,1.790465626896896,77.5,0.1184485468749529,0.06645414979996266,1.0,72.94428044144593
281_4,3,2017,2.90937367072555,89.5,0.03287014673354063,0.008024002332133759,1.0,39.604213553809124
281_795,3,2017,3.5385173347612935,86.5,0.007512283001168207,0.014399864726701132,1.0,57.879312557056096
281_860,3,2017,4.102248708952181,89.5,0.003654031347184303,0.008024002332133759,1.0,93.72438422942707
282_398,3,2017,1.5481490234097393,70.5,0.15980715185383676,0.17398281795260206,1.0,6.43055792863284
282_643,3,2017,1.193765459344489,66.5,0.2769153567263572,0.27676572286017653,1.0,21.591806796297465
282_860,3,2017,1.0404675835124044,65.5,0.3381953327017083,0.307900293130149,1.0,53.07619824157873
283_398,3,2017,2.6995748796110797,87.5,0.043576849761984386,0.011899644584157432,1.0,110.97873849037343
283_643,3,2017,1.7728796765051738,75.5,0.12155198160041199,0.08924454710859073,1.0,30.424541041157166
284_268,3,2017,4.288606690680433,90.5,0.0015846071485071847,0.006547287612860911,1.0,19.323988719133666
284_31,3,2017,0.14620536589363753,48.5,0.8886413629720401,0.9458048585528951,1.0,2.202545730653029
284_364,3,2017,2.4621296163366737,72.5,0.030255546159319018,0.13479216155813392,1.0,85.08745681547636
284_51,3,2017,4.058206622528667,89.5,0.0014822212910150074,0.008024002332133759,1.0,24.121799340098786
284_643,3,2017,0.40508285259146526,65.5,0.698753459677365,0.307900293130149,1.0,6.142366540457398
284_792,3,2017,4.167518838553855,91.5,0.004401584477185102,0.005319686062957794,1.0,54.397200748114685
291_364,3,2017,0.6789399780818025,57.5,0.5274143795383885,0.6341948173294822,1.0,88.22018988718176
291_4,3,2017,0.34370217154569505,56.5,0.745129149206464,0.6833800574551345,1.0,19.391819099058367
291_586,3,2017,0.3698742264838674,62.5,0.7219935059746048,0.4146659024229229,1.0,26.670763770176652
292_364,3,2017,2.109016314075104,79.5,0.0936196156079127,0.048689610702269216,1.0,84.78802408568184
293_364,3,2017,3.935688187694897,89.5,0.003562388853948575,0.008024002332133759,1.0,40.95378203389758
293_586,3,2017,1.4103266397256153,68.5,0.21619201552605433,0.2211162550702167,1.0,59.373612878568075
294_364,3,2017,2.062277438030738,85.5,0.09309627495405627,0.017352389190761427,1.0,47.62541270723364
294_368,3,2017,1.9047179300195134,76.5,0.11058121782939553,0.0771659313616824,1.0,23.60446246836249
294_400,3,2017,2.918919245673988,71.5,0.009307545392800697,0.1534378834105726,1.0,58.542845892408124
294_682,3,2017,-0.16161758041722685,55.5,0.875951246642726,0.7339474627492532,1.0,5.009210478154222
294_760,3,2017,1.5166588174645936,74.5,0.18605665595122028,0.10280164223951978,1.0,19.668579878784428
294_792,3,2017,2.1086880114174673,77.5,0.09692438026695051,0.06645414979996266,1.0,67.53064165974236
295_368,3,2017,2.850350802293734,80.5,0.015374308309806704,0.04142253879330133,1.0,20.393000792826275
295_414,3,2017,4.452793413134459,86.5,0.0007597280567926869,0.014399864726701132,1.0,112.73838641145149
295_48,3,2017,4.096592225245916,90.5,0.005331321331512298,0.006547287612860911,1.0,139.83598561269014
295_512,3,2017,3.6488693707693693,84.5,0.004857283124512846,0.020822974945909827,1.0,59.87479248674688
295_634,3,2017,3.57772345147168,83.5,0.005500944784632306,0.02488372328270136,1.0,77.9007477372334
295_682,3,2017,2.024230160624999,73.5,0.08282716431389596,0.11794806736103866,1.0,36.30191338786608
295_784,3,2017,3.178555847521065,75.5,0.008777087204114575,0.08924454710859073,1.0,63.260851114133665
295_887,3,2017,3.9761016192024927,90.5,0.0059721485550546525,0.006547287612860911,1.0,58.81923085536634
296_376,3,2017,0.22495845351422883,45.5,0.8313778037086034,0.7856962962493347,-1.0,-3.7036128200284115
296_400,3,2017,1.9579579457651772,86.5,0.12096094442072967,0.014399864726701132,1.0,138.08715855653728
296_682,3,2017,5.4908932719815,92.5,0.00013861553189758866,0.004303876558312955,1.0,85.87220310269717
296_818,3,2017,2.723043445861212,91.5,0.04663845045931827,0.005319686062957794,1.0,34.554421029985036
296_887,3,2017,5.670380010725499,92.5,0.0002602962174158635,0.004303876558312955,1.0,89.70544146696469
297_512,3,2017,3.488367138125071,90.5,0.011917422973591949,0.006547287612860911,1.0,742.1340124387922
297_682,3,2017,2.6163824662386626,79.5,0.031283158893589694,0.048689610702269216,1.0,190.51357985303065
297_784,3,2017,6.553020701099548,90.5,3.885981379024071e-06,0.006547287612860911,1.0,1100.6570001044754
297_887,3,2017,2.186222118434714,91.5,0.07977863902523749,0.005319686062957794,1.0,663.5265905527165
298_368,3,2017,-0.17860858970412527,67.5,0.8599517905995253,0.24748470199495542,1.0,77.1991133547397
298_414,3,2017,,50.0,,1.0,,0.0
298_682,3,2017,1.4359535374145087,72.5,0.20384810585261134,0.13479216155813392,1.0,79.94434639453402
299_1049,3,2017,1.7152752741374977,73.5,0.12729368859529444,0.11794806736103866,1.0,55.38073054376088
299_368,3,2017,0.7929313714493825,65.5,0.46133265028761994,0.3078071380727444,1.0,305.84602936867793
299_376,3,2017,3.5467080271802627,84.5,0.005430693746769664,0.020822974945909827,1.0,26.156352242704315
299_400,3,2017,3.3620404982688545,85.5,0.010282024207203153,0.017352389190761427,1.0,167.2755597633703
299_422,3,2017,0.5152544750754998,66.5,0.6135106612723875,0.27676572286017653,1.0,71.5960936078045
299_682,3,2017,1.7365817272449169,86.5,0.14466570209426383,0.014399864726701132,1.0,359.2021504713216
299_760,3,2017,2.933479445587277,85.5,0.02624700962251258,0.017352389190761427,1.0,43.468042621730554
299_818,3,2017,1.5844330097552126,89.5,0.1808849658666583,0.007038834759117534,1.0,2080.081858138239
311_643,3,2017,4.997455279243781,91.5,8.095306073823799e-05,0.005319686062957794,1.0,53.74504532673726
312_156,3,2017,4.060260350830954,83.5,0.0005786097934226861,0.02488372328270136,1.0,35.07102260758222
312_398,3,2017,5.415183339130268,89.5,5.672879511218033e-05,0.008024002332133759,1.0,114.95609287631707
312_496,3,2017,2.2671736012149033,79.5,0.05387604378111629,0.048689610702269216,1.0,33.173154322041285
312_643,3,2017,3.0599653137188123,80.5,0.011543764177304605,0.04142253879330133,1.0,40.25442743375612
313_643,3,2017,5.695677377560996,91.5,8.63866888133089e-06,0.005319686062957794,1.0,59.82679264341583
321_643,3,2017,5.078665015729546,89.5,4.813195027555674e-05,0.008024002332133759,1.0,53.42590895542869
322_496,3,2017,4.494891919711797,93.5,0.004029769768394647,0.003467193190765815,1.0,61.7509009706113
322_643,3,2017,6.662114211144794,95.5,6.319985982384345e-06,0.0022214145869887034,1.0,65.91690828812892
323_643,3,2017,4.161247700955147,83.5,0.0011646561338129855,0.02488372328270136,1.0,109.23783618809078
331_643,3,2017,4.9724793413973165,84.5,7.591710159468863e-05,0.020822974945909827,1.0,130.51314835903412
332_643,3,2017,0.33169261313475346,59.0,0.7469068304965238,0.5503763650241896,1.0,88302.85627906947
341_643,3,2017,2.737421659112175,83.5,0.025510808724392944,0.02488372328270136,1.0,53.02116578122133
342_643,3,2017,5.864395100839264,93.5,4.659192617502236e-05,0.003467193190765815,1.0,50.34766249313344
343_643,3,2017,5.795331784695241,88.5,3.1613212648514056e-05,0.00979219587072503,1.0,223.988928297039
351_643,3,2017,2.6241337852836253,87.5,0.03910550411040826,0.011899644584157432,1.0,81.6711017874776
352_643,3,2017,1.1788597285463052,73.5,0.3037739928472354,0.11794806736103866,1.0,80.26064074118337
353_643,3,2017,5.779078028042897,92.5,2.744287527048823e-05,0.004303876558312955,1.0,126.47639270015422
354_643,3,2017,5.299212396600402,94.5,0.00016382830507980558,0.002781224934389138,1.0,70.75047450643362
355_643,3,2017,1.2698143432949531,69.5,0.25062710288215845,0.1965160943128864,1.0,15.778918527060823
355_840,3,2017,3.3115737853568104,80.5,0.003894173037604762,0.04142253879330133,1.0,44.33069496195748
356_643,3,2017,5.2998896535050095,92.5,0.00021961392353644094,0.004303876558312955,1.0,90.97552950453101
361_156,3,2017,2.034654801369229,93.5,0.11067146094031315,0.003467193190765815,1.0,76.11731025947502
361_496,3,2017,7.94569886148805,93.5,4.8232831401576244e-08,0.003467193190765815,1.0,72.57288082579082
361_643,3,2017,5.6284425719671445,92.5,0.0001897022127147016,0.004303876558312955,1.0,59.54420240963218
411_643,3,2017,2.7839372387601498,87.5,0.02996402787086876,0.011899644584157432,1.0,45.0431772958472
412_1036,3,2017,3.3144417675844884,86.5,0.012525208408298238,0.014399864726701132,1.0,46.52219777817906
412_392,3,2017,5.586465792192144,91.5,0.00013159645622927242,0.005319686062957794,1.0,80.4101934875577
412_643,3,2017,4.0115923787319785,91.5,0.004658778632050371,0.005319686062957794,1.0,93.44957205828179
413_392,3,2017,5.949757386515681,95.5,4.3603901519033805e-05,0.0022214145869887034,1.0,24.653121023610332
414_392,3,2017,3.0159590325127787,93.5,0.02921635370670506,0.0022488493941389674,1.0,9.84316922027581e+16
415_1044,3,2017,,50.0,,1.0,,0.0
415_392,3,2017,-2.125855834421032,26.5,0.04488819903161856,0.11794806736103866,-1.0,-14.918963640415711
421_643,3,2017,5.774372062765816,94.5,0.00014320820724197814,0.002781224934389138,1.0,54.80645703932064
422_156,3,2017,2.526627582231321,84.5,0.05562691546717712,0.020822974945909827,1.0,58.93248112401458
422_408,3,2017,2.979916271265954,90.5,0.013640220924633033,0.006547287612860911,1.0,33.597850812462674
422_496,3,2017,3.746471678457037,94.5,0.013835271795329424,0.002781224934389138,1.0,37.38545581090531
422_643,3,2017,2.841892197183331,89.5,0.03761105515734848,0.008024002332133759,1.0,143.85456903608724
423_156,3,2017,5.332692768145922,94.5,0.00039373858952763746,0.002781224934389138,1.0,29.675518083856666
423_408,3,2017,3.105684728681334,90.5,0.027080549081835065,0.006547287612860911,1.0,37.64048164180893
423_643,3,2017,7.075284129704192,92.5,9.579682993410456e-07,0.004303876558312955,1.0,54.466698657097524
424_156,3,2017,1.2623201683872494,69.5,0.25763858104467396,0.1965160943128864,1.0,8.264133654761757
424_408,3,2017,3.9110091838101937,92.5,0.009935141072443785,0.004303876558312955,1.0,26.07691480881184
424_410,3,2017,2.2733137745950818,71.5,0.03873867069472406,0.1534378834105726,1.0,4.538875261507071
431_156,3,2017,0.694530510067359,55.5,0.5115451121169023,0.7339474627492532,-1.0,-1.6847853323196673
432_156,3,2017,2.8119827744381465,83.5,0.02703362760140916,0.02488372328270136,1.0,11.767227046810486
433_156,3,2017,2.22042620225657,69.5,0.04468457593932291,0.1965160943128864,1.0,5.725904531470221
434_156,3,2017,3.9589152637521385,91.5,0.004445415266286741,0.005319686062957794,1.0,15.440618713102753
435_156,3,2017,0.6876302285870104,54.5,0.5045217230841299,0.7856962962493347,1.0,0.06379836013172648
436_156,3,2017,0.3367575813097403,235.0,0.7418729555171866,0.40266650377867474,1.0,99.43804658208502
436_344,3,2017,2.483634108086609,85.5,0.05741667673557686,0.017352389190761427,1.0,16.79732856907272
436_418,3,2017,6.3876953406298504,90.5,3.1140223548796316e-06,0.00648527229735591,1.0,1198.9265798850502
436_446,3,2017,2.1672549042867764,81.5,0.08726074308680797,0.035095797419284286,1.0,20.124269786189167
436_704,3,2017,-0.13529905849206203,52.5,0.8937694253167535,0.8918594638362826,1.0,13.496515189913296
437_156,3,2017,5.029560007658981,88.5,4.369004491527842e-05,0.00979219587072503,1.0,16.835558559979567
438_156,3,2017,,50.0,,1.0,,0.0
439_1042,3,2017,0.25369905945053123,70.5,0.8050675233875277,0.11365802103421528,1.0,1485293400336930.0
439_156,3,2017,3.2975727824105205,85.5,0.010533040087346122,0.017352389190761427,1.0,20.97273203945918
441_116,3,2017,-1.1327622581534686,38.5,0.2760732771554645,0.4546204062737812,-1.0,-22.432812274603
441_418,3,2017,5.801608973684281,92.5,5.6749960348998006e-05,0.004303876558312955,1.0,49.09447335690184
441_704,3,2017,1.1150414244130897,57.5,0.28703003878002065,0.6341948173294822,1.0,0.804920672176416
442_104,3,2017,2.352480874931638,80.5,0.05216577643971444,0.04142253879330133,1.0,17.779048557431327
442_116,3,2017,-0.25895027667368253,47.5,0.8028734956204339,0.8918594638362826,-1.0,-10.52906765317293
442_156,3,2017,5.442385454449949,93.5,0.0009723895704562223,0.003467193190765815,1.0,39.942334194521756
442_418,3,2017,4.274698316573434,94.5,0.0032987255956014416,0.002781224934389138,1.0,29.19423397456285
442_704,3,2017,-2.7416657674542213,27.5,0.011657284615207052,0.13479216155813392,-1.0,-13.421050517002753
442_764,3,2017,0.9486097835074365,59.5,0.3788279974093351,0.5406815690956761,1.0,0.8078862407078193
443_104,3,2017,-0.6684230840945936,30.5,0.5331280358108945,0.1959124021919142,-1.0,-78.57141965362237
443_116,3,2017,-0.029475793494267405,49.5,0.9773382506496482,1.0,1.0,0.307927952418523
443_418,3,2017,0.787560009152365,49.5,0.4411896902293013,1.0,-1.0,-11.764510697466516
443_704,3,2017,3.8129606102410403,82.5,0.00090084032869261,0.029613094352645416,1.0,8.972698918113368
443_764,3,2017,0.8784572132363144,63.5,0.41301456385170165,0.37686571143689396,1.0,20.11701719554799
444_104,3,2017,2.752659318703133,79.5,0.01795323663716436,0.048689610702269216,1.0,4.272823479601377
444_458,3,2017,6.595694968264176,95.5,1.7140626200672368e-06,0.0022214145869887034,1.0,57.84676989381708
444_702,3,2017,2.6531726669342737,87.5,0.042209366736112024,0.011899644584157432,1.0,40.31629756013933
444_764,3,2017,2.6604418415452358,83.5,0.02073946409250649,0.02488372328270136,1.0,7.055373189603502
445_1014,3,2017,2.299407515952952,91.5,0.08139444026514647,0.005249476852361141,1.0,229.99658083483902
445_104,3,2017,2.515139923451561,78.5,0.03535936368145271,0.05699830641051993,1.0,19.467949565516932
445_156,3,2017,5.569361290946181,94.5,0.0005608027325544491,0.002781224934389138,1.0,38.98767025051266
445_356,3,2017,1.5920872625773246,78.5,0.1595741694275377,0.05699830641051993,1.0,10.447835891179228
445_764,3,2017,4.009040283807236,84.5,0.004452851902509478,0.020822974945909827,1.0,28.876023719403232
446_104,3,2017,3.612806924670902,78.5,0.0021672495963238132,0.04920278917749036,1.0,1488.2704524101318
446_356,3,2017,5.429861993821807,81.5,2.0944091696471293e-05,0.035095797419284286,1.0,106.32085531014238
451_104,3,2017,1.990508673054203,70.5,0.0631322516840577,0.17398281795260206,1.0,9.093607071549021
451_356,3,2017,1.5800970648975976,75.5,0.16410446193936817,0.08924454710859073,1.0,14.706857468176166
451_50,3,2017,1.6710158496990808,67.5,0.1317837003350165,0.24784912392821346,1.0,2.519719817828609
452_1014,3,2017,4.133819020600448,92.5,0.007220126032908632,0.004303876558312955,1.0,37.83487736261235
452_1021,3,2017,6.442630800715032,92.5,3.103580292897147e-05,0.004303876558312955,1.0,127.01488210971368
452_104,3,2017,4.594670866943636,90.5,0.002785107170083399,0.006536929806265977,1.0,378.36897686767855
452_156,3,2017,7.60598131942082,92.5,1.0878594519049381e-07,0.004303876558312955,1.0,28.57368349622188
452_356,3,2017,2.598144689425589,85.5,0.04398821211332055,0.017352389190761427,1.0,27.80088068464802
452_50,3,2017,-0.41333592807708086,49.5,0.6938034030073936,1.0,1.0,0.6720296973173362
452_524,3,2017,3.0860194474027622,93.5,0.0293857318374817,0.003467193190765815,1.0,21.281422219243634
452_64,3,2017,5.892731414577363,94.5,0.00014174813219692712,0.002781224934389138,1.0,42.63610631993862
453_356,3,2017,3.0976222722451343,88.5,0.02410497236935948,0.00979219587072503,1.0,17.03373973245668
453_50,3,2017,1.3686581781945801,56.5,0.18984897731228756,0.6833800574551345,-1.0,-0.559931690431083
454_356,3,2017,4.20112282163187,92.5,0.003601659943026369,0.004303876558312955,1.0,46.05711020751048
455_356,3,2017,2.2639409077674,79.5,0.061709364339379486,0.048689610702269216,1.0,26.494183189522563
455_586,3,2017,2.717264781079769,81.5,0.02117048076243159,0.035095797419284286,1.0,19.625671618986104
456_1013,3,2017,5.933818799461832,92.5,0.0001562950910619061,0.004303876558312955,1.0,114.6156865152213
456_1021,3,2017,3.9337611990170367,85.5,0.002034613540365668,0.017352389190761427,1.0,49.019472116117576
456_1052,3,2017,6.504808993947745,94.5,2.6357600631612297e-06,0.002781224934389138,1.0,45.13960813182308
456_156,3,2017,7.711784239464133,89.5,1.2239872910419948e-07,0.008024002332133759,1.0,108.77861495424949
456_356,3,2017,3.5326813532770163,76.5,0.0026158413946566718,0.0771659313616824,1.0,28.37142814635675
456_4,3,2017,5.32749793722463,86.5,2.1209968493086394e-05,0.014399864726701132,1.0,26.555473006860996
456_524,3,2017,,50.0,,1.0,,0.0
456_586,3,2017,0.9319864595124324,64.5,0.37953650787284965,0.3412684763150512,1.0,10.118079524528556
457_586,3,2017,1.924205907334472,74.5,0.08943461147838203,0.10280164223951978,1.0,14.90406331447045
458_144,3,2017,3.6114730713174166,90.5,0.009257609299425878,0.006547287612860911,1.0,21.946285741926484
461_1052,3,2017,,50.0,,1.0,,0.0
461_156,3,2017,5.510135280828534,88.5,4.554656899971051e-05,0.00979219587072503,1.0,302.46618850190873
461_398,3,2017,1.1224602350651676,69.5,0.3025975821150812,0.1965160943128864,1.0,38.810182490338654
461_4,3,2017,3.089227296391553,73.5,0.006145299300751271,0.11794806736103866,1.0,7.21046090746027
461_417,3,2017,7.5052307352999765,92.5,1.437175472266514e-07,0.004303876558312955,1.0,84.98149339140663
461_586,3,2017,,50.0,,1.0,,0.0
461_762,3,2017,6.247451640920121,94.5,4.263073741854725e-06,0.002781224934389138,1.0,37.03581062392172
461_795,3,2017,1.8461703585280702,74.5,0.1044540879135862,0.10280164223951978,1.0,16.766614099054603
461_860,3,2017,0.575265836312203,58.5,0.5869284940159225,0.5865744278376042,1.0,12.161298579954146
462_156,3,2017,,50.0,,1.0,,0.0
462_398,3,2017,2.202426839674947,80.5,0.06459492679328245,0.04142253879330133,1.0,25.031172470934294
462_417,3,2017,6.894631275576708,88.5,5.001881864403162e-07,0.00979219587072503,1.0,66.57645973712553
462_643,3,2017,1.126928266839163,66.5,0.30508614422240093,0.27676572286017653,1.0,23.85885455703338
462_762,3,2017,2.2102279215991025,79.5,0.06780182955923521,0.048689610702269216,1.0,13.967763245399913
462_860,3,2017,7.616401853153504,89.5,1.229910111847307e-07,0.008024002332133759,1.0,54.05779147453913
463_156,3,2017,4.36006724914436,85.5,0.00027291014302198603,0.017352389190761427,1.0,36.7916271440375
463_398,3,2017,2.410747909403807,80.5,0.04773199263245501,0.04142253879330133,1.0,36.76457011236949
463_417,3,2017,2.697768520603017,88.5,0.04757049366475129,0.00979219587072503,1.0,119.07697306447542
471_156,3,2017,3.784108951674765,92.5,0.009148977666670803,0.004303876558312955,1.0,36.16438570043998
471_398,3,2017,2.5655962381522732,88.5,0.029565148605354,0.00979219587072503,1.0,116.16530935188445
471_496,3,2017,7.734231290547553,88.5,8.147441388067554e-08,0.00979219587072503,1.0,236.55737219646485
472_496,3,2017,3.443925382599465,91.5,0.016725502135616112,0.005319686062957794,1.0,36.03903971142677
473_156,3,2017,3.017792855061413,82.5,0.012632306690032596,0.029613094352645416,1.0,21.197856215374706
473_496,3,2017,3.2764191391009447,90.5,0.01810178327488272,0.006547287612860911,1.0,198.6372427076065
474_496,3,2017,3.5835542160191665,91.5,0.012990953134172634,0.005319686062957794,1.0,61.16764957071543
475_156,3,2017,3.0838073837846602,85.5,0.02153029368099229,0.017352389190761427,1.0,58.980941624418804
475_496,3,2017,2.891883312782052,88.5,0.03583130989988684,0.00979219587072503,1.0,61.328255282887554
481_156,3,2017,5.046825899298123,85.5,0.00015974379160688164,0.017352389190761427,1.0,49.664513680765474
482_1013,3,2017,5.741816060577685,92.5,6.401531426720044e-05,0.004303876558312955,1.0,104.46927851626877
482_1052,3,2017,6.4469452625578825,93.5,4.468109951176333e-06,0.003467193190765815,1.0,57.12396803993131
482_156,3,2017,3.492906985625505,85.5,0.00621245557027496,0.017352389190761427,1.0,45.06992572012969
482_398,3,2017,-1.8311038136792213,42.5,0.08281384258450991,0.3985399075343731,,0.0
482_417,3,2017,7.53992455469346,95.5,2.6311948999075495e-07,0.0022214145869887034,1.0,100.99308155919522
482_762,3,2017,5.8030160493516245,94.5,0.00019141241231341883,0.002781224934389138,1.0,101.31713257562365
483_156,3,2017,6.006974053705209,91.5,1.0447972522056826e-05,0.005319686062957794,1.0,42.103672106948565
491_156,3,2017,6.657546945094267,92.5,7.513645233209523e-06,0.004303876558312955,1.0,82.06705732811245
492_156,3,2017,6.2901958112546055,88.5,2.1891714636739596e-06,0.00979219587072503,1.0,73.28361990214928
511_360,3,2017,5.483545235477929,85.5,1.652184189943357e-05,0.017352389190761427,1.0,33.847429891687085
512_360,3,2017,4.771509493020742,84.5,9.02446255953336e-05,0.020822974945909827,1.0,47.55813653710151
513_360,3,2017,3.715113447808771,88.5,0.006465172730053708,0.00979219587072503,1.0,66.31934411820598
514_360,3,2017,3.9204693109226536,81.5,0.0008532866767717935,0.035095797419284286,1.0,31.59948984411194
515_360,3,2017,4.821490658279629,92.5,0.0006028019889680839,0.004303876558312955,1.0,24.31538265473334
516_360,3,2017,4.549159724948861,93.5,0.0012161717006168684,0.003467193190765815,1.0,12.213934623145754
517_360,3,2017,0.00251170013647105,64.5,0.998029850345498,0.3412684763150512,1.0,25.569829890424522
517_626,3,2017,0.05490793032863433,51.5,0.9574213598134722,0.9458048585528951,1.0,4.3814845690315645
521_360,3,2017,5.54321133387283,87.5,1.268904372615503e-05,0.011899644584157432,1.0,36.85547139233433
521_458,3,2017,4.492111411990078,86.5,0.00024555115486691155,0.014399864726701132,1.0,27.58992980610479
521_608,3,2017,4.189294944309525,86.5,0.0006756036394660275,0.014399864726701132,1.0,23.663219297727426
521_96,3,2017,4.893606124737377,86.5,0.00015844438313394256,0.014399864726701132,1.0,57.04229625131746
522_360,3,2017,4.0238640807256125,81.5,0.0009498032677084937,0.035095797419284286,1.0,241.54507325427934
523_1046,3,2017,2.7677651881569862,83.0,0.040164540210585534,0.007636538840906871,1.0,4913028932733500.0
524_360,3,2017,0.2089814628456857,70.5,0.8401403476686854,0.1731530557222949,1.0,27.273011241253464
524_608,3,2017,4.978888895820813,92.5,0.0004646798307938281,0.004303876558312955,1.0,26.945306952513764
525_360,3,2017,6.3457222219302505,93.5,1.9406218979963935e-06,0.003467193190765815,1.0,65.87133209180163
526_360,3,2017,4.906957611774475,82.5,8.554764618798794e-05,0.029613094352645416,1.0,426.13187234162285
531_36,3,2017,-2.1273912682519382,30.5,0.04445060936925981,0.1965160943128864,-1.0,-2.173917264218526
531_360,3,2017,5.066445696317047,87.5,5.652913444907165e-05,0.011899644584157432,1.0,37.893812886879665
531_598,3,2017,5.22389163007792,85.5,3.216325125121417e-05,0.017352389190761427,1.0,50.11397326305026
532_360,3,2017,6.228122648793507,84.5,4.528705672891663e-06,0.020822974945909827,1.0,37.831352452335985
533_360,3,2017,7.2981565076311465,95.5,2.5531723107828305e-07,0.0022214145869887034,1.0,96.66534625590931
534_360,3,2017,7.238703814204142,91.5,5.051009929156096e-07,0.005319686062957794,1.0,97.93650328718063
535_360,3,2017,6.325581323276626,85.5,1.8865890614783482e-06,0.017352389190761427,1.0,96.81802565130101
536_598,3,2017,7.116011477696414,91.5,3.2859574961966093e-07,0.005319686062957794,1.0,145.35500388610495
537_598,3,2017,4.810438504576702,89.5,0.0008474647307816755,0.008024002332133759,1.0,126.88092597711633
537_90,3,2017,-0.9029003456501669,61.5,0.3775415184828964,0.4546204062737812,1.0,12.30933962338428
538_598,3,2017,1.578137106569164,62.5,0.12879304508080702,0.4146659024229229,1.0,18.549914041811423
541_583,3,2017,3.1530540511452854,78.5,0.008440162594817018,0.05695052289113949,1.0,325.96650606106164
541_585,3,2017,4.681239061900828,84.5,0.0003129252096058003,0.020822974945909827,1.0,138.37537624627333
543_316,3,2017,3.9285253384811547,79.5,0.0009764183625346666,0.048689610702269216,1.0,222.88713555435353
543_580,3,2017,3.689759064087508,75.5,0.0016013916100651308,0.08924454710859073,1.0,230.20873189764092
544_392,3,2017,,50.0,,1.0,,0.0
545_1048,3,2017,-1.760746289229825,50.5,0.0917911085896513,1.0,,0.0
545_296,3,2017,5.5744697011402735,85.5,1.2831922018366571e-05,0.014846452353456555,1.0,7818.882216328325
545_520,3,2017,0.8749467511115593,63.0,0.41929892100692695,0.32279679505721826,1.0,6140146978135570.0
545_583,3,2017,-1.4529663145135578,45.0,0.16254999902972705,0.5156382177966408,,0.0
545_584,3,2017,6.096735207303839,79.5,5.941516753067755e-06,0.048689610702269216,1.0,398.50579575797093
551_242,3,2017,4.592634175133826,87.5,0.0001894617452350753,0.011899644584157432,1.0,184.5296219354504
551_798,3,2017,1.4917790746653814,58.5,0.14936891934066543,0.5865023536463269,1.0,6.999230513932153
552_242,3,2017,2.365793745046812,86.5,0.05964384565445745,0.014399864726701132,1.0,136.79956106360908
553_548,3,2017,5.670107339441282,87.5,1.3256714658532964e-05,0.011899644584157432,1.0,153.94373654811963
553_90,3,2017,3.745735765169446,85.5,0.004532182430438875,0.017352389190761427,1.0,221.53212268891428
554_540,3,2017,6.547601175410773,89.5,1.1557927072443393e-06,0.008024002332133759,1.0,77.41417895696418
555_574,3,2017,0.6521141980413048,62.0,0.5458040588866686,0.2632514377087277,,0.0
556_540,3,2017,3.8278006639841675,84.5,0.0011449643219889982,0.020822974945909827,1.0,164.14715653961002
557_36,3,2017,0.7276068751089988,57.5,0.5028287114892882,0.3119010174389465,,0.0
561_36,3,2017,-0.05214165026449744,50.5,0.9602051281020125,1.0,-1.0,-2.0593149901710297
562_1015,3,2017,6.151875737790628,91.5,5.033744461733356e-06,0.0035782542409001318,1.0,1101298739622330.1
562_36,3,2017,1.303544274698734,66.5,0.22855483422143474,0.27676572286017653,1.0,9.34232971650364
563_36,3,2017,2.4444124682372457,83.5,0.04972110002955979,0.02488372328270136,1.0,6.354232628659086
564_36,3,2017,-0.326424501213218,42.5,0.754297238611373,0.6341948173294822,-1.0,-2.279088727521801
565_36,3,2017,-0.4831076906738766,47.5,0.6496794405193044,0.8918594638362826,-1.0,-2.6452337335435065
566_36,3,2017,0.10840017299464255,48.5,0.9177794396491495,0.9458048585528951,1.0,3.2591972363211106
567_36,3,2017,-1.013279957910065,36.5,0.3451198392201851,0.37686571143689396,-1.0,-10.383888463041604
568_36,3,2017,-0.8893378042464063,44.5,0.3923276297873426,0.7339474627492532,-1.0,-7.535753025792557
569_36,3,2017,0.8332398288759947,65.5,0.4189444370649632,0.307900293130149,1.0,15.707833519491318
571_554,3,2017,1.2803124361909044,64.5,0.2228780224209492,0.3412684763150512,1.0,7.716958328875309
572_554,3,2017,1.4917872227536926,72.5,0.18338608538231382,0.13479216155813392,1.0,12.11744307005061
573_554,3,2017,-2.984199634217624,21.5,0.006986092670337851,0.05699830641051993,-1.0,-12.100164914657501
574_36,3,2017,,50.0,,1.0,,0.0
574_554,3,2017,1.918856404749044,77.5,0.12163972443498786,0.00405142170354412,1.0,141047220289079.97
575_554,3,2017,-1.4529663145135578,45.0,0.16254999902972705,0.5156382177966408,,0.0
611_170,3,2017,6.003135472050041,87.5,4.131573320045336e-06,0.011899644584157432,1.0,54.840012443210426
611_591,3,2017,3.199998858137628,88.5,0.01634890973803803,0.00979219587072503,1.0,159.401501531778
612_170,3,2017,2.476993859187516,72.5,0.028384622361518997,0.13479216155813392,1.0,15.91836220681177
612_862,3,2017,,50.0,,1.0,,0.0
613_170,3,2017,3.186785008518769,82.5,0.007263878970036231,0.029613094352645416,1.0,9.189647723582745
613_862,3,2017,6.894320757549648,93.5,5.958357418341219e-07,0.003467193190765815,1.0,53.64966872821637
614_308,3,2017,5.309621481876316,80.5,2.1766021209617292e-05,0.04142253879330133,1.0,92.78430466142359
614_474,3,2017,6.117130775871928,87.5,5.855306209608292e-06,0.011899644584157432,1.0,115.8211824350794
614_52,3,2017,5.225348564630557,95.5,0.0010187220200035339,0.0022214145869887034,1.0,72.05478366165909
614_531,3,2017,7.515350075439502,90.5,1.4662420702899194e-07,0.006547287612860911,1.0,155.0894035186626
614_533,3,2017,6.216255558607208,88.5,3.892981792388477e-06,0.00979219587072503,1.0,150.55824142638332
614_662,3,2017,5.277528252397145,90.5,2.7725130054084286e-05,0.006547287612860911,1.0,84.11097355338417
614_670,3,2017,5.529789859254205,82.5,1.4083180145016553e-05,0.029613094352645416,1.0,49.20121076428012
614_780,3,2017,1.0673185656029884,73.5,0.29708489047243103,0.11794806736103866,1.0,50.669951988213
614_862,3,2017,5.904005270176213,89.5,5.111048020354191e-06,0.008024002332133759,1.0,92.01963573992353
615_170,3,2017,3.0039342375960003,81.5,0.013393035392822331,0.035095797419284286,1.0,28.59038356427265
615_328,3,2017,,50.0,,1.0,,0.0
615_76,3,2017,4.510604850904578,87.5,0.00038499720779292565,0.011899644584157432,1.0,32.79451710921919
615_862,3,2017,2.350738873069332,79.5,0.0539522454609818,0.048689610702269216,1.0,41.39228658120573
616_254,3,2017,3.9183348604461314,94.5,0.009507488242835349,0.002781224934389138,1.0,48.71537465932958
616_328,3,2017,4.825037135476179,94.5,0.0017980902075485016,0.002781224934389138,1.0,60.760274501243984
616_740,3,2017,4.3023434691327695,93.5,0.004960560370387896,0.003467193190765815,1.0,34.01764079005669
616_76,3,2017,1.6784845007268283,70.5,0.1377107995071492,0.17398281795260206,1.0,7.228903021486224
616_862,3,2017,7.353604301241565,95.5,1.3583334307912756e-06,0.0022214145869887034,1.0,109.49027041953218
621_76,3,2017,0.2362628070182849,54.5,0.8210370642890883,0.7856962962493347,1.0,3.5178072346670093
622_170,3,2017,5.352916798829589,88.5,2.0318354966919076e-05,0.00979219587072503,1.0,29.695301460967748
622_218,3,2017,5.7789467801065655,95.5,0.0002492638717488909,0.0022214145869887034,1.0,102.8233446142714
622_254,3,2017,,50.0,,1.0,,0.0
622_328,3,2017,1.6625201772880982,69.5,0.13406583147501075,0.1965160943128864,1.0,29.770108492231202
622_604,3,2017,5.5016970603474045,93.5,0.0002506212226430672,0.003467193190765815,1.0,23.052636390946287
622_68,3,2017,0.4284800391483547,60.5,0.6791632415919382,0.49665738654204294,1.0,19.669096331687108
622_740,3,2017,1.3486449342289177,74.0,0.23864911954052992,0.022247289906839402,1.0,89350529015060.0
622_76,3,2017,3.322385390681587,86.5,0.011206031151556573,0.014399864726701132,1.0,9.958341287530645
622_862,3,2017,1.825561836171271,67.5,0.09718531321554406,0.24784912392821346,1.0,1.786278843373483
623_76,3,2017,2.522576307534753,83.5,0.04976651525899129,0.02488372328270136,1.0,26.118606311650243
624_76,3,2017,-1.2689206426371573,40.5,0.23181722150222517,0.5406815690956761,-1.0,-1.8545420101267676
625_76,3,2017,3.838923499306571,88.5,0.0009819011354942648,0.00979219587072503,1.0,14.32272997810083
631_76,3,2017,4.263846264818454,92.5,0.0006817633650867012,0.004303876558312955,1.0,17.633004609898244
632_76,3,2017,1.247398060253279,67.5,0.24852249350536917,0.24784912392821346,1.0,13.28171124401224
633_76,3,2017,1.5799915898576402,71.5,0.14521282180666198,0.1534378834105726,1.0,20.36937695746529
634_76,3,2017,-0.554006202369399,33.5,0.6017571088850435,0.27676572286017653,-1.0,-6.574718609769706
635_76,3,2017,1.389007482350074,68.5,0.20452879463416548,0.2211162550702167,1.0,7.3365634888653855
641_32,3,2017,-2.4887080996138775,17.5,0.038087383075879305,0.029613094352645416,-1.0,-20.66984330476114
641_76,3,2017,-2.082791310031896,22.5,0.07991242689860548,0.06645414979996266,-1.0,-9.841741239044184
641_858,3,2017,-1.5837841558161547,27.5,0.16805633596527128,0.13479216155813392,-1.0,-15.820291935932755
642_32,3,2017,-0.9455962840950682,39.5,0.3742811774414966,0.49665738654204294,1.0,1.2938158492284921
642_600,3,2017,0.7620570786285387,60.5,0.47595171831910243,0.49665738654204294,1.0,64.47331765630248
642_68,3,2017,1.1362141808462112,77.5,0.3075265963393104,0.06645414979996266,1.0,10.80408943429099
642_76,3,2017,-0.201650669382079,47.5,0.8481171934610157,0.8918594638362826,-1.0,-1.4185209805610766
643_32,3,2017,-0.14815806247780577,51.5,0.8879495046343908,0.9458048585528951,-1.0,-10.540027707106132
644_152,3,2017,1.4712810190886014,65.5,0.1820246366700198,0.3039572709082512,1.0,9.09088195892618
644_32,3,2017,0.4318196276935294,52.5,0.6755907569775326,0.8918594638362826,-1.0,-1.3575429704908597
651_32,3,2017,0.685899060016044,59.5,0.5238663267805177,0.5406815690956761,-1.0,-17.956217439812338
652_152,3,2017,1.5887741275839378,67.5,0.14693197668542174,0.24748470199495542,1.0,33.813224582790646
652_32,3,2017,-2.1092609473103305,25.5,0.06511837410717614,0.10280164223951978,-1.0,-18.723010075086112
653_152,3,2017,-2.0776830113181117,19.5,0.07474306810184032,0.04142253879330133,-1.0,-19.992398743677136
653_32,3,2017,0.24894061111285887,56.5,0.8107398775389997,0.6833800574551345,1.0,0.734641298750845
654_238,3,2017,0.3160703494067109,60.5,0.7559117237075674,0.49665738654204294,1.0,6.886669551680548
661_152,3,2017,3.192591693684748,89.5,0.02716352193300953,0.008024002332133759,1.0,70.6967920632517
661_32,3,2017,0.7838151514612802,64.5,0.4449173308165162,0.3412684763150512,1.0,3.70837251186575
662_152,3,2017,0.6179856018262345,62.5,0.5577699784718817,0.4146659024229229,1.0,3.9458891744708424
662_32,3,2017,0.9465347510035398,67.5,0.3704900865879379,0.24784912392821346,1.0,10.138420023838744
662_604,3,2017,6.1627309746064,90.5,3.1329836119441574e-06,0.005961073254483458,1.0,300.007002232356
662_68,3,2017,1.286606854555843,73.5,0.251869923809048,0.11197919270859671,1.0,2099.998675529729
663_152,3,2017,,50.0,,1.0,,0.0
664_152,3,2017,5.287351119746652,88.5,0.00011647729145856388,0.00979219587072503,1.0,54.90527589749142
664_32,3,2017,3.7016186187767652,89.5,0.007740691272660068,0.008024002332133759,1.0,214.5403327228471
664_604,3,2017,-3.6361140379556254,17.5,0.0015005030926419944,0.029613094352645416,-1.0,-20.957506109183434
664_68,3,2017,3.1081054823252665,86.5,0.01844762770013599,0.014399864726701132,1.0,105.46598127895956
671_152,3,2017,2.892860336203775,86.5,0.024663650673443473,0.014399864726701132,1.0,36.313668414778675
671_218,3,2017,5.427940485465781,92.5,0.00011088180957028798,0.004303876558312955,1.0,65.72671710518185
671_604,3,2017,5.30328542456014,89.5,0.00010460434887776235,0.008024002332133759,1.0,59.0169725564126
672_170,3,2017,5.673541318530315,93.5,1.948443464106488e-05,0.003467193190765815,1.0,106.2289839823861
672_218,3,2017,6.68659197535135,93.5,8.061261935131495e-07,0.003467193190765815,1.0,144.76405328212655
672_591,3,2017,5.826459614661863,94.5,1.142717863853058e-05,0.002781224934389138,1.0,68.39353880506007
672_604,3,2017,3.0927959238862823,76.5,0.006145252719561213,0.0771659313616824,1.0,53.390534660191655
673_218,3,2017,2.2783258898790444,89.5,0.0795951520222623,0.008024002332133759,1.0,1160.5593648193708
711_124,3,2017,4.6508302701685444,91.5,0.000434725299151111,0.005319686062957794,1.0,8.493807890133779
712_124,3,2017,1.0926279527102147,59.5,0.30046965703576,0.5406815690956761,1.0,1.09152029674063
712_840,3,2017,0.47176283621280846,57.5,0.6543245002644573,0.6341948173294822,1.0,5.014826585330167
713_124,3,2017,3.440138791279051,90.5,0.010880994460313917,0.006547287612860911,1.0,9.738850978964255
721_124,3,2017,4.367710337628233,89.5,0.000539090885699096,0.008024002332133759,1.0,27.40910064783729
722_124,3,2017,4.450710040398243,89.5,0.0007819224192020777,0.008024002332133759,1.0,27.72809216966479
723_124,3,2017,5.337188805758016,92.5,0.00027889877070270557,0.004303876558312955,1.0,39.586788725011154
723_666,3,2017,5.4288157172277085,93.5,4.895460290486132e-05,0.003467193190765815,1.0,35.28989752466503
724_124,3,2017,2.546516738703599,88.5,0.055689732108811306,0.00979219587072503,1.0,25.075358876563676
725_124,3,2017,3.2414490231518984,87.5,0.016960468041098332,0.011899644584157432,1.0,11.288649435450868
725_840,3,2017,4.775833228107143,93.5,0.001594999933783682,0.003467193190765815,1.0,20.543179452122846
726_124,3,2017,5.203411418266742,93.5,0.0007008449297617365,0.003467193190765815,1.0,20.23742844597728
726_840,3,2017,2.6175853124078703,87.5,0.05210349283223568,0.011899644584157432,1.0,18.223170310428824
731_124,3,2017,2.2919360940030145,84.5,0.07466412543092805,0.020822974945909827,1.0,18.855269779523972
731_840,3,2017,2.17756662518477,76.5,0.08153817277070932,0.0771659313616824,1.0,6.1895427610659
732_840,3,2017,3.713963987117512,88.5,0.006161951847771511,0.00979219587072503,1.0,13.062441133477423
741_840,3,2017,1.4151854335298515,71.5,0.21289182370708515,0.1534378834105726,1.0,8.01593546138629
742_124,3,2017,0.7328580454921136,60.5,0.48937122249701925,0.49665738654204294,1.0,11.098765907528694
742_840,3,2017,1.938209012139385,81.5,0.1062623052150902,0.035095797419284286,1.0,37.216233672706444
743_840,3,2017,2.7997588698170253,83.5,0.02909836474347913,0.02488372328270136,1.0,11.038535935656327
751_840,3,2017,2.810464462438287,73.5,0.010260580799227594,0.11794806736103866,1.0,4.651151103749491
752_484,3,2017,-2.1415044653308786,30.5,0.04370101929066509,0.1965160943128864,-1.0,-13.096755225595274
752_840,3,2017,1.4310192925130973,59.5,0.1669404091220384,0.5406815690956761,1.0,4.943212553945189
753_188,3,2017,5.868810293482389,86.5,5.746527241467942e-06,0.014399864726701132,1.0,110.46044106624548
753_320,3,2017,1.7724595714007494,80.5,0.1441501187992638,0.04142253879330133,1.0,36.826039833143255
753_340,3,2017,2.7844298827536362,90.5,0.04225147872095381,0.006547287612860911,1.0,49.622216723678655
753_484,3,2017,1.189027665252529,70.5,0.28387489524883913,0.17398281795260206,1.0,12.160194120302734
753_558,3,2017,6.261633707908163,89.5,2.296764579893925e-06,0.008024002332133759,1.0,91.90013271524286
753_591,3,2017,4.785219937245095,91.5,0.0010777513146725704,0.005319686062957794,1.0,118.06073372750818
753_84,3,2017,1.8941907796866122,75.5,0.09504556710789536,0.08924454710859073,1.0,9.21151903152422
761_44,3,2017,4.245113455856318,83.5,0.00044501172949991386,0.02488372328270136,1.0,12.830786676621821
761_796,3,2017,4.823412428397654,91.5,7.830780842750218e-05,0.005319686062957794,1.0,18.09115322065314
762_136,3,2017,3.908275681227245,78.5,0.0007917711898160088,0.05699830641051993,1.0,250.13176652255572
762_192,3,2017,3.3685072003276213,88.5,0.01185572981908964,0.00979219587072503,1.0,19.069513967759057
763_388,3,2017,1.4826963336393186,79.5,0.15181965420842625,0.048689610702269216,1.0,10.497766121004018
764_1040,3,2017,0.6690343276940218,56.5,0.5316431047271616,0.6833800574551345,-1.0,-7.903051325898164
764_214,3,2017,1.905828858769201,81.5,0.11917451320536727,0.035095797419284286,1.0,37.86313008257303
764_332,3,2017,2.4527507321382194,73.5,0.02804569691855169,0.11794806736103866,1.0,10.06786540421481
765_1068,3,2017,3.6603785187463727,91.5,0.006656865294254526,0.005319686062957794,1.0,34.15047974305269
765_212,3,2017,2.0332008696503094,84.5,0.06483191798311673,0.020822974945909827,1.0,202.18451568061678
765_28,3,2017,5.241327431867029,95.5,0.0004534972209988498,0.0022214145869887034,1.0,26.339101662599706
765_312,3,2017,5.951864614790007,87.5,9.334918031276517e-06,0.011899644584157432,1.0,84.69117588390478
765_500,3,2017,-2.858500238736845,11.5,0.032044939921642555,0.00979219587072503,-1.0,-21.54423618848074
765_534,3,2017,-0.23281531491916665,47.5,0.8232505252794515,0.8918594638362826,1.0,7.928961727271767
765_630,3,2017,5.047386252288424,90.5,0.00037693866179153954,0.006547287612860911,1.0,40.0371314257369
765_652,3,2017,5.454288753194768,92.5,0.00013796096641509293,0.004303876558312955,1.0,22.05769737544182
765_659,3,2017,5.800832457926605,88.5,7.5933989555880015e-06,0.00979219587072503,1.0,30.480401256240164
765_660,3,2017,4.393465108603826,89.5,0.00043746566277168096,0.008024002332133759,1.0,28.841058160448224
765_663,3,2017,4.262176608432145,85.5,0.0012900163897826672,0.017352389190761427,1.0,39.357307436080106
765_850,3,2017,3.7709230364687385,87.5,0.0059065525983792114,0.011899644584157432,1.0,79.06133628605458
765_92,3,2017,7.275799369086599,91.5,2.7552813926018433e-07,0.005319686062957794,1.0,54.38408935150791
771_1023,3,2017,,50.0,,1.0,,0.0
771_188,3,2017,5.0407193297154365,86.5,5.9276264231192054e-05,0.014399864726701132,1.0,54.52208081443105
771_222,3,2017,1.1162336492665912,66.5,0.3001983932176,0.27676572286017653,1.0,3.580426053199616
771_320,3,2017,2.365866160698203,67.5,0.026805520334833525,0.24784912392821346,1.0,3.3398197370919793
771_340,3,2017,1.1694761445510085,51.5,0.25436104347357963,0.9458048585528951,1.0,2.5687378836606016
771_484,3,2017,3.401124110161033,87.5,0.010263456418273394,0.011899644584157432,1.0,6.257002931636649
771_558,3,2017,2.219646540713286,66.5,0.039099543580890135,0.27676572286017653,1.0,6.201257213508748
771_591,3,2017,4.589584546857389,87.5,0.00013801931283089467,0.011899644584157432,1.0,32.06254610516249
771_840,3,2017,5.71733950402872,91.5,9.703361245696857e-05,0.005319686062957794,1.0,124.28671396562063
772_484,3,2017,2.8481227805642484,88.5,0.035493334158058144,0.00979219587072503,1.0,78.79023602000376
772_840,3,2017,2.0573630343750438,77.5,0.07503261731593047,0.06645414979996266,1.0,16.20997738615625
773_840,3,2017,1.0420998767404437,63.5,0.34382266693808716,0.37686571143689396,1.0,4.288130581699052
774_484,3,2017,4.314089229398441,78.5,0.0002590941534169015,0.05699830641051993,1.0,23.482321588017896
774_840,3,2017,1.1396801462871995,67.5,0.3059134751611801,0.24784912392821346,1.0,9.141709056268194
781_840,3,2017,7.494944362313817,92.5,2.588640416964311e-07,0.004303876558312955,1.0,38.66516224550654
782_124,3,2017,3.5106514236582735,95.5,0.018295242738101212,0.0022214145869887034,1.0,20.97457983895876
782_840,3,2017,5.154972800941024,90.5,0.0002516439862304295,0.006547287612860911,1.0,26.542605559187965
783_124,3,2017,3.9144427000762647,95.5,0.011616486416883842,0.0022214145869887034,1.0,32.68062373479744
783_840,3,2017,3.645848925601083,93.5,0.010838434813241345,0.003467193190765815,1.0,36.12687679224222
811_124,3,2017,5.3870498503207145,92.5,0.00033113606925333836,0.004303876558312955,1.0,93.20859866190219
811_840,3,2017,3.447127763774019,86.5,0.010378564079144533,0.014399864726701132,1.0,27.22851104168799
812_124,3,2017,4.7690711712427625,93.5,0.001783022002352102,0.003467193190765815,1.0,46.87496469461709
812_840,3,2017,3.326118529620995,85.5,0.011161008363294487,0.017352389190761427,1.0,25.008767705728758
813_643,3,2017,2.0801930813234746,69.5,0.04940266568431662,0.1965160943128864,1.0,17.291045961714392
813_840,3,2017,2.662560269557399,78.5,0.020820558548160156,0.05699830641051993,1.0,13.82707474633755
821_124,3,2017,1.5528758157559812,71.5,0.16405014245046642,0.1534378834105726,1.0,14.117338933853018
821_840,3,2017,6.701493331805328,92.5,5.58289475390505e-06,0.004303876558312955,1.0,100.74041297443715
822_124,3,2017,3.8442956364827503,94.5,0.011181740585159987,0.002781224934389138,1.0,14.625085474282848
823_124,3,2017,2.999219899625167,86.5,0.009622008293810819,0.014399864726701132,1.0,13.234314550800638
831_124,3,2017,5.731219590577812,93.5,1.5785545163375298e-05,0.003467193190765815,1.0,26.61353428491226
832_124,3,2017,4.431613659028404,95.5,0.0005804492054034187,0.0022214145869887034,1.0,13.458043735212247
833_124,3,2017,4.619530072425099,94.5,0.0008622880610798927,0.002781224934389138,1.0,34.315382858819255
841_124,3,2017,0.024429321201480645,51.5,0.9812561208951925,0.9458048585528951,-1.0,-1.9444329461331646
842_124,3,2017,3.836002251689276,92.5,0.006082493584819264,0.004303876558312955,1.0,46.796863824114816
843_124,3,2017,3.701616441057057,89.5,0.007092274124547717,0.008024002332133759,1.0,69.44776946118371
844_124,3,2017,2.000176568612703,80.5,0.1075719952028542,0.04142253879330133,1.0,30.331570167917114
851_124,3,2017,3.7284899698432175,94.5,0.01447571439864198,0.002781224934389138,1.0,63.375995701059665
852_124,3,2017,5.338929064258614,92.5,0.00024074131294206068,0.004303876558312955,1.0,61.0337492438071
861_124,3,2017,1.7845455718878118,86.5,0.14601073794065397,0.014399864726701132,1.0,115.28612823743902
862_124,3,2017,1.6639025482456233,86.5,0.17122991568220844,0.014399864726701132,1.0,86.43152382378723
863_124,3,2017,1.7514889610600854,77.5,0.15459028754680418,0.06645414979996266,1.0,219.18109519126037
911_304,3,2017,2.4995639490125106,88.5,0.04852559797557487,0.00979219587072503,1.0,247.55652419281762
912_304,3,2017,1.019715796564713,67.5,0.3514705154453035,0.24784912392821346,1.0,14.990115331968463
913_304,3,2017,3.722630557087698,86.5,0.0029633041738533297,0.014399864726701132,1.0,93.84472730177893
914_304,3,2017,3.1361965134499816,93.5,0.028827594867781355,0.003467193190765815,1.0,34872.96622864486
999_31,3,2017,-1.2897894026354841,55.5,0.21112882804368338,0.7339474627492532,1.0,8.188520452638144
999_364,3,2017,4.143451495114768,91.5,0.00313026581159889,0.005319686062957794,1.0,166.8051102530869
999_398,3,2017,5.706467717389468,88.5,8.729744438198855e-06,0.00979219587072503,1.0,198.9934282621085
999_643,3,2017,2.076892799912964,83.5,0.05299427227601676,0.02488372328270136,1.0,44.68986918645661
999_795,3,2017,2.993650633856941,81.5,0.009617970431475671,0.035095797419284286,1.0,143.586186851876
