PFAF_ID,id,t_score,u_score,p_t,p_u,p_u_thd_0.01,sign
111087,111087_232,8.612458760302417,89.5,2.457701881357202e-08,0.0042500777316508,1.0,1.0
115300,115300_404,7.228735485940916,91.5,3.800885548035762e-07,0.0026506384119339,1.0,1.0
115457,115457_231,4.850868481219868,86.5,6.754263794448122e-05,0.00948282914749,1.0,1.0
115459,115459_231,7.90430750509377,92.5,1.2183657555822349e-07,0.0012657942180062,1.0,1.0
115460,115460_231,2.5936721628201287,91.5,0.0525145846717993,0.0011791760628102,1.0,1.0
115470,115470_231,1.2127239469171085,83.5,0.2909612197159049,0.0046209972076787,1.0,1.0
115715,115715_231,5.194679621312776,94.5,0.0003085253882731,0.0024969089151415,1.0,1.0
115718,115718_231,5.382998821243124,94.5,0.000543217165798,0.0021947476145765,1.0,1.0
117706,117706_508,-3.8721100097648513,-5.5,0.0099201906667919,0.0027812249343891,1.0,-1.0
117913,117913_508,4.501000513781115,93.5,0.0015242782802675,0.0034671931907658,1.0,1.0
122322,122322_716,-4.115623989707901,-10.5,0.0037683452298471,0.0080240023321337,1.0,-1.0
122640,122640_894,8.874106859472874,95.5,3.227409342385061e-08,0.0009709173648419,1.0,1.0
122725,122725_716,-4.16951602918227,-8.5,0.001811809947265,0.0053196860629577,1.0,-1.0
122968,122968_894,4.710600475150509,95.5,0.0029794809411246,0.0019852063607293,1.0,1.0
123066,123066_716,4.591541427934198,94.5,0.0048973586986898,0.0027812249343891,1.0,1.0
124406,124406_710,7.361240008560629,91.5,3.358082537995311e-07,0.0053196860629577,1.0,1.0
124408,124408_710,-6.232303445633752,-7.5,3.998353686880231e-06,0.0043038765583129,1.0,-1.0
124800,124800_72,6.094572611850508,91.5,9.687786145640963e-06,0.0053196860629577,1.0,1.0
124920,124920_710,-4.484477841160558,-8.5,0.0022737065979776,0.0053196860629577,1.0,-1.0
125409,125409_710,-5.252763501933549,-7.5,0.0005045606861292,0.0043038765583129,1.0,-1.0
125533,125533_710,6.961925190083375,91.5,6.50230487549112e-06,0.0053196860629577,1.0,1.0
125535,125535_710,6.532331798595292,95.5,0.0002042124550188,0.0003703679124224,1.0,1.0
125537,125537_710,5.211778452849413,91.5,4.272392694485651e-05,0.0053196860629577,1.0,1.0
125550,125550_710,-3.0248405583495988,-10.5,0.027309699442439,0.0080240023321337,1.0,-1.0
125566,125566_710,-3.3076411414726863,-10.5,0.0191663706808942,0.0080240023321337,1.0,-1.0
125568,125568_710,4.296831484272823,95.5,0.0045015975734418,0.0022214145869887,1.0,1.0
125590,125590_710,-2.4013774503223853,-7.5,0.0693143528380295,0.0043038765583129,1.0,-1.0
125602,125602_710,-5.8333728303910135,-4.5,0.0003733731448681,0.0022214145869887,1.0,-1.0
125603,125603_710,-2.9222278763600515,-10.0,0.0294904861329878,0.007218370861576,1.0,-1.0
125700,125700_710,-5.6174308411986535,-4.5,0.0001427184555933,0.0022214145869887,1.0,-1.0
125804,125804_710,-5.546942053049012,-10.5,2.9455703470028687e-05,0.0080240023321337,1.0,-1.0
125806,125806_710,-4.843251871899933,-4.5,0.0001095072019032,0.0022170503984282,1.0,-1.0
125807,125807_710,-3.7195646594137535,-11.5,0.0013624113790061,0.009792195870725,1.0,-1.0
127609,127609_710,-3.1528064029355627,-11.5,0.0188579455740464,0.009792195870725,1.0,-1.0
127706,127706_710,-4.107146759226895,-12.5,0.0005998772107774,0.0093925878036916,1.0,-1.0
127804,127804_426,8.060126625295451,95.5,2.3183709996937937e-06,0.0022214145869887,1.0,1.0
127950,127950_710,6.586982487346281,95.5,1.1134510591805892e-06,0.0022214145869887,1.0,1.0
131240,131240_24,-4.414993922166758,-9.5,0.0014863212901108,0.0065472876128609,1.0,-1.0
131831,131831_24,2.1124406427089264,95.5,0.1018915834053911,0.0022214145869887,1.0,1.0
131832,131832_24,1.6081336155064363,78.5,0.1830868322859094,0.0028770378029029,1.0,1.0
132972,132972_180,6.692919833145145,91.5,2.0502810863793614e-06,0.0031324166625382,1.0,1.0
133469,133469_266,5.471644162939757,92.5,0.0003897994174799,0.0043038765583129,1.0,1.0
133624,133624_120,7.779392052705859,95.5,5.806047339253361e-07,0.0022214145869887,1.0,1.0
133628,133628_120,4.654631650448858,95.5,0.0043124948523252,0.0022214145869887,1.0,1.0
133640,133640_120,7.064179744780504,95.5,1.687567638445802e-05,0.0022214145869887,1.0,1.0
133650,133650_120,8.355625794838303,90.5,8.266425639923092e-08,0.0039468837628869,1.0,1.0
133660,133660_120,8.497528786438252,90.5,4.148988915774954e-08,0.0065472876128609,1.0,1.0
133670,133670_120,8.645430388083575,93.5,1.6870564155662477e-08,0.0034671931907658,1.0,1.0
142214,142214_566,7.2801107185182845,93.5,4.2938727862653134e-06,0.0034297150468027,1.0,1.0
142230,142230_566,-4.909935057598959,-11.5,0.0001501566425409,0.009792195870725,1.0,-1.0
142286,142286_120,-5.303560157437687,-11.5,0.0002013495297425,0.009792195870725,1.0,-1.0
142299,142299_566,-3.8342388991329295,-11.5,0.0038706620993431,0.0095118833511544,1.0,-1.0
142345,142345_566,5.659382134354976,91.5,0.0001408251029531,0.0048391075462491,1.0,1.0
142347,142347_566,7.435859780787512,89.5,3.972397911279027e-07,0.0080118808880469,1.0,1.0
142380,142380_566,2.5016497481230364,90.5,0.0598665947473768,0.0065472876128609,1.0,1.0
142393,142393_566,7.602556289535372,92.5,2.229400125245147e-07,0.0043038765583129,1.0,1.0
142394,142394_566,7.52197512495197,92.5,2.132016300530065e-07,0.0028433748513975,1.0,1.0
142395,142395_566,7.603001134937125,92.5,2.696280468566404e-07,0.004156377662399,1.0,1.0
142396,142396_566,5.399844294729887,92.0,0.0004450135444374,0.0014346092736305,1.0,1.0
142397,142397_566,6.819775315440944,92.0,1.3879688953676335e-06,0.0018811956920049,1.0,1.0
142466,142466_566,-6.877549145614322,-5.5,1.0520640234957924e-06,0.0027812249343891,1.0,-1.0
142714,142714_854,5.30813824909398,90.5,2.26024649990686e-05,0.0065059089896012,1.0,1.0
142715,142715_854,-2.6999125136594704,-9.5,0.0441357336197261,0.0065472876128609,1.0,-1.0
142726,142726_854,-2.023458525541244,-7.5,0.111847632693247,0.0042964314369015,1.0,-1.0
142732,142732_854,-2.622467850630716,-9.5,0.0434699244625628,0.005367353223309,1.0,-1.0
142963,142963_466,6.913522305496592,91.5,1.2829313885652875e-06,0.0053196860629577,1.0,1.0
143049,143049_566,-5.1317773431032,-9.5,0.00025950550148,0.0065472876128609,1.0,-1.0
144505,144505_288,6.060806540030312,88.5,7.80559897585222e-06,0.009792195870725,1.0,1.0
144706,144706_854,6.404016416255224,92.5,1.5567575701186675e-06,0.004156377662399,1.0,1.0
144900,144900_854,2.1731976771386945,95.5,0.0936994890726457,0.0022214145869887,1.0,1.0
145103,145103_288,-4.75668747032134,-12.5,0.0001372134876127,0.0093925878036916,1.0,-1.0
145776,145776_324,2.611724502979012,93.5,0.0352995222069501,0.0034671931907658,1.0,1.0
147000,147000_478,-5.181260586787435,-12.5,0.0002086677000271,0.0089600669024821,1.0,-1.0
153050,153050_12,4.6163302360187926,89.5,0.0002414688174596,0.0080240023321337,1.0,1.0
154524,154524_504,8.690387623175159,95.5,2.308110540987033e-07,0.0003703679124224,1.0,1.0
154903,154903_12,-3.367552985486688,-11.5,0.0139743212283322,0.009792195870725,1.0,-1.0
162465,162465_566,3.5588700802131394,92.5,0.0031974297162857,0.0043038765583129,1.0,1.0
172110,172110_818,-6.2148907996080975,-4.5,3.078556207410897e-06,0.0022214145869887,1.0,-1.0
172121,172121_818,3.391364705990119,91.5,0.0173615256011646,0.0053196860629577,1.0,1.0
172132,172132_729,4.002412252991585,92.5,0.0029726980579162,0.0043038765583129,1.0,1.0
172133,172133_729,4.374101223070782,91.5,0.000226671077617,0.0053196860629577,1.0,1.0
172193,172193_729,3.646529359403029,91.5,0.0049221852767972,0.0053196860629577,1.0,1.0
172249,172249_231,6.837641707664312,91.5,1.0377671592208863e-06,0.0021493993484858,1.0,1.0
172263,172263_729,8.846993585996298,93.5,9.321278020269772e-09,0.0034421810162026,1.0,1.0
172264,172264_729,6.669541157387418,92.5,1.6022408989935696e-05,0.0008905854024854,1.0,1.0
172265,172265_729,6.177332869004514,93.5,0.000108224800844,0.0009655499562754,1.0,1.0
172266,172266_729,1.7841267573277972,92.5,0.136843091094327,0.0008905854024854,1.0,1.0
172267,172267_729,1.99298601261086,91.5,0.1034044775819431,0.0011791760628102,1.0,1.0
172271,172271_729,7.401737088560895,92.5,7.553609298595639e-07,0.0016687141502293,1.0,1.0
172278,172278_231,8.42194314388325,91.5,1.772201352773746e-08,0.0011791760628102,1.0,1.0
172279,172279_231,5.208179408835302,95.5,4.443998869928121e-05,0.0022214145869887,1.0,1.0
172280,172280_231,5.919531012644447,94.5,5.902013484823537e-06,0.0026775327651646,1.0,1.0
172290,172290_231,5.561884647743154,95.5,2.015770405910488e-05,0.0022214145869887,1.0,1.0
172451,172451_729,7.304897125065428,91.5,2.430207079006028e-07,0.0053196860629577,1.0,1.0
172455,172455_729,3.891456319397409,86.5,0.0073589042585818,0.0082992159952807,1.0,1.0
172474,172474_231,6.8094184523417445,91.5,7.715811918675224e-07,0.0053196860629577,1.0,1.0
172494,172494_231,8.294618608828257,89.5,2.9131190966870794e-08,0.0013681987826822,1.0,1.0
172498,172498_231,3.874046765311802,92.5,0.0093604480314709,0.0042297577631768,1.0,1.0
172972,172972_800,4.863514188331839,90.5,7.550406677663168e-05,0.0065472876128609,1.0,1.0
172973,172973_800,5.154087094712702,94.5,4.944366921095608e-05,0.0027812249343891,1.0,1.0
172975,172975_800,6.191734031541124,94.5,2.926013916173732e-06,0.0027812249343891,1.0,1.0
172976,172976_834,4.227030280148181,91.5,0.0018101519865088,0.0053196860629577,1.0,1.0
172977,172977_834,4.410185845612981,90.5,0.0004681210549329,0.0065472876128609,1.0,1.0
172991,172991_834,4.309391789198044,92.5,0.0004090994979887,0.0043038765583129,1.0,1.0
211017,211017_760,7.695529421124959,91.5,2.491295214662629e-07,0.0051451340663887,1.0,1.0
211032,211032_792,2.687871815843473,89.5,0.0390165188428192,0.0080240023321337,1.0,1.0
211034,211034_792,5.347191547026525,90.5,3.759276715529699e-05,0.0065472876128609,1.0,1.0
211037,211037_792,8.463622034059814,91.5,5.789970613842385e-08,0.0053196860629577,1.0,1.0
211038,211038_792,8.775365954791477,91.5,8.477758114565625e-09,0.0053108816059799,1.0,1.0
211056,211056_792,-4.471885900984205,-9.5,0.000534052319321,0.0065472876128609,1.0,-1.0
213010,213010_792,3.3237437328469364,89.5,0.007569501315092,0.0080240023321337,1.0,1.0
213021,213021_792,6.641346691108007,94.5,1.7375927353879014e-06,0.0024969089151415,1.0,1.0
213026,213026_100,-2.775685469525936,-10.5,0.0406180224516527,0.0080240023321337,1.0,-1.0
213060,213060_300,7.126355384050938,95.5,8.485471624013184e-07,0.0022214145869887,1.0,1.0
213078,213078_8,4.122217448433077,94.5,0.00837547512242,0.0027812249343891,1.0,1.0
214069,214069_250,2.15314015423652,93.5,0.043901673457562,0.0034421810162026,1.0,1.0
216026,216026_756,6.380360563009946,93.5,7.581744645606335e-06,0.0034671931907658,1.0,1.0
216048,216048_724,3.290112982836932,88.5,0.0032462451889717,0.009792195870725,1.0,1.0
221406,221406_792,-4.39530571247235,-11.5,0.0013359140937783,0.009792195870725,1.0,-1.0
221408,221408_792,8.530496931508088,95.5,5.36751174203571e-08,0.0022170503984282,1.0,1.0
221603,221603_792,4.9964535921387805,88.5,8.569588653438656e-05,0.009792195870725,1.0,1.0
221800,221800_792,7.4856357712633566,90.5,3.481842227401013e-07,0.0065472876128609,1.0,1.0
222023,222023_643,-1.7425062303384669,-8.5,0.1547581858086892,0.0053196860629577,1.0,-1.0
222024,222024_643,-4.987815624703209,-10.5,0.0001139354852311,0.0080240023321337,1.0,-1.0
223204,223204_643,-4.339521247298994,-9.5,0.0002487407231623,0.0065472876128609,1.0,-1.0
225117,225117_804,-2.65918688436484,-10.5,0.0425136452072382,0.0080240023321337,1.0,-1.0
225130,225130_804,-3.806152401844349,-10.5,0.0071224870033468,0.0080240023321337,1.0,-1.0
225140,225140_804,-4.475141904641539,-9.5,0.0005910567402822,0.0065472876128609,1.0,-1.0
225300,225300_804,-4.445124148931137,-6.5,0.0010784519027743,0.0034671931907658,1.0,-1.0
226063,226063_804,6.036116989213314,88.5,3.7535844733939015e-06,0.009792195870725,1.0,1.0
227202,227202_642,5.941547205898715,94.5,7.073508657680643e-06,0.0027812249343891,1.0,1.0
227371,227371_100,-4.946353779221066,-7.5,7.134076576057074e-05,0.0043038765583129,1.0,-1.0
227376,227376_642,-5.29017589519174,-9.5,2.6076855607162352e-05,0.0065472876128609,1.0,-1.0
227390,227390_642,5.41724875075376,93.5,2.0061142559865808e-05,0.0034671931907658,1.0,1.0
227401,227401_688,9.226091061090552,92.5,1.3728763108501616e-08,0.0008905854024854,1.0,1.0
227409,227409_705,3.109370551079628,85.5,0.0164574648669292,0.0056201510921649,1.0,1.0
227624,227624_642,5.408254638029837,93.5,0.000234839417739,0.0034671931907658,1.0,1.0
227625,227625_642,3.7656727490325537,88.5,0.0037052067688218,0.009792195870725,1.0,1.0
227626,227626_642,2.5849862265728154,91.5,0.0178265828960709,0.0053196860629577,1.0,1.0
227694,227694_642,5.266643832198177,94.5,3.393311379529973e-05,0.0027812249343891,1.0,1.0
231406,231406_724,-4.125105269401439,-6.5,0.0057456097750545,0.0034671931907658,1.0,-1.0
231700,231700_620,8.532119188827517,94.5,1.9894699126744776e-08,0.0027812249343891,1.0,1.0
231801,231801_620,8.63618397811862,93.5,2.77897110665506e-08,0.0034671931907658,1.0,1.0
231801,231801_724,6.517381749666547,92.5,2.081537620772226e-06,0.0043038765583129,1.0,1.0
231805,231805_724,5.164860283579061,92.5,0.0010918449427701,0.0043038765583129,1.0,1.0
231909,231909_724,4.37492413554012,89.5,0.0008908709512648,0.0080240023321337,1.0,1.0
232180,232180_250,3.5481441140875285,88.5,0.0043646977018569,0.009792195870725,1.0,1.0
232190,232190_250,4.169248650121016,94.5,0.0008434653683169,0.0027812249343891,1.0,1.0
232406,232406_250,4.328149947795688,94.5,0.0002819906993726,0.0027812249343891,1.0,1.0
232409,232409_250,3.395899126798948,88.5,0.0028332735959723,0.009792195870725,1.0,1.0
232620,232620_250,-3.0023077498349977,-9.5,0.0253852685449034,0.0065472876128609,1.0,-1.0
232706,232706_276,-5.9562280086939134,-8.5,6.715499818084482e-06,0.0053196860629577,1.0,-1.0
242240,242240_616,5.65434972506157,95.5,1.766828711620915e-05,0.0022214145869887,1.0,1.0
242410,242410_616,-4.932962998106946,-9.5,0.0002407259595876,0.0065472876128609,1.0,-1.0
242444,242444_616,4.360329382056025,93.5,0.0003256380627384,0.0034671931907658,1.0,1.0
242480,242480_616,-5.438844572110782,-8.5,3.7819143918309465e-05,0.0053196860629577,1.0,-1.0
242491,242491_616,-3.935784991655263,-5.5,0.0113879718448688,0.0027655182338242,1.0,-1.0
243225,243225_246,5.232050582355433,89.5,4.772504456292672e-05,0.0080240023321337,1.0,1.0
243226,243226_246,4.555616919538668,88.5,0.0002109660591734,0.009792195870725,1.0,1.0
243227,243227_246,4.828629641768795,90.5,0.0004783132016901,0.0065472876128609,1.0,1.0
243247,243247_643,3.440749791593812,88.5,0.002258497722892,0.009792195870725,1.0,1.0
244380,244380_752,2.447718598418336,92.5,0.0240322158344609,0.0043038765583129,1.0,1.0
244740,244740_752,5.732659986069254,92.5,7.985690858371535e-06,0.0043038765583129,1.0,1.0
244809,244809_578,7.224328087762433,90.0,7.364387633470691e-07,0.0029269056942753,1.0,1.0
251094,251094_578,4.947637783333299,94.5,7.270021318159035e-05,0.0027812249343891,1.0,1.0
251099,251099_752,-5.392403333735382,-11.5,5.06910903187804e-05,0.009792195870725,1.0,-1.0
271052,271052_352,8.698212288463116,95.5,4.4894656222573487e-08,0.0022214145869887,1.0,1.0
281020,281020_364,4.817975092178489,91.5,0.0010229974262344,0.0043210492455202,1.0,1.0
281040,281040_364,6.19916457262439,91.5,3.639651355853122e-05,0.0052232818798462,1.0,1.0
281070,281070_364,8.234685136698527,92.5,3.612337731558428e-08,0.0008905854024854,1.0,1.0
281080,281080_364,5.107926795388914,88.5,0.0001822784633549,0.00693448345803,1.0,1.0
281097,281097_4,7.284187544517702,89.5,2.491671167419667e-07,0.0080240023321337,1.0,1.0
283119,283119_643,-4.311758582550757,-10.5,0.0007207606230751,0.0080240023321337,1.0,-1.0
283120,283120_643,-5.081008227813473,-6.5,3.927887173989903e-05,0.0034671931907658,1.0,-1.0
283273,283273_643,2.0782182493711656,88.5,0.0511564830398243,0.009792195870725,1.0,1.0
283401,283401_643,-4.182781349946635,-8.5,0.0004479047840941,0.0053196860629577,1.0,-1.0
283665,283665_643,3.681338037652958,95.5,0.001417573256148,0.0022214145869887,1.0,1.0
283666,283666_643,3.9063241767631567,94.5,0.0007587325661767,0.0027812249343891,1.0,1.0
283675,283675_643,-4.268786574896542,-11.5,0.0017274742054785,0.009792195870725,1.0,-1.0
283676,283676_643,-3.337357745882662,-11.5,0.0164652608013361,0.009792195870725,1.0,-1.0
284004,284004_364,6.435160906737818,93.5,1.5230572651820697e-06,0.0034671931907658,1.0,1.0
284202,284202_643,-3.675591490605531,-10.5,0.0070983026781905,0.0080240023321337,1.0,-1.0
284645,284645_31,-5.664188282834895,-8.5,4.378449671478042e-05,0.0053196860629577,1.0,-1.0
284645,284645_364,-5.218070320135351,-8.5,6.947368309353233e-05,0.0053196860629577,1.0,-1.0
284646,284646_51,7.016328003953972,87.5,6.199864608913277e-07,0.0034181472352351,1.0,1.0
284650,284650_31,-2.9431207996517426,-9.5,0.0309393133437746,0.0065472876128609,1.0,-1.0
284660,284660_31,-4.691911482646531,-6.5,0.0017570150604649,0.0034671931907658,1.0,-1.0
284680,284680_268,-3.557811222236751,-4.5,0.0179921293713375,0.0022214145869887,1.0,-1.0
284680,284680_51,4.714434403885268,89.5,0.0010760650391758,0.0020311983018944,1.0,1.0
284690,284690_792,6.892591119408087,95.5,4.229455621190657e-05,0.0005525770418467,1.0,1.0
284801,284801_364,4.917081953328726,94.5,0.0020891370686885,0.0027759833653867,1.0,1.0
284807,284807_364,5.908546034764705,95.5,6.074498747666683e-06,0.0020718373719595,1.0,1.0
284808,284808_364,7.955868781671817,95.5,2.183406495147309e-07,0.0015724085242773,1.0,1.0
284809,284809_364,5.096842077473753,93.5,4.093589442269873e-05,0.0034048633189499,1.0,1.0
292109,292109_364,5.311141025384187,92.5,2.1648188466061747e-05,0.0043038765583129,1.0,1.0
292409,292409_364,3.541040656640182,90.5,0.010201058965522,0.0065472876128609,1.0,1.0
292566,292566_364,9.243213853783042,95.5,1.2456742546257342e-08,0.0015724085242773,1.0,1.0
292701,292701_364,4.36080746570989,88.5,0.0005139889639631,0.009792195870725,1.0,1.0
292805,292805_364,3.238989956729302,88.5,0.0184645761020151,0.009792195870725,1.0,1.0
292806,292806_364,6.661279994517065,90.5,1.05099657594256e-05,0.001552156732363,1.0,1.0
293406,293406_364,5.719550978612448,92.5,0.0002662563781657,0.0008905854024854,1.0,1.0
293609,293609_364,7.220235047796892,93.5,9.973902360286831e-06,0.0022488493941389,1.0,1.0
293802,293802_364,2.82098630471518,91.5,0.0346592187883899,0.0048391075462491,1.0,1.0
293807,293807_364,8.353014090916146,95.5,4.5259351802571286e-08,0.0022214145869887,1.0,1.0
294206,294206_364,6.137588139554795,88.5,4.203893380551245e-06,0.009792195870725,1.0,1.0
294402,294402_364,3.93680677164616,86.5,0.003721888205842,0.00948282914749,1.0,1.0
294403,294403_364,7.525683379119952,91.5,2.916653859723991e-07,0.0053196860629577,1.0,1.0
294404,294404_364,6.239255444579026,93.5,2.8071831036991382e-06,0.0032519605611893,1.0,1.0
294408,294408_364,4.647326292415953,95.5,0.0046739304991331,0.0003703679124224,1.0,1.0
294409,294409_364,7.71827665577608,91.5,2.5623249509487866e-07,0.0043210492455202,1.0,1.0
294645,294645_364,8.637934797761304,95.5,5.0578738383865394e-08,0.0009709173648419,1.0,1.0
294647,294647_364,8.884718914104928,92.5,1.4174521121161789e-08,0.0043038765583129,1.0,1.0
294648,294648_364,6.503119933804593,89.5,1.2323677407007795e-06,0.0076053658696778,1.0,1.0
294650,294650_368,8.11963848107424,95.5,5.0367876130924174e-08,0.0019852063607293,1.0,1.0
294660,294660_364,4.683890772775285,94.5,0.0043395377993058,0.0019966296465181,1.0,1.0
294660,294660_368,4.767105151628035,91.5,0.0009508423821964,0.0053196860629577,1.0,1.0
294680,294680_368,2.937547570822318,86.5,0.0242947663148187,0.0069427432165769,1.0,1.0
294693,294693_792,6.423185274380913,91.5,5.24245097390133e-06,0.0031324166625382,1.0,1.0
294992,294992_792,6.560673005439119,90.5,1.1387974019315946e-06,0.0065472876128609,1.0,1.0
294994,294994_792,4.896827694727048,88.5,0.0005999002483387,0.0097639844803635,1.0,1.0
294995,294995_792,8.58939139014248,95.5,2.3619400224445346e-07,0.0002209438532331,1.0,1.0
294996,294996_792,7.418716831086248,94.0,6.4872702157317e-07,0.0011213099504908,1.0,1.0
295307,295307_512,6.957520031022963,90.5,1.9797939000992185e-06,0.001552156732363,1.0,1.0
295307,295307_784,8.5257624664584,88.5,5.017320836888388e-08,0.0026426228963406,1.0,1.0
296732,296732_682,6.162814658510523,91.5,5.63780167791434e-06,0.0052320054451517,1.0,1.0
297795,297795_682,3.5185127603236017,89.5,0.0114946765593192,0.0055879922511984,1.0,1.0
297798,297798_682,5.924512043159723,85.5,5.651021652254226e-06,0.0088011237652847,1.0,1.0
297816,297816_682,8.05450487236173,89.5,4.412585098258294e-08,0.0020311983018944,1.0,1.0
312483,312483_643,-3.864168496233185,-9.5,0.0047422491682231,0.0065472876128609,1.0,-1.0
312977,312977_398,3.847666203305955,89.5,0.0010335702790649,0.0080240023321337,1.0,1.0
312980,312980_398,4.876159244744921,91.5,6.826106685174722e-05,0.0053196860629577,1.0,1.0
312990,312990_156,7.062550371584663,94.5,4.384369891290792e-06,0.0027812249343891,1.0,1.0
312992,312992_398,5.035431283356838,95.5,5.118501404732285e-05,0.0022214145869887,1.0,1.0
312993,312993_156,4.738530819001584,95.5,0.0043057030259964,0.0005525770418467,1.0,1.0
312993,312993_398,5.577267471865072,95.5,1.1311746187690547e-05,0.0022214145869887,1.0,1.0
312994,312994_156,6.906189188561996,89.5,5.084869515184734e-07,0.0080240023321337,1.0,1.0
312996,312996_156,7.964810904330495,94.5,4.759496847022308e-08,0.0027812249343891,1.0,1.0
322140,322140_643,3.3750997980204795,89.5,0.0030642873129956,0.0080240023321337,1.0,1.0
322684,322684_643,6.193816285151471,90.5,1.683859158677572e-05,0.002139740516028,1.0,1.0
322735,322735_643,7.069799930938208,95.5,9.838496801000172e-07,0.0022214145869887,1.0,1.0
322736,322736_643,7.988259976503372,95.5,7.479311076169638e-08,0.0022214145869887,1.0,1.0
322737,322737_643,7.317531414152056,94.5,5.911800314590518e-07,0.0027812249343891,1.0,1.0
322771,322771_643,-6.307966505624611,-9.5,2.5602183654028977e-06,0.0065472876128609,1.0,-1.0
342258,342258_643,2.567130508422195,88.5,0.0182158674798209,0.009792195870725,1.0,1.0
351897,351897_643,6.181227796224999,89.5,3.911538071271294e-06,0.0080240023321337,1.0,1.0
412001,412001_392,-3.6266623389306663,-11.5,0.0095625572898013,0.009792195870725,1.0,-1.0
413018,413018_392,3.9735123715095777,91.5,0.0025184760225585,0.0053196860629577,1.0,1.0
413052,413052_392,-2.682455892867675,-6.5,0.0506414066457025,0.0034671931907658,1.0,-1.0
413053,413053_392,3.811023749584706,88.5,0.005044255214862,0.009792195870725,1.0,1.0
422090,422090_156,4.707954350704091,88.5,0.0001213415632384,0.0090174753895478,1.0,1.0
422416,422416_156,6.709167040860453,92.5,9.724635594980103e-07,0.0024740702727764,1.0,1.0
422418,422418_156,9.902911864272207,95.5,1.9358180366984e-09,0.0022170503984282,1.0,1.0
422434,422434_156,7.333131114629965,91.5,5.780083732656231e-07,0.0016502765021549,1.0,1.0
422494,422494_156,5.228143535134918,92.5,0.0005960562131927,0.0016687141502293,1.0,1.0
422912,422912_643,7.1353291146939055,95.5,5.385970559146463e-07,0.0020718373719595,1.0,1.0
422964,422964_156,6.729425790458117,94.5,1.7546322703825663e-06,0.0027759833653867,1.0,1.0
423060,423060_156,7.497723507962556,94.5,2.2056009661473614e-07,0.0026013341227045,1.0,1.0
423085,423085_408,4.092014567329202,92.5,0.0023306213458179,0.0042445224256144,1.0,1.0
423090,423090_408,3.6749253547380647,88.5,0.0013243646603909,0.0097780851835565,1.0,1.0
424101,424101_408,4.7690558288169225,88.5,8.427371509582561e-05,0.009792195870725,1.0,1.0
424102,424102_410,3.8268769546892014,89.5,0.0034716595590635,0.0080240023321337,1.0,1.0
424107,424107_410,4.488265748691455,91.5,0.0009668020255604,0.0053196860629577,1.0,1.0
424108,424108_410,3.956079014504764,94.5,0.0007127896206497,0.0027812249343891,1.0,1.0
424308,424308_408,5.170692403339508,89.5,3.477942559414023e-05,0.0080240023321337,1.0,1.0
424406,424406_408,5.193483985170025,89.5,7.713324854584579e-05,0.0080240023321337,1.0,1.0
424849,424849_156,7.605181779214913,91.5,1.717386873232675e-07,0.0031324166625382,1.0,1.0
424902,424902_156,4.101779056590055,95.5,0.0005566407981788,0.0022214145869887,1.0,1.0
424904,424904_156,3.90816195455299,93.5,0.0009389979933202,0.0034671931907658,1.0,1.0
424908,424908_156,8.78486563090721,92.5,1.1280631809390833e-08,0.0043038765583129,1.0,1.0
424909,424909_156,4.956506770610611,95.5,5.416565681652398e-05,0.0022214145869887,1.0,1.0
431000,431000_156,6.610436959152014,95.5,2.548177353684808e-05,0.0015724085242773,1.0,1.0
431622,431622_156,6.067988351364027,93.5,0.0001194825177559,0.0034671931907658,1.0,1.0
431623,431623_156,6.845651287198052,95.5,9.108807707706732e-07,0.0022214145869887,1.0,1.0
431667,431667_156,4.545737877583317,92.5,0.0001780936626524,0.0043038765583129,1.0,1.0
431680,431680_156,5.074644918857778,88.5,3.876968903454683e-05,0.009792195870725,1.0,1.0
432070,432070_156,8.236050157083534,89.5,4.1838765052165056e-08,0.0020311983018944,1.0,1.0
432106,432106_156,6.253236222388243,91.5,2.4069110974104503e-06,0.0053196860629577,1.0,1.0
432210,432210_156,7.466942295334793,93.5,1.614630783390678e-07,0.003114968851357,1.0,1.0
432220,432220_156,9.381721149514496,94.5,1.1530081145507574e-08,0.0027812249343891,1.0,1.0
432240,432240_156,6.701142850048306,94.5,4.89767433459286e-06,0.0027083887952105,1.0,1.0
432262,432262_156,6.142545144740275,88.0,2.8879556521663697e-06,0.0059437924437759,1.0,1.0
432270,432270_156,3.643427278663392,91.5,0.0014242439773714,0.0053196860629577,1.0,1.0
432300,432300_156,4.017839508306197,89.5,0.0067453504473385,0.0079755730074294,1.0,1.0
432404,432404_156,5.450258949187765,92.5,0.0001080677160056,0.0043038765583129,1.0,1.0
432408,432408_156,5.942202768025727,89.5,4.861696259374993e-06,0.006153018801181,1.0,1.0
432606,432606_156,7.104104835179507,95.5,3.092277646493205e-07,0.0022170503984282,1.0,1.0
432712,432712_156,4.674146417125004,94.5,0.0001405375988873,0.0026013341227045,1.0,1.0
432714,432714_156,7.0923558515561504,90.5,6.874547870511163e-07,0.0063417988753211,1.0,1.0
432720,432720_156,4.809648444320418,95.5,0.0001166130410359,0.0022214145869887,1.0,1.0
432740,432740_156,6.727673697668259,92.5,1.0119787411335192e-06,0.0043038765583129,1.0,1.0
432750,432750_156,8.013022909600952,95.5,9.65168839135607e-08,0.0020718373719595,1.0,1.0
432751,432751_156,6.621232397653694,92.5,1.6483085427508088e-06,0.0043038765583129,1.0,1.0
432756,432756_156,4.540680388946988,88.5,0.0001464727115652,0.0095118833511544,1.0,1.0
432805,432805_156,6.320790258057151,95.5,0.0001263965319365,0.0022214145869887,1.0,1.0
432900,432900_156,5.818203955184102,94.5,0.0003517303481327,0.0017348900221975,1.0,1.0
432951,432951_156,5.004958729088367,91.5,4.769932725894692e-05,0.0053196860629577,1.0,1.0
432952,432952_156,5.796975650770866,89.5,8.917317876602915e-06,0.0080240023321337,1.0,1.0
432953,432953_156,3.904066758007122,91.5,0.0007328583871658,0.0053196860629577,1.0,1.0
432993,432993_156,6.037421542362924,93.5,3.8106573158188823e-06,0.0034048633189499,1.0,1.0
433066,433066_156,4.595691533386796,93.5,0.0006459892441554,0.0034671931907658,1.0,1.0
434288,434288_156,5.018487598015917,89.5,5.940544167055597e-05,0.0080240023321337,1.0,1.0
434299,434299_156,5.0607936885761,90.5,0.0007320646839687,0.002139740516028,1.0,1.0
434303,434303_156,3.0764403024233244,91.5,0.0054023552081206,0.0053196860629577,1.0,1.0
434304,434304_156,5.792748532884156,93.5,6.796124244424818e-06,0.0034671931907658,1.0,1.0
434422,434422_156,6.5812722539109085,91.5,1.110952069763754e-06,0.0053196860629577,1.0,1.0
434426,434426_156,5.813184934934767,93.5,1.814252068826835e-05,0.0034671931907658,1.0,1.0
434427,434427_156,5.647865080563967,94.5,7.057062077258012e-05,0.0027812249343891,1.0,1.0
434428,434428_156,5.331018349659257,93.5,2.0720368806149403e-05,0.0034671931907658,1.0,1.0
434429,434429_156,4.958875193790786,93.5,5.419296764371152e-05,0.0034671931907658,1.0,1.0
434440,434440_156,3.849965568091896,92.5,0.0011454658709906,0.0043038765583129,1.0,1.0
434503,434503_156,5.124660524686597,92.5,0.0003607458719304,0.0043038765583129,1.0,1.0
434509,434509_156,6.044390853040709,95.5,4.133137435482308e-05,0.0022214145869887,1.0,1.0
434620,434620_156,4.656645843658975,90.5,0.0005597311542686,0.0065472876128609,1.0,1.0
434630,434630_156,5.158061118709111,93.5,7.017699093962838e-05,0.0034671931907658,1.0,1.0
434650,434650_156,5.650658326954226,91.5,2.1385630709781032e-05,0.0053196860629577,1.0,1.0
434660,434660_156,5.16470072652206,94.5,0.0011665446135197,0.0027812249343891,1.0,1.0
434670,434670_156,6.043127239020218,95.5,3.671346795051758e-05,0.0022214145869887,1.0,1.0
434680,434680_156,5.721826882486415,91.5,9.185210533024564e-05,0.0053196860629577,1.0,1.0
434700,434700_156,4.24613598384942,89.5,0.0005677415407345,0.0080240023321337,1.0,1.0
434860,434860_156,5.075724798139063,88.5,5.907229915796361e-05,0.009792195870725,1.0,1.0
434897,434897_156,5.600900357337422,93.5,0.0004915391373287,0.0034671931907658,1.0,1.0
434898,434898_156,6.055267819117926,94.5,6.734148900787227e-05,0.0027812249343891,1.0,1.0
434899,434899_156,6.771124530604781,94.5,7.403668855726586e-07,0.0027812249343891,1.0,1.0
434912,434912_156,4.205318864545462,88.5,0.0005430802664056,0.009792195870725,1.0,1.0
434914,434914_156,6.647088853493732,95.5,1.2103925651151428e-06,0.0022214145869887,1.0,1.0
434915,434915_156,4.056482147493589,94.5,0.0005719318221667,0.0027812249343891,1.0,1.0
434919,434919_156,3.195919965001068,93.5,0.0047349140522474,0.0034671931907658,1.0,1.0
434921,434921_156,4.412709582031451,90.5,0.0002166362758854,0.0065472876128609,1.0,1.0
434923,434923_156,6.417742943472101,94.5,2.1383136506294506e-06,0.0027812249343891,1.0,1.0
434926,434926_156,4.745955729641317,88.5,0.0001262008246126,0.009792195870725,1.0,1.0
434927,434927_156,4.183230167343114,90.5,0.0016698069821434,0.0065472876128609,1.0,1.0
434929,434929_156,3.771079215085843,94.5,0.0093957973909488,0.0027812249343891,1.0,1.0
434930,434930_156,5.609264606459452,93.5,1.3831213472459794e-05,0.0034671931907658,1.0,1.0
434941,434941_156,5.3267402963672685,93.5,2.2593116535865412e-05,0.0034671931907658,1.0,1.0
434942,434942_156,6.436124381268675,92.5,1.9130840257382264e-06,0.0043038765583129,1.0,1.0
434944,434944_156,6.930940413029904,95.5,5.293484450809141e-07,0.0022214145869887,1.0,1.0
434945,434945_156,6.4321748750516585,88.5,2.8520489474631053e-06,0.009792195870725,1.0,1.0
434946,434946_156,7.193607839194708,94.5,3.414522487837396e-07,0.0027812249343891,1.0,1.0
434949,434949_156,5.351540196838188,90.5,0.0002746251433018,0.0065472876128609,1.0,1.0
434954,434954_156,5.992663588997338,93.5,4.517372599336024e-06,0.0034671931907658,1.0,1.0
434955,434955_156,5.775085871668487,91.5,9.24233524233606e-06,0.0053196860629577,1.0,1.0
434956,434956_156,5.103206318469524,93.5,0.000276294381795,0.0034671931907658,1.0,1.0
434958,434958_156,4.104270547405917,92.5,0.003697766444589,0.0042741403952073,1.0,1.0
434961,434961_156,4.281449532598618,92.5,0.0034257400265858,0.0043038765583129,1.0,1.0
434962,434962_156,6.535156007605686,92.5,1.2586863086698076e-06,0.0043038765583129,1.0,1.0
434965,434965_156,6.881311264086852,94.5,5.421246763686729e-07,0.0027812249343891,1.0,1.0
434973,434973_156,7.63318909265681,95.5,1.6838027370526172e-07,0.0022214145869887,1.0,1.0
434974,434974_156,7.337260122997118,95.5,2.23105706245727e-07,0.0022214145869887,1.0,1.0
434983,434983_156,5.621017021571569,89.5,1.7780435763113554e-05,0.0080240023321337,1.0,1.0
434984,434984_156,7.888004269048981,93.5,5.5018868559445153e-08,0.0034671931907658,1.0,1.0
434985,434985_156,7.093141462880804,93.5,8.213773339026017e-07,0.0034671931907658,1.0,1.0
434991,434991_156,8.170318202120418,94.5,7.403254416323537e-08,0.0027812249343891,1.0,1.0
434993,434993_156,7.532582929544076,93.5,3.3846593460472536e-07,0.0034671931907658,1.0,1.0
435060,435060_156,6.1097779683691975,93.5,3.758448197847236e-06,0.0034671931907658,1.0,1.0
436622,436622_156,5.142235634558937,91.5,3.6534068434077096e-05,0.0053196860629577,1.0,1.0
436629,436629_156,4.091086391024472,89.5,0.0025993292086395,0.0080240023321337,1.0,1.0
436636,436636_156,4.365834042266988,92.5,0.0013295294229157,0.0043038765583129,1.0,1.0
436646,436646_156,4.138369696463501,89.5,0.0015342089341754,0.0080240023321337,1.0,1.0
436649,436649_156,5.766119606791911,91.5,1.6221441486591628e-05,0.0053196860629577,1.0,1.0
436673,436673_156,4.590149774687016,94.5,0.0009267107468014,0.0027812249343891,1.0,1.0
436680,436680_156,6.393795908994315,93.5,3.831024656609041e-06,0.0034671931907658,1.0,1.0
436695,436695_156,5.828377099023093,91.5,6.287858261944925e-06,0.0053196860629577,1.0,1.0
436824,436824_704,4.276744322952184,88.5,0.0003416181614821,0.009792195870725,1.0,1.0
436829,436829_156,4.926734867407068,95.5,6.592642519887724e-05,0.0022214145869887,1.0,1.0
436841,436841_704,6.714014128208139,93.5,2.3120930765397497e-05,0.0025236667291645,1.0,1.0
436843,436843_156,5.39634587940686,90.5,2.0033766369866902e-05,0.0065472876128609,1.0,1.0
436844,436844_156,6.266362274986422,91.5,6.726872487262862e-05,0.0035782542409001,1.0,1.0
436846,436846_156,5.092323464892425,94.5,0.0017339382900416,0.000499123789788,1.0,1.0
436848,436848_156,5.988623155620183,87.5,1.463084726060337e-05,0.0066805170925239,1.0,1.0
436850,436850_704,5.84809001801851,91.5,8.418077214040966e-06,0.0053196860629577,1.0,1.0
436870,436870_704,5.509150177246978,92.5,0.0002216881852819,0.0043038765583129,1.0,1.0
436880,436880_156,6.953642529792992,92.5,5.171729108550475e-07,0.0043038765583129,1.0,1.0
441020,441020_704,5.769567465564279,92.5,8.64337172044048e-06,0.0043038765583129,1.0,1.0
441040,441040_704,3.992106482533001,89.5,0.0026605689247721,0.0080240023321337,1.0,1.0
441053,441053_704,6.924217406001585,95.5,7.260657023333421e-07,0.0022214145869887,1.0,1.0
441054,441054_704,5.594879072042757,95.5,3.1929753723970565e-05,0.0022214145869887,1.0,1.0
441056,441056_704,6.766609469616911,94.5,2.7375282045512637e-06,0.0027812249343891,1.0,1.0
441059,441059_704,4.589538944789075,91.5,0.0002172417952943,0.0048391075462491,1.0,1.0
442100,442100_116,3.6391071742063774,87.5,0.0060962308650758,0.0066805170925239,1.0,1.0
442402,442402_418,9.615511743468536,95.5,2.0478847241065515e-09,0.0022214145869887,1.0,1.0
442402,442402_704,5.9227742520164925,91.5,4.888457645998899e-06,0.0052320054451517,1.0,1.0
442403,442403_116,2.3562123158701054,95.5,0.0747715101013556,0.0022170503984282,1.0,1.0
442404,442404_116,2.174136339782912,95.5,0.0933528304443011,0.0022214145869887,1.0,1.0
442405,442405_116,2.2689383963341965,95.5,0.0820049419140236,0.0022214145869887,1.0,1.0
442408,442408_704,4.744832543290759,90.5,0.0001336659487375,0.0065472876128609,1.0,1.0
442730,442730_418,5.059835894775852,95.5,0.0027124870907463,0.0013870230788871,1.0,1.0
442770,442770_418,4.301733901106584,91.5,0.0016519892033697,0.0053196860629577,1.0,1.0
442795,442795_418,3.670958303670278,94.5,0.0148995860532412,0.0027812249343891,1.0,1.0
442796,442796_418,4.102091298989777,95.5,0.011451288311002,0.0022170503984282,1.0,1.0
442911,442911_418,7.248256126953767,87.5,3.805208557336486e-07,0.0066805170925239,1.0,1.0
442935,442935_156,6.155163421797256,90.5,6.397501702370142e-06,0.0065472876128609,1.0,1.0
442936,442936_156,6.297636635383685,92.5,3.847737912177047e-06,0.0043038765583129,1.0,1.0
442937,442937_156,6.38304751435988,95.5,3.0309151483123938e-06,0.0022214145869887,1.0,1.0
442938,442938_156,7.334791436294008,93.5,2.432612469342604e-07,0.0034671931907658,1.0,1.0
442954,442954_156,6.424797555149852,92.5,2.940083145067736e-06,0.0042297577631768,1.0,1.0
442955,442955_156,5.029546228946945,95.5,0.0016507936862398,0.0022214145869887,1.0,1.0
442970,442970_156,8.710958246095682,91.5,2.5011825512438254e-08,0.0053196860629577,1.0,1.0
443036,443036_116,7.240845482962182,94.5,4.819053290688899e-07,0.0027812249343891,1.0,1.0
443037,443037_764,7.153820165321202,95.5,7.281537622911277e-07,0.0017354150425508,1.0,1.0
443067,443067_764,6.456642865153065,95.5,5.660774838705253e-05,0.0022214145869887,1.0,1.0
443068,443068_764,4.959516546137727,88.5,6.420361322264925e-05,0.0097780851835565,1.0,1.0
444039,444039_458,6.484897214308575,93.5,2.0431442227336057e-05,0.0034671931907658,1.0,1.0
444040,444040_458,5.393384500500341,95.5,0.0016338562182992,0.0013870230788871,1.0,1.0
445601,445601_104,5.579141351724278,95.5,1.6827471185681045e-05,0.0022214145869887,1.0,1.0
445609,445609_104,7.676544605343887,92.5,2.2387839618332882e-07,0.0043038765583129,1.0,1.0
445700,445700_104,-4.000595453679624,-9.5,0.0072216105395254,0.0065472876128609,1.0,-1.0
445811,445811_104,-2.592732947903289,-11.5,0.0549501011313913,0.009792195870725,1.0,-1.0
445815,445815_104,-2.0825007061031475,-9.5,0.0935604720051348,0.0065369298062659,1.0,-1.0
445822,445822_104,9.050084340808322,90.5,6.29938140207024e-09,0.0065472876128609,1.0,1.0
445822,445822_356,4.787413666625381,90.5,0.0002638834533131,0.0064441042162053,1.0,1.0
445876,445876_156,7.804024023607811,93.5,6.94298206836375e-08,0.0034671931907658,1.0,1.0
452422,452422_524,6.712260925166063,94.5,3.700857841101633e-06,0.0025116662630226,1.0,1.0
452438,452438_356,6.212067442432913,91.5,2.4662348140755126e-06,0.0053196860629577,1.0,1.0
452462,452462_356,-4.331064403773098,-11.5,0.0021693736090305,0.0097780851835565,1.0,-1.0
452488,452488_356,7.637754827281928,92.5,9.671573762429497e-08,0.0043038765583129,1.0,1.0
452940,452940_156,6.055991092032756,94.5,6.141169681942071e-06,0.0027812249343891,1.0,1.0
452950,452950_156,7.078786373348097,92.5,5.23382652788844e-07,0.0043038765583129,1.0,1.0
453160,453160_356,5.284729402710747,89.5,2.3101297311539183e-05,0.0080240023321337,1.0,1.0
453230,453230_356,7.74005713119101,94.0,1.023735438562752e-07,0.001983363071755,1.0,1.0
453240,453240_356,7.794007009692088,92.5,1.1588636231655913e-07,0.0043038765583129,1.0,1.0
453250,453250_356,7.489973854681937,91.5,1.3164286686979526e-07,0.0053196860629577,1.0,1.0
453464,453464_356,4.51119750175232,93.5,0.0021600160568071,0.0034671931907658,1.0,1.0
453467,453467_356,5.548721640730324,94.5,1.3690075465494149e-05,0.0027812249343891,1.0,1.0
453473,453473_356,5.717554038050556,94.5,0.0004583324657424,0.0027812249343891,1.0,1.0
453498,453498_356,3.6615342923372554,93.5,0.0123408262768007,0.0034671931907658,1.0,1.0
453643,453643_356,4.458351510044553,89.5,0.0011926078288549,0.0080240023321337,1.0,1.0
453694,453694_356,4.365817407555018,95.5,0.0042818778521025,0.0022214145869887,1.0,1.0
453698,453698_356,5.3990399490741225,93.5,0.000244386329026,0.0034671931907658,1.0,1.0
453744,453744_356,4.490217935156407,88.5,0.0001693550101108,0.0093042866833061,1.0,1.0
454034,454034_356,3.2784097039747127,95.5,0.0041157787069773,0.0022214145869887,1.0,1.0
454063,454063_356,3.0782413450145536,88.5,0.0058304448683909,0.009792195870725,1.0,1.0
454066,454066_356,-5.487766783222634,-9.5,8.024943885917034e-05,0.0059413884187496,1.0,-1.0
454067,454067_356,3.516455331104713,94.5,0.0192780403413542,0.0027812249343891,1.0,1.0
454069,454069_356,9.427686300988244,95.5,4.153929966064362e-09,0.0017316803405524,1.0,1.0
454086,454086_356,3.869140320089686,94.5,0.0009081508970954,0.0027812249343891,1.0,1.0
454087,454087_356,4.079036275221738,94.5,0.0006067516876279,0.0026775327651646,1.0,1.0
454089,454089_356,4.294110889756476,89.5,0.0003058807998309,0.0080240023321337,1.0,1.0
456100,456100_586,3.3247877168639866,93.5,0.020758211877776,0.0034671931907658,1.0,1.0
456560,456560_586,-4.098888453778038,-4.5,0.009814438458635,0.0022214145869887,1.0,-1.0
456570,456570_586,-4.242055780097125,-11.5,0.0016995651995422,0.009792195870725,1.0,-1.0
456903,456903_1052,7.314802970697381,92.5,5.406175978257096e-07,0.0043038765583129,1.0,1.0
462162,462162_762,-4.286804560289147,-7.5,0.0053611275712601,0.004149080278564,1.0,-1.0
462193,462193_417,8.79778441405329,93.5,9.445738047293309e-09,0.0009655499562754,1.0,1.0
462199,462199_417,6.225797260252221,93.5,5.168471334612481e-06,0.0025184949624024,1.0,1.0
463007,463007_156,3.712702375164964,88.5,0.0033398531013676,0.0097639844803635,1.0,1.0
463009,463009_156,6.894054228033793,87.5,6.066839253538817e-07,0.0066682815630755,1.0,1.0
463950,463950_156,6.608514553838303,88.5,3.120385876475292e-06,0.00445191063072,1.0,1.0
471208,471208_156,8.52423716163757,91.5,3.0479701722158976e-08,0.0052845167530514,1.0,1.0
471405,471405_156,2.521129389708378,86.0,0.0407272580694647,0.0078379733385236,1.0,1.0
471501,471501_156,7.6757886089431935,89.5,8.780986241274972e-08,0.0020311983018944,1.0,1.0
475604,475604_156,9.862165086833084,93.5,1.0986842691153954e-09,0.0004161675737729,1.0,1.0
481012,481012_156,3.527611359380251,88.5,0.0114804104231914,0.0089633528756946,1.0,1.0
481026,481026_156,7.798195973268047,91.5,6.709866197809675e-08,0.0046083599793168,1.0,1.0
482310,482310_156,8.720460772758962,95.5,1.2566324722044276e-08,0.0005525770418467,1.0,1.0
482446,482446_156,6.243303426925057,95.5,0.0003945245319666,0.0022214145869887,1.0,1.0
482499,482499_156,9.13514575915016,90.5,4.159885484401579e-09,0.002139740516028,1.0,1.0
482706,482706_156,3.859098313596344,94.5,0.011061788934295,0.0003041995637943,1.0,1.0
482804,482804_156,4.651313887098951,94.5,0.0037847071719922,0.0027812249343891,1.0,1.0
483056,483056_156,8.189164598448262,95.5,7.058301328388108e-08,0.0018733011883244,1.0,1.0
515015,515015_360,7.172896947976687,94.5,7.142220339182024e-06,0.0027812249343891,1.0,1.0
515016,515016_360,-2.091939752485012,-6.5,0.0920126498343505,0.0034671931907658,1.0,-1.0
521505,521505_458,4.035806571992474,91.5,0.0062423175656269,0.0011791760628102,1.0,1.0
521607,521607_458,6.011186343430128,94.5,4.794725094100984e-06,0.0027812249343891,1.0,1.0
521608,521608_458,7.905692200615929,93.5,1.1925344431692885e-07,0.0034671931907658,1.0,1.0
521609,521609_458,6.343297071371619,95.5,1.847739566875925e-06,0.0022214145869887,1.0,1.0
521807,521807_360,4.582333330421302,95.5,0.0001469723470667,0.0022214145869887,1.0,1.0
531510,531510_36,-6.658328118479392,-15.0,2.2827901039976665e-06,0.006451212766269,1.0,-1.0
552000,552000_242,6.104533301373088,91.5,1.258395959535405e-05,0.0053196860629577,1.0,1.0
561103,561103_36,3.380995439750425,89.5,0.0030050909363423,0.0080118808880469,1.0,1.0
561210,561210_36,3.921209132497308,88.5,0.0033284083640181,0.009792195870725,1.0,1.0
563490,563490_36,-3.761500100135009,-11.5,0.0037050966090677,0.009792195870725,1.0,-1.0
563705,563705_36,-6.440122532318131,-8.5,1.6676115866601275e-06,0.0053196860629577,1.0,-1.0
563707,563707_36,6.603880792691805,88.5,2.220926622530311e-06,0.009792195870725,1.0,1.0
564248,564248_36,3.3525368525734,89.5,0.0029110957247699,0.0080240023321337,1.0,1.0
565371,565371_36,-5.51897973515654,-10.5,1.7241837366668507e-05,0.0080240023321337,1.0,-1.0
571010,571010_554,4.374711825327602,90.5,0.0002486806534138,0.0065472876128609,1.0,1.0
571080,571080_554,6.243616695809947,88.5,3.0983274591397946e-06,0.009792195870725,1.0,1.0
572059,572059_554,6.544696209866288,87.5,1.1705488442344011e-06,0.005527533074847,1.0,1.0
612070,612070_170,6.892326964720033,91.5,1.2459422985813209e-05,0.0011791760628102,1.0,1.0
612080,612080_170,7.882599618960921,92.5,1.6289584597603868e-07,0.0043038765583129,1.0,1.0
612099,612099_170,4.5610609311938495,95.5,0.004452282569574,0.0022214145869887,1.0,1.0
613014,613014_170,6.109480423630471,92.5,3.969885519818144e-06,0.0028433748513975,1.0,1.0
613040,613040_862,-3.34956547665345,-8.5,0.0213248011915663,0.0053196860629577,1.0,-1.0
613076,613076_862,-4.943533330382061,-6.5,0.0017050631638751,0.0034671931907658,1.0,-1.0
614000,614000_474,-6.391576763952921,-11.5,1.911996810007762e-06,0.009792195870725,1.0,-1.0
615680,615680_170,-3.0104773992338827,-11.5,0.0284354876187423,0.009792195870725,1.0,-1.0
616803,616803_76,7.733523706573814,95.5,1.2169787749162836e-06,0.0022214145869887,1.0,1.0
622215,622215_76,8.539011562634244,94.5,1.4176352224308005e-08,0.0026367262804502,1.0,1.0
622219,622219_76,7.928753072171462,94.5,1.7610603076670215e-07,0.0027812249343891,1.0,1.0
622448,622448_76,3.91275885606431,94.5,0.0008068889592048,0.0027812249343891,1.0,1.0
622470,622470_76,7.934713047061354,94.5,1.356057810732014e-07,0.0027812249343891,1.0,1.0
622495,622495_76,2.906661298089644,95.5,0.0392870855789786,0.0022214145869887,1.0,1.0
622497,622497_76,3.329756406431617,90.5,0.003464423903995,0.0065472876128609,1.0,1.0
622656,622656_76,-4.884865499257991,-4.5,0.0004807448822304,0.0022214145869887,1.0,-1.0
622669,622669_68,3.249715792572219,95.5,0.0263267823714703,0.0003703679124224,1.0,1.0
622984,622984_604,8.697669761493904,93.5,1.2868229679795761e-08,0.0034671931907658,1.0,1.0
622988,622988_218,5.674017988555177,92.5,9.91242133743256e-06,0.0043038765583129,1.0,1.0
624106,624106_76,3.868049329452114,91.5,0.0024375352118223,0.0053196860629577,1.0,1.0
624444,624444_76,-4.253015191999178,-8.5,0.0023328906231399,0.0053196860629577,1.0,-1.0
624459,624459_76,3.1918253811339263,91.5,0.0047988308063219,0.0053196860629577,1.0,1.0
624461,624461_76,3.442451629510801,88.5,0.0027222002151875,0.009792195870725,1.0,1.0
624464,624464_76,4.210925477813721,89.5,0.0004669752487428,0.0066372918369861,1.0,1.0
624466,624466_76,3.8273827269786422,91.5,0.0011154533290075,0.0051451340663887,1.0,1.0
624960,624960_76,6.980095225010484,95.5,1.0071106958072745e-06,0.0022214145869887,1.0,1.0
633036,633036_76,-4.574635843426528,-11.5,0.0001640407623924,0.009792195870725,1.0,-1.0
634117,634117_76,-4.574294599936379,-5.5,0.0024175080756553,0.0027812249343891,1.0,-1.0
634604,634604_76,-6.285638204032328,-9.5,2.0613163819912552e-06,0.0065472876128609,1.0,-1.0
634609,634609_76,-7.03507817499364,-10.5,3.623527194706393e-07,0.0080240023321337,1.0,-1.0
634806,634806_76,-6.985393332909427,-7.5,4.4069245829226076e-07,0.0043038765583129,1.0,-1.0
634807,634807_76,3.9897794421730906,89.5,0.000613536022509,0.0080240023321337,1.0,1.0
634920,634920_76,-3.876207934451349,-9.5,0.0067989731644263,0.0065472876128609,1.0,-1.0
635402,635402_76,5.08292308335015,93.5,6.454894236783481e-05,0.0033432016550236,1.0,1.0
635807,635807_76,8.1168787366274,93.5,4.331427549502988e-08,0.0034671931907658,1.0,1.0
641404,641404_76,6.3258756147000685,90.5,3.700736843892109e-06,0.0039468837628869,1.0,1.0
641864,641864_76,7.129623793778677,89.5,3.698265373877613e-07,0.0080240023321337,1.0,1.0
641874,641874_76,6.134963727920256,90.5,1.0323437943845769e-05,0.00448204961771,1.0,1.0
642455,642455_600,6.4509830237533095,93.0,5.118572562956379e-05,0.0010969411294678,1.0,1.0
642494,642494_76,3.08138193530374,89.5,0.0061106270837935,0.0080240023321337,1.0,1.0
642522,642522_76,-4.080655606735848,-10.5,0.0034801185188175,0.0080240023321337,1.0,-1.0
642525,642525_76,-3.4303328223971774,-8.5,0.0150786562762892,0.0053196860629577,1.0,-1.0
642550,642550_76,-3.3109758609861126,-7.5,0.0219661902412358,0.0043038765583129,1.0,-1.0
642590,642590_76,-1.751293712631808,-10.0,0.1505354423636047,0.0051089823050951,1.0,-1.0
642723,642723_76,-5.471313048519936,-6.5,2.8222991587248077e-05,0.0034671931907658,1.0,-1.0
642724,642724_76,-4.64567820412526,-9.5,0.0002768628393989,0.0065472876128609,1.0,-1.0
642784,642784_76,-5.460629613591054,-6.5,4.521587416724173e-05,0.0034671931907658,1.0,-1.0
642787,642787_76,-5.827758211890483,-10.5,1.4883147123373396e-05,0.0080240023321337,1.0,-1.0
642817,642817_76,-2.668960483768867,-14.0,0.0414408018015184,0.008638723843291,1.0,-1.0
642818,642818_76,5.045924889351471,93.5,6.807878218898911e-05,0.0034671931907658,1.0,1.0
642844,642844_76,7.224889122447666,94.5,9.687922558238208e-06,0.0027759833653867,1.0,1.0
642947,642947_76,6.77714779713107,90.5,7.306221156610187e-07,0.005367353223309,1.0,1.0
643000,643000_32,3.670985851749845,89.5,0.0015946124817069,0.0080240023321337,1.0,1.0
652407,652407_32,-4.58197135372047,-11.5,0.000338613972109,0.009792195870725,1.0,-1.0
662200,662200_152,4.05422625777512,88.5,0.0005779412427266,0.009792195870725,1.0,1.0
671014,671014_604,3.414802385866555,90.5,0.0118196116051297,0.0065472876128609,1.0,1.0
672030,672030_218,4.362305220393828,93.5,0.0002377951679584,0.0034671931907658,1.0,1.0
672040,672040_218,3.182038974065148,87.5,0.0161610614278671,0.0093343323333659,1.0,1.0
711813,711813_124,4.5926849203660245,88.5,0.0001382285653024,0.009792195870725,1.0,1.0
711819,711819_124,7.216766372060353,89.5,3.412779070177403e-07,0.0080240023321337,1.0,1.0
712262,712262_840,-7.6836343247120835,-6.5,9.230840601392415e-08,0.0034671931907658,1.0,-1.0
712267,712267_840,-2.5496423033377957,-11.5,0.0457881261545799,0.009792195870725,1.0,-1.0
712294,712294_840,-3.884964950866338,-11.5,0.0022559273869199,0.0090174753895478,1.0,-1.0
712302,712302_124,3.112737754681589,88.5,0.0051248424376156,0.009792195870725,1.0,1.0
712303,712303_124,3.2358580432128585,90.5,0.0042120937113173,0.0065472876128609,1.0,1.0
712309,712309_124,4.272488569332006,93.5,0.001574772299582,0.0034671931907658,1.0,1.0
721602,721602_124,4.629807776244039,94.5,0.0001615098019014,0.0027812249343891,1.0,1.0
721603,721603_124,4.835439442371226,88.5,8.248747659743227e-05,0.009792195870725,1.0,1.0
721604,721604_124,5.4453193407589575,93.5,2.5118480815232876e-05,0.0034671931907658,1.0,1.0
722670,722670_124,4.375567030755788,93.5,0.0003164301103528,0.0034671931907658,1.0,1.0
722680,722680_124,6.250225803884553,94.5,4.200447971016856e-06,0.0027812249343891,1.0,1.0
722690,722690_124,5.798607489720131,94.5,1.2595976356405047e-05,0.0027812249343891,1.0,1.0
723406,723406_124,4.772008056335765,95.5,0.0004070168009881,0.0022214145869887,1.0,1.0
723407,723407_124,4.157475541453269,90.5,0.0009635213754383,0.0065472876128609,1.0,1.0
723904,723904_124,7.366185734255509,95.5,4.966037912451925e-07,0.0022214145869887,1.0,1.0
724044,724044_124,4.812392866098913,89.5,0.0001138740310302,0.0080240023321337,1.0,1.0
724045,724045_124,6.76466573931577,91.5,6.874903983271614e-07,0.0053196860629577,1.0,1.0
724047,724047_124,5.5627293801635815,91.5,1.1897375328219969e-05,0.0053196860629577,1.0,1.0
724048,724048_124,5.904253459831697,92.5,5.691750800392108e-06,0.0043038765583129,1.0,1.0
724049,724049_124,5.46845973454802,89.5,1.5080622041121237e-05,0.0080240023321337,1.0,1.0
725420,725420_124,5.293969229179536,92.5,2.3368355864457823e-05,0.0043038765583129,1.0,1.0
725480,725480_124,3.224992411346693,88.5,0.0132576063007315,0.009792195870725,1.0,1.0
725520,725520_840,5.73037644924374,95.5,9.765877237017475e-06,0.0022214145869887,1.0,1.0
725553,725553_840,-5.719397036970475,-11.5,1.5159943643636548e-05,0.009792195870725,1.0,-1.0
725554,725554_124,-5.708514702301891,-8.5,2.695756697763514e-05,0.0053196860629577,1.0,-1.0
725574,725574_124,-5.184387115813212,-9.5,0.0002450729001545,0.0065472876128609,1.0,-1.0
725833,725833_840,-5.722473582390773,-8.5,2.490308725810919e-05,0.0053196860629577,1.0,-1.0
725940,725940_840,4.038989421566015,88.5,0.0020025070401797,0.009792195870725,1.0,1.0
725992,725992_840,3.956038254494468,89.5,0.0006399318105752,0.0080240023321337,1.0,1.0
725996,725996_840,6.072731896871474,92.5,3.85887731273679e-06,0.0043038765583129,1.0,1.0
726086,726086_840,-2.8648933328563566,-8.5,0.0396037421108762,0.0053196860629577,1.0,-1.0
726087,726087_124,3.439696087247523,89.5,0.0115103889992862,0.0080240023321337,1.0,1.0
731501,731501_840,4.335015016372312,90.5,0.0018658427887589,0.0065472876128609,1.0,1.0
731801,731801_840,4.033162428311756,88.5,0.0005215111054887,0.009792195870725,1.0,1.0
731808,731808_840,5.216094704410413,95.5,4.625490498847428e-05,0.0022214145869887,1.0,1.0
731902,731902_840,3.717004262620881,89.5,0.0015857005203096,0.0080240023321337,1.0,1.0
732150,732150_840,3.643117516284245,91.5,0.0015500783764895,0.0053196860629577,1.0,1.0
732180,732180_840,4.026794840085129,89.5,0.0005264750223406,0.0080240023321337,1.0,1.0
732402,732402_840,3.505492693627856,90.5,0.0021095705842496,0.0065472876128609,1.0,1.0
732405,732405_840,4.671593720350948,90.5,0.000538819659759,0.0065472876128609,1.0,1.0
732547,732547_840,4.602745310809434,91.5,0.0001481456032333,0.0053196860629577,1.0,1.0
732549,732549_840,3.95871312515273,90.5,0.0007047175608666,0.0065472876128609,1.0,1.0
732702,732702_840,2.1654703232048567,91.5,0.043240607011921,0.0053108816059799,1.0,1.0
732828,732828_840,5.06649661692523,91.5,4.555162075020537e-05,0.0053196860629577,1.0,1.0
732829,732829_840,3.308847954868787,88.5,0.0059346523810359,0.009792195870725,1.0,1.0
742226,742226_840,3.0225110760513343,91.5,0.0060630216762188,0.0053196860629577,1.0,1.0
742272,742272_840,5.097323226470697,90.5,5.256127738559197e-05,0.0065472876128609,1.0,1.0
742415,742415_840,4.457856211780061,92.5,0.000257725846782,0.0043038765583129,1.0,1.0
742419,742419_840,-4.364580482229428,-4.5,0.0054041952691051,0.0022214145869887,1.0,-1.0
742441,742441_840,3.956278762681797,88.5,0.0016355924941569,0.009792195870725,1.0,1.0
742447,742447_840,5.609723334213202,95.5,1.053017014386438e-05,0.0022214145869887,1.0,1.0
742494,742494_840,7.927433836371123,95.5,1.572671097681476e-07,0.0015724085242773,1.0,1.0
742529,742529_840,4.5344410254529866,93.5,0.0001660585720037,0.0034671931907658,1.0,1.0
742628,742628_840,3.89682917914509,89.5,0.0007818548720802,0.0080240023321337,1.0,1.0
742650,742650_840,5.214363718701427,90.5,3.557945959448041e-05,0.0065472876128609,1.0,1.0
742679,742679_840,3.970981428753089,89.5,0.0006281444101089,0.0080240023321337,1.0,1.0
742886,742886_840,-2.719666870232224,-11.5,0.0445347088493558,0.009792195870725,1.0,-1.0
742896,742896_840,-1.514079730786564,-11.5,0.1926666156523856,0.009792195870725,1.0,-1.0
742928,742928_840,-5.322700927579714,-7.5,2.1065963808414997e-05,0.0043038765583129,1.0,-1.0
742945,742945_840,4.187762182248033,90.5,0.0004114718089965,0.0065472876128609,1.0,1.0
742955,742955_840,-4.3665486329088585,-10.5,0.0006179354227392,0.0080240023321337,1.0,-1.0
743006,743006_840,4.535876208532184,89.5,0.0009088742624317,0.0079755730074294,1.0,1.0
751208,751208_840,4.587613590702994,93.5,0.0001307934136506,0.0034671931907658,1.0,1.0
751402,751402_840,3.55271331258812,88.5,0.002073022393096,0.009792195870725,1.0,1.0
751403,751403_840,4.1703360781517365,88.5,0.0005416628517618,0.0096795901350962,1.0,1.0
751406,751406_840,3.5303195331263533,91.5,0.0020632050114136,0.0053196860629577,1.0,1.0
751408,751408_840,3.771008800884347,88.5,0.0011426537871278,0.009792195870725,1.0,1.0
751660,751660_840,6.07523343223461,94.5,3.4029008293404352e-06,0.0027812249343891,1.0,1.0
751670,751670_840,5.5447320367243,94.5,1.930889436253395e-05,0.0027812249343891,1.0,1.0
752186,752186_484,6.97997339229313,91.5,5.051772049314867e-07,0.0039767344216514,1.0,1.0
753210,753210_484,-4.336361829315978,-10.5,0.0013630699322004,0.0080240023321337,1.0,-1.0
753406,753406_484,5.282367651148663,95.5,0.0007802162705571,0.0022214145869887,1.0,1.0
753625,753625_484,-3.881307522433029,-5.5,0.0115185889770334,0.0027812249343891,1.0,-1.0
753780,753780_558,4.415406170094185,95.5,0.0017524210911061,0.0022214145869887,1.0,1.0
753902,753902_188,5.618365671716896,90.5,0.0001167973651591,0.0065472876128609,1.0,1.0
753909,753909_591,5.987774385809096,95.5,0.000748655026391,0.0014526950532445,1.0,1.0
771115,771115_188,6.405405698384252,95.5,2.8414110074587554e-06,0.0020718373719595,1.0,1.0
771230,771230_484,-3.388793857225713,-9.5,0.0050781677118863,0.0065472876128609,1.0,-1.0
771430,771430_484,4.144161005625201,89.5,0.0004007226615845,0.0080240023321337,1.0,1.0
771440,771440_484,6.450148438477016,90.5,1.7632133194022249e-06,0.0065472876128609,1.0,1.0
771450,771450_484,6.105586223930318,88.5,3.166450775623879e-06,0.009792195870725,1.0,1.0
771606,771606_484,5.058836075275781,93.5,0.0012268921745812,0.0006686834904833,1.0,1.0
772218,772218_840,3.7385932114486473,89.5,0.0010743119739259,0.0080240023321337,1.0,1.0
772380,772380_840,6.532466009461073,89.5,1.41513805556943e-06,0.0073597592811772,1.0,1.0
772806,772806_840,-3.167145986676546,-9.5,0.022388741792747,0.0065369298062659,1.0,-1.0
772920,772920_840,-3.660438708275413,-7.5,0.0126711420932226,0.0043038765583129,1.0,-1.0
774421,774421_840,6.469647143443901,89.5,1.3788346048357822e-06,0.0080240023321337,1.0,1.0
782100,782100_840,-3.387909728251539,-10.5,0.0158171967407413,0.0080240023321337,1.0,-1.0
782506,782506_840,5.78717673064501,93.5,0.0001179984208719,0.0033432016550236,1.0,1.0
782687,782687_124,3.808140790545471,88.5,0.0009104641475764,0.009792195870725,1.0,1.0
782691,782691_124,3.4109056032125014,95.5,0.0024122239319166,0.0022214145869887,1.0,1.0
783104,783104_840,4.642072409617643,93.5,0.0001406457952013,0.0034671931907658,1.0,1.0
783105,783105_840,4.504719573657739,93.5,0.000969320195589,0.0034671931907658,1.0,1.0
783109,783109_840,4.428177946109176,89.5,0.0004711082148925,0.0080240023321337,1.0,1.0
783226,783226_124,-2.2427777651606986,-9.5,0.0867894561203535,0.0059021249925386,1.0,-1.0
783230,783230_124,-2.072038461713531,-9.5,0.1061780217486346,0.0065472876128609,1.0,-1.0
783806,783806_124,8.915584885368867,94.5,1.928243105285668e-08,0.0023380952591114,1.0,1.0
783900,783900_840,4.827991443396189,93.5,7.168106437249756e-05,0.0034671931907658,1.0,1.0
822850,822850_124,-4.686109219739642,-10.5,0.0001026259341121,0.0080240023321337,1.0,-1.0
