M49Code,2000,2001,2002,2003,2004,2005,2006,2007,2008,2009,2010,2011,2012,2013,2014,2015,2016,2017,2018,2019,2020
4,17379560,17690580,18010448,18346459,18690323,19046471,19415201,19797596,20194853,20606887,21027844,21464038,21918582,22382334,22863985,23359733,23872910,24401574,24946802,25509211,26091229
8,2691408,2651127,2614084,2579791,2548640,2520371,2494772,2471904,2451937,2433731,2418086,2405714,2395535,2387543,2382675,2380092,2380166,2383627,2389086,2398144,2410201
12,25662642,26048819,26446229,26860527,27300513,27750404,28218336,28711723,29222993,29767404,30329444,30918941,31527879,32177616,32867076,33589648,34349776,35158502,36016391,36932764,37912069
16,45326,45155,45020,44865,44723,44685,44443,44512,44350,44223,44235,44242,44439,44516,44546,44686,44736,44801,44877,44907,45285
20,56472,57812,59244,60668,62140,63784,65464,67041,68949,70914,72787,74866,76764,79029,81521,83822,86421,89052,91853,94833,97887
24,17423400,17218041,17063596,16965250,16921863,16939405,17019267,17168267,17396939,17710428,18114826,18633285,19262576,20033337,20955857,22056866,23358751,24893420,26701999,28809749,31293350
28,63798,64336,64947,65617,66236,66959,67689,68511,69240,70108,70924,71881,72917,73831,74850,75901,76921,78061,79196,80415,81676
31,6896952,6974476,7051134,7128735,7207679,7288859,7373766,7459450,7542381,7634171,7724411,7819085,7911548,8008911,8109920,8213585,8320169,8429376,8541230,8658964,8778881
32,30552559,30888790,31230049,31571631,31924052,32287369,32651554,33011596,33400337,33788041,34206508,34591681,35005366,35421921,35864034,36299385,36737606,37194543,37651948,38132107,38612188
36,18212114,18212694,18214309,18215703,18216932,18217043,18218292,18217520,18218891,18218302,18216654,18216044,18213816,18212319,18216792,18218366,18219930,18221874,18224544,18224645,18225421
40,6892427,6922972,6952031,6981552,7012177,7043539,7074941,7107512,7139644,7172414,7205653,7239849,7272310,7307194,7343115,7379054,7414904,7451933,7489459,7527219,7565439
44,242811,246460,249948,253857,257729,261387,264793,268598,272896,277319,281886,285964,289652,294184,298790,303508,307986,313109,317891,323086,328048
48,464004,492576,523864,562816,595284,635128,680764,727121,772557,825662,885647,940260,999727,1066446,1145113,1226384,1298498,1388009,1484474,1594328,1684465
50,103969506,106179472,107700800,109258642,110848235,112494553,114144680,115843531,117600692,119392929,120465887,123108764,124199224,126891090,128074369,130905164,132921699,135026313,137213391,139457215,141716854
51,2610814,2597332,2584176,2572274,2560903,2551526,2538577,2526205,2516313,2505622,2495311,2483575,2473948,2464328,2455076,2445330,2436494,2427814,2419638,2411062,2402143
52,224669,225073,225990,226671,227386,228069,228773,229846,230641,232069,233061,233989,234149,234817,235895,236864,237799,239023,239942,241093,242226
56,8753953,8813021,8869904,8926580,8983462,9041493,9100447,9159256,9218684,9280867,9341904,9402747,9464225,9527803,9590299,9654543,9719844,9786029,9851721,9918194,9985830
60,46963,47249,47375,47710,47843,47967,48148,48288,48566,48663,48807,49053,49680,50032,50252,50432,50672,50876,51016,51200,51425
64,502943,512041,521488,531695,541612,551691,561714,572022,582528,593385,603690,614992,627427,638292,650432,662680,675055,688110,700627,713485,727924
68,7007612,7121198,7239175,7360516,7485200,7616317,7750597,7890005,8034078,8181537,8334410,8494689,8659113,8828344,9005370,9187190,9377828,9574442,9778100,9989557,10208881
70,3380643,3350314,3320972,3289563,3260934,3232441,3203064,3176697,3150111,3125134,3096125,3074359,3048467,3024325,2999991,2977402,2954545,2933272,2911546,2891485,2871073
72,1418596,1444477,1471111,1498499,1526125,1554378,1583634,1613369,1643638,1674768,1706578,1739403,1772958,1807068,1841770,1877401,1913743,1950973,1988932,2028186,2067826
76,145722911,147338180,148991960,150676352,152413253,154182104,155991509,157842953,159739656,161681411,163662818,165697672,167776853,169909994,172094743,174329876,176624936,178977500,181390284,183864976,186405216
84,214156,219398,225249,231065,237120,243310,249650,256138,262977,269840,277198,284390,291447,299156,307184,315454,323717,332472,341248,350627,359751
90,279212,289318,296245,302988,311947,319679,329760,336395,345821,354573,363512,372865,381926,393590,402707,411794,422134,435289,445023,459715,469748
92,17780,18189,18554,18958,19364,19814,20260,20700,21166,21640,22175,22717,23276,23757,24203,24755,25312,25849,26415,27017,27578
96,284401,289312,294676,299575,304750,308862,314179,319185,324917,330925,336969,342434,349257,354427,360183,365960,372048,377924,384547,391318,397501
100,6816199,6763501,6712845,6661273,6609681,6560628,6511175,6462297,6416361,6371191,6329377,6285607,6241115,6197218,6158532,6119677,6081596,6043700,6008172,5969993,5935296
104,53700711,52221355,50916847,49765856,48746745,47843896,47038960,46328562,45698629,45148912,44636621,44181154,43774430,43405339,43061842,42762213,42479344,42231496,42004576,41800477,41613225
108,5702632,5833860,5969581,6111664,6259763,6414820,6576083,6744008,6921047,7103809,7295892,7495939,7704960,7924255,8154044,8393081,8642548,8904751,9178218,9466143,9765659
112,8606839,8552120,8501614,8450930,8403831,8357368,8313416,8269953,8229647,8189829,8153804,8119848,8085697,8053985,8026053,7998584,7973117,7950940,7929874,7912334,7896053
116,10125093,10256644,10401440,10554191,10720219,10893444,11083412,11286608,11506143,11745896,12007163,12294528,12600000,12947254,13327294,13751055,14226120,14759496,15364391,16049027,16829619
120,12922431,13299416,13699672,14116012,14541710,14989975,15452416,15930137,16431085,16952457,17486902,18053550,18631515,19233744,19862938,20513672,21195591,21901819,22642772,23407356,24204278
124,25324941,25602107,25881188,26168308,26459230,26757371,27059999,27368040,27682041,28002659,28329370,28661793,29001067,29346048,29697788,30057529,30423698,30797073,31177734,31565791,31961679
132,772185,775634,781666,787537,792405,797449,803532,809729,815874,821861,830331,836927,843881,852027,860841,869544,878951,888031,898900,909141,920668
136,32486,33527,34519,35688,36765,37931,39070,40335,41726,43032,44546,45830,47477,49164,50886,52603,54346,56329,58166,60175,62243
140,3093565,3156043,3218457,3285599,3350424,3417025,3487073,3559318,3629222,3701339,3774972,3850660,3931931,4012029,4094196,4176243,4260590,4345150,4434767,4524299,4615234
144,16042910,16133335,16217132,16311543,16403716,16503620,16619582,16717793,16825662,16938002,17045602,17172593,17316399,17432638,17563939,17702268,17832376,17972869,18112046,18259066,18407150
148,6872667,7119396,7373935,7640241,7916741,8202060,8501530,8812966,9134819,9469512,9821333,10184810,10567183,10963879,11375129,11805996,12253541,12721715,13206354,13714294,14243474
152,12571141,12734440,12905345,13082730,13272957,13472680,13673704,13889648,14117669,14352193,14593174,14858402,15124286,15403612,15702682,16011566,16336261,16674309,17030226,17402212,17790254
156,1068695953,1075243505,1082024111,1088906064,1095866661,1102865820,1110539180,1118147905,1125913128,1134077954,1142224118,1150794184,1159303546,1168257721,1177342973,1186713427,1196295869,1206180516,1216354046,1226674917,1237358720
162,1307,1274,1349,1295,1317,1318,1261,1289,1316,1321,1256,1246,1237,1214,1199,1204,1228,1254,1265,1255,1246
166,247,261,284,281,269,271,276,281,289,282,275,271,277,274,280,281,296,294,292,285,282
170,32852511,33582119,34342892,35123861,35934994,36776819,37646196,38546921,39481106,40456701,41471372,42520580,43613773,44750998,45941600,47175005,48476635,49835588,51263679,52757766,54345383
174,437844,447270,459205,470640,483411,495523,508627,520966,535135,549330,562661,578658,593095,607246,622971,640660,656132,674354,692017,710278,728344
175,112893,116095,119047,122431,125847,129051,133016,137025,141330,144690,149495,153851,158419,162926,167373,172912,177861,184187,189182,195703,201723
178,4054541,3847860,3672085,3526098,3402201,3303534,3213638,3141319,3086135,3046627,3014132,2996705,2991189,2996534,3014126,3046901,3093661,3155937,3233415,3335383,3453452
180,39370014,41022816,42764520,44593711,46529054,48565313,50727285,53007897,55417292,57959212,60661365,63508348,66532200,69728326,73124014,76727308,80557058,84620974,88941067,93535645,98430917
184,9496,9608,9414,9523,9526,9546,9712,9761,9714,9813,9795,9794,9604,9650,9739,9761,9843,9822,9926,9957,10024
188,3272563,3305903,3339694,3375417,3410928,3448081,3486552,3526544,3566953,3607667,3650605,3695072,3740194,3786068,3833430,3882056,3933113,3985088,4038465,4092903,4149289
191,3793231,3775592,3758867,3742481,3728806,3714030,3703246,3686127,3673558,3652828,3641955,3628689,3616073,3602404,3591244,3582271,3569550,3560268,3551492,3540723,3529983
192,9585048,9578258,9576338,9574535,9573328,9570506,9567887,9566788,9567020,9568239,9568166,9568087,9567159,9568296,9571310,9572591,9575473,9577781,9581216,9584681,9589177
196,767152,781781,795455,810312,825908,841156,857711,874667,891300,908661,927400,945220,966229,986557,1007222,1028963,1050441,1073633,1097504,1121777,1147215
203,8804433,8814785,8826637,8839836,8855079,8869978,8885924,8903700,8922716,8945138,8967232,8991991,9018050,9045923,9077531,9111544,9146453,9185044,9227300,9272895,9323185
204,5443980,5632561,5825042,6026376,6237027,6460061,6688503,6929382,7180083,7440713,7711677,7997503,8296968,8607168,8931782,9274198,9631455,10004277,10394636,10802971,11230418
208,4404679,4422862,4440187,4459821,4480724,4502912,4524626,4547726,4573128,4599238,4626906,4652475,4684842,4716452,4748369,4782583,4817881,4854516,4892048,4932784,4974975
212,59628,59547,59592,59314,59323,59293,59231,59253,59203,59094,59061,59084,58799,58691,58759,58785,58715,58667,58710,58745,58792
214,6706824,6814969,6928851,7051395,7178599,7313445,7453375,7604893,7759903,7919524,8092611,8273536,8463702,8664820,8875086,9096978,9327664,9575119,9832197,10109045,10397555
218,10238226,10439303,10644668,10854067,11068366,11286314,11510431,11737745,11969197,12206778,12450230,12700395,12959011,13220521,13483522,13755011,14034934,14317357,14607544,14904333,15206962
222,4646878,4684033,4723165,4763429,4804768,4849225,4895306,4943000,4993175,5046300,5101384,5158466,5213920,5277253,5343826,5412210,5484833,5560895,5640703,5725398,5814029
226,849052,859391,870628,883078,895294,906593,917932,930333,943554,957313,968250,981439,994795,1008874,1021155,1037144,1049216,1063761,1077636,1093453,1106793
231,52781419,54178755,55617160,57091122,58611609,60168995,61767145,63409704,65106132,66832937,68617364,70454310,72336423,74269669,76251768,78286283,80368062,82522814,84731097,87008558,89347177
232,2703858,2740694,2778949,2817929,2854070,2891690,2932135,2973606,3009096,3059406,3100717,3144503,3194373,3240598,3291671,3339499,3387778,3439546,3490949,3543877,3599146
233,1210063,1186318,1167399,1152117,1139471,1129504,1121373,1115240,1111450,1109249,1107768,1108567,1110747,1114864,1120131,1128251,1138117,1150073,1164697,1181978,1203321
234,32987,33510,33678,33889,34113,34085,34439,34443,35207,34838,35305,35879,35999,36355,36514,36837,37323,37763,38098,38725,39034
238,2093,2002,2125,1999,2082,1926,1897,1844,1883,1896,1981,1835,1242,1165,1283,1235,1243,1302,1141,1125,1185
239,0,0,0,0,0,0,0,0,0,0,0,0,0,0,0,0,0,0,0,0,0
242,648227,653897,658963,663898,668906,674274,678940,684095,689749,695282,700895,706717,713047,719115,724967,731341,737486,743988,750371,757100,763987
246,4403050,4418843,4435303,4452745,4469694,4487153,4505169,4524090,4544406,4563797,4583011,4605392,4627620,4650082,4672409,4695935,4719973,4744363,4769189,4794530,4820809
248,20531,20780,20947,21129,21299,21496,21661,21760,22064,22245,22424,22669,22939,23136,23414,23579,23805,24031,24239,24523,24722
250,50397206,50699856,51021550,51347789,51684512,52017436,52369043,52725425,53090613,53462006,53843255,54232417,54621960,55037878,55455853,55886094,56332927,56782428,57244114,57718631,58206374
254,137127,141971,146954,152194,157695,163518,169850,176490,183092,190518,198088,205892,214116,222895,232349,242511,252579,263586,275199,287303,300150
258,181981,184545,186661,188063,190535,192779,194942,197275,200220,202164,205131,207814,209352,211590,214416,217305,220222,223820,226821,229389,232491
262,528466,543742,559895,576833,594532,613077,632619,652252,672717,694348,716904,739807,762904,787675,812998,840392,868190,898053,928284,959988,992478
266,1133745,1174863,1221539,1272223,1320952,1372429,1426147,1484368,1544488,1609491,1671929,1742209,1817550,1894372,1972531,2060359,2147524,2241922,2337749,2446366,2556331
268,4025355,3969992,3915837,3865179,3814839,3765581,3718108,3673270,3629713,3586371,3545087,3506345,3466719,3429495,3393411,3360211,3326650,3295208,3264055,3234523,3205849
270,1068652,1099157,1132125,1166763,1202780,1241445,1283218,1325184,1368307,1412898,1460631,1509279,1562748,1615511,1673585,1734345,1798280,1868513,1941633,2015761,2090993
276,71538590,71307268,71076884,70851132,70630745,70408906,70193158,69982468,69765588,69561498,69357624,69152327,68947470,68750491,68558482,68367452,68182287,67998386,67817670,67638437,67464943
288,16312601,16732745,17163150,17612153,18078188,18561192,19063261,19584034,20125623,20688546,21269511,21874073,22498379,23141098,23825211,24531719,25259299,26014266,26806919,27628693,28487563
292,18584,19066,19178,19412,20008,20197,20678,20543,20623,21105,21556,21478,22885,22223,23995,24537,24705,24964,25367,25517,25939
296,23658,23913,24172,24486,24757,25190,25636,25922,26404,26808,27289,27927,28604,29136,29813,30454,31280,32018,32898,33715,34713
300,8999910,9002741,8998661,8984405,8974772,8973642,8954455,8952430,8942046,8902535,8898540,8893231,8870452,8859525,8854331,8840062,8831196,8816031,8813334,8801983,8793122
304,29077,29632,29455,29737,29392,29110,29690,29370,29673,29825,29561,30124,29464,29476,29924,30185,29902,30314,30334,30153,30351
308,83066,83012,82976,83022,83277,83136,83143,83251,83210,83342,83395,83597,83530,83675,83739,83741,83707,83798,83928,83972,84079
312,315501,316294,317545,318795,320158,321573,322761,324327,325717,326896,328517,330980,331627,333199,335134,336474,338406,340471,342726,344871,347257
316,131567,131826,132431,132866,133366,133723,134108,134571,134985,135322,135927,136160,136964,137410,137941,138453,139012,139510,140166,140823,141347
320,9825870,10045608,10273406,10506077,10746836,10993548,11248309,11509065,11779201,12057199,12341533,12635888,12935954,13247098,13568052,13898135,14238908,14589876,14950591,15323262,15706164
324,6656034,6784401,6917995,7055888,7200020,7350806,7507910,7671631,7842049,8023416,8207297,8404884,8606992,8817535,9039249,9278396,9523289,9782510,10054287,10338753,10641964
328,626349,626351,625544,625341,624626,624429,623896,623513,623958,624728,624255,624438,622906,622805,621982,622788,622366,623036,623033,622492,623286
332,6607003,6754537,6913311,7088026,7271853,7466752,7675543,7894766,8131404,8388309,8659540,8948057,9239940,9560923,9901417,10265971,10654137,11070573,11517059,11998521,12513112
334,0,0,0,0,0,0,0,0,0,0,0,0,0,0,0,0,0,0,0,0,0
336,911,911,913,918,920,923,926,930,935,935,938,942,945,950,953,956,957,960,963,968,971
340,5475394,5582653,5692620,5805165,5920242,6037973,6158326,6281376,6408028,6537961,6669929,6806994,6946440,7087829,7234303,7385295,7537554,7695199,7855828,8020365,8189326
344,4556510,4586392,4616912,4649755,4680390,4712971,4747877,4783262,4813346,4843749,4882982,4918163,4950068,4986421,5020531,5063911,5104971,5144317,5182861,5228032,5268966
348,9423570,9330800,9241151,9154751,9071355,8989843,8911422,8834913,8761343,8691081,8623106,8557149,8495193,8433185,8374682,8317595,8263340,8209870,8159518,8110961,8064530
352,218978,222597,223900,227758,231035,234873,238054,241199,243362,249176,251818,256608,259502,262797,267252,270219,274185,278519,282704,287491,292658
356,862424379,876291149,890382747,904763716,919393724,934379415,949620854,965170006,981031388,997159264,1013648170,1030523938,1047710399,1065237843,1083102589,1101392596,1120055874,1139066875,1158447073,1178198969,1198399374
360,173283401,175736181,178417515,181051882,183814646,186617381,189481679,192497356,195589161,198743879,202026258,205372208,208783208,212350545,216094081,219954676,223836643,227962649,232206427,236634095,241165285
364,65376224,64786443,64353760,64049154,63857543,63762750,63754909,63822554,63957613,64145276,64393827,64686266,65029918,65413438,65844828,66308976,66812282,67347911,67924151,68530640,69176078
368,20823940,21442002,22079987,22740316,23422595,24129863,24859555,25614406,26394609,27205531,28046700,28915769,29808465,30741035,31712324,32709922,33741816,34813916,35924155,37076044,38272403
372,3318049,3355572,3398164,3441370,3486086,3533556,3583526,3635729,3691381,3749202,3811408,3876324,3945063,4017904,4093975,4174589,4258165,4350768,4444445,4548550,4655925
376,5187259,5099632,5010635,4927465,4842441,5678837,5581895,5484057,5393379,5301400,6231425,6131170,6030635,5922690,5819268,6857765,6735657,6618966,6500149,6382719,7539423
380,48795700,48981954,49172292,49365618,49564530,49767448,49975164,50188269,50402092,50622887,50847457,51077463,51310805,51553712,51797095,52048985,52304276,52567107,52833507,53105672,53385399
384,13794188,14130066,14473309,14827328,15194808,15568397,15956355,16356405,16767752,17189926,17628033,18080652,18543884,19025331,19519524,20033434,20561934,21108222,21671998,22255688,22859770
388,2189643,2195832,2204230,2211691,2218901,2226931,2233193,2240540,2247910,2256594,2263594,2270849,2276595,2282615,2291157,2299296,2307261,2314893,2323723,2332574,2340467
392,107357325,107394756,107410066,107511943,107585356,107667294,107707478,107627217,107844227,107832074,107775424,107953037,107673759,107860732,107792234,107702185,107996522,108105012,108123589,108074637,108258602
398,12960577,13022108,13092744,13170934,13249390,13340773,13435758,13541070,13651235,13768820,13888848,14026757,14157343,14307171,14458752,14623140,14795139,14975702,15169564,15368790,15577227
400,4036339,4124166,4211296,4301903,4392509,4486501,4581990,4678515,4778248,4879248,4982475,5087691,5193405,5305149,5417590,5535228,5652102,5772712,5894457,6019474,6147381
404,25323341,26073843,26844226,27641140,28466166,29325390,30210508,31145593,32105851,33107844,34151801,35233499,36365025,37536868,38774032,40049219,41397976,42789619,44250333,45766776,47363368
408,19789131,19783248,19798037,19810584,19819210,19830661,19840071,19852407,19867832,19871727,19895247,19910383,19925637,19946730,19946236,19960384,19978769,19996632,20014553,20024650,20045182
410,39248464,39341849,39449798,39571068,39703227,39855436,40020180,40206082,40405348,40614508,40864582,41118655,41391558,41688142,42008569,42359950,42735248,43135616,43562765,44027376,44523840
414,1548782,1600417,1655903,1711495,1770300,1829717,1891934,1955282,2024926,2093542,2164306,2237882,2315013,2393752,2476108,2559849,2649120,2740908,2834964,2933260,3033746
417,4521331,4558177,4578639,4605824,4632682,4657110,4679573,4716636,4750558,4768105,4806444,4837031,4858063,4885861,4914044,4944918,4967085,4998484,5025328,5059927,5091070
418,4435368,4509815,4590716,4672499,4756689,4843143,4931735,5023233,5119809,5217636,5318690,5425420,5533716,5645521,5758991,5876728,5999778,6125196,6256261,6391432,6529100
422,3094438,3239152,3394726,3553769,3729025,3910916,4105643,4308119,4530976,4761601,5008545,5271571,5551103,5848041,6168923,6508195,6870547,7251139,7655827,8087402,8551704
426,1602612,1602637,1602143,1602158,1601707,1601965,1602019,1602293,1602780,1603066,1603471,1603311,1604734,1604626,1605126,1606214,1606721,1607486,1608042,1609397,1609735
428,1426425,1454870,1484220,1513933,1544783,1575693,1607689,1640378,1673961,1708225,1743398,1779019,1815690,1852735,1891236,1929988,1970056,2010666,2052362,2095150,2138681
430,2507416,2562504,2616506,2672919,2732501,2792935,2855703,2918409,2983071,3050081,3116481,3187706,3259369,3333555,3408570,3484208,3566088,3649747,3732905,3819031,3908066
434,4428828,4494335,4562246,4629801,4699323,4768785,4840212,4912308,4984509,5062671,5138738,5214352,5292647,5372398,5450518,5532245,5615180,5698127,5782914,5870274,5956830
438,28068,28308,28559,28747,29027,29219,29489,29801,30072,30355,30567,30940,31366,31620,31844,32103,32439,32694,33042,33345,33610
440,3004297,2965726,2927444,2889884,2853396,2817946,2782950,2748897,2715587,2682931,2651225,2620208,2588950,2559467,2530788,2502276,2474938,2447946,2421560,2396142,2371321
442,372924,378500,384234,390123,395918,401895,408171,414393,420993,427454,434179,441174,448940,455950,463457,470841,478609,486414,494523,502804,511107
446,350522,355011,360423,367634,374755,382802,387227,396333,402338,411442,420661,430013,436597,443568,456328,469218,478445,489248,501920,513558,529453
450,13194447,13523322,13864562,14226875,14598907,14990139,15405901,15838565,16292228,16767883,17268805,17794980,18348391,18930244,19539272,20178791,20854823,21568380,22314099,23102862,23935247
454,9035878,9279372,9529048,9788221,10056827,10333074,10618720,10913120,11220499,11535425,11863444,12203139,12555274,12922308,13296298,13694853,14104056,14528583,14973317,15437866,15927383
458,18688409,19090109,19505717,19947621,20388877,20846033,21313116,21786353,22287730,22802747,23316161,23868958,24404552,24981864,25562573,26176005,26802284,27453909,28113282,28814019,29517124
462,134797,143712,143014,146911,163516,168948,176251,184486,192778,199611,209608,218312,233076,247786,258907,271885,277887,291510,309200,337166,355269
466,8976153,9299328,9637025,9989702,10360249,10749546,11158777,11588697,12040223,12514925,13018307,13550739,14112825,14706164,15336422,16003431,16712679,17466376,18269183,19125582,20039738
470,330714,332069,333361,334793,336360,337311,339413,340966,342270,344162,345660,347805,349745,351641,353121,355328,357538,359531,362112,363774,366339
474,325648,326959,328011,329358,330684,331971,333442,334937,336493,338007,339721,341273,342716,344759,346258,348206,349981,351935,354032,356072,358237
478,2153397,2200878,2253808,2308329,2365572,2425834,2489112,2555742,2624539,2697402,2775041,2855488,2942801,3033180,3127990,3230443,3336983,3449036,3571176,3699447,3835077
480,2002314,2010259,2018441,2027498,2035947,2044657,2054322,2064104,2073249,2082901,2091494,2100698,2110479,2120695,2129711,2139891,2149862,2159203,2170106,2181475,2192529
484,82321618,83551778,84816550,86133174,87482364,88882823,90333851,91839468,93400874,95026873,96716959,98477426,100317554,102248289,104301396,106485037,108831936,111382329,114201031,117375776,121040172
492,26551,26745,26807,27240,27462,27849,28259,28524,28937,29276,29681,29983,30470,30811,31134,31611,31981,32276,32755,33156,33541
496,2044307,2060548,2077735,2097215,2117824,2140526,2164102,2189821,2217549,2246910,2278364,2312972,2349004,2388065,2428061,2470977,2515859,2563441,2613783,2666786,2722614
498,3445276,3428887,3410956,3392824,3376392,3359995,3344270,3330332,3315378,3300973,3286443,3273156,3258662,3245822,3234431,3222625,3211379,3199335,3190324,3180380,3169270
499,550566,547497,546303,543698,541922,540783,539611,538465,536900,535387,533576,533240,531181,530696,530324,529407,528264,529484,528067,527976,528980
500,3641,3673,3713,3746,3783,3799,3835,3877,3901,3957,3987,4028,4047,4104,4144,4190,4233,4277,4309,4352,4398
504,24186266,24441794,24713479,24991370,25274241,25562068,25854949,26156066,26458096,26776330,27092465,27426612,27751079,28092164,28439372,28801078,29158610,29527026,29901275,30285099,30674949
508,14188865,14587554,15000276,15433137,15880685,16352603,16841242,17353599,17884125,18441656,19027008,19631221,20268399,20935244,21637865,22364194,23129255,23933150,24773446,25655218,26581138
512,1879619,1925892,1969776,2014147,2064579,2108870,2164573,2216890,2271341,2336371,2398133,2459362,2519714,2594900,2661182,2736058,2818767,2896856,2987374,3081892,3179845
516,1576094,1595528,1615286,1634997,1655625,1677510,1699885,1723063,1747267,1771888,1797624,1823552,1849334,1877330,1906803,1937239,1968826,2000737,2034753,2069826,2105897
520,6624,6560,6553,6457,6417,6322,6273,6162,6122,6105,6128,6078,6012,6020,6045,5993,5998,6073,6058,6085,6101
524,20004305,19932450,19923972,19980326,20097621,20277844,20519344,20828127,21205694,21656601,22189206,22810487,23539198,24374295,25341445,26444779,27720301,29195698,30903384,32876465,35163369
528,13621444,13670787,13723080,13774613,13827953,13883714,13938899,13999331,14058177,14114717,14177351,14237746,14298566,14363215,14427440,14493003,14559550,14626785,14694955,14763217,14834719
531,109707,111142,112466,114044,115515,117121,118827,120579,122323,124140,126106,128138,130303,132470,134649,137015,139520,142000,144547,147233,149979
533,77952,78782,79630,80473,81392,82280,83263,84127,85157,86254,87283,88428,89590,90757,92124,93458,94797,96125,97606,99092,100629
534,25736,25711,25608,25602,25555,25517,25490,25463,25443,25378,25395,25400,25422,25422,25409,25414,25460,25482,25509,25547,25586
535,8686,9042,9395,9795,10188,10626,11052,11527,11989,12445,12917,13503,13978,14594,15229,15842,16499,17177,17879,18619,19390
540,147244,153291,153689,156121,157080,160323,161814,163711,166729,169575,173206,176935,179028,181648,186091,187971,191301,195907,201194,204789,210292
548,142918,148514,153158,156931,158643,163481,167136,170901,175261,179846,184465,188557,192630,197177,202148,206922,211346,217199,222461,227826,233873
554,2202845,2215682,2228586,2241976,2255176,2268515,2282212,2295967,2310111,2324523,2338914,2353780,2368439,2384044,2399853,2415521,2431572,2447885,2464320,2481337,2498451
558,4053201,4121803,4191506,4263743,4337954,4414701,4493575,4574858,4658539,4744303,4833945,4925849,5021931,5120046,5221799,5327786,5435536,5548939,5666084,5788081,5915017
562,9134678,9491401,9867263,10260619,10667248,11097528,11546227,12005271,12503252,13013868,13554062,14110652,14703552,15311808,15956245,16630276,17342669,18089959,18868644,19690005,20559460
566,100660891,103790464,106995113,110312726,113740652,117270540,120914149,124685933,128560800,132572058,136726227,141002744,145418825,149999575,154731794,159610504,164644657,169854507,175244956,180812738,186579035
570,1476,1448,1408,1384,1360,1335,1311,1292,1275,1255,1238,1222,1224,1216,1200,1196,1189,1187,1180,1179,1184
574,2211,2165,2156,2133,2118,2085,2059,2006,1979,1955,1938,1903,1863,1842,1817,1797,1777,1763,1733,1711,1692
578,3680299,3714343,3741304,3779542,3813680,3844650,3877802,3918248,3953154,3985970,4028346,4063734,4121550,4155377,4200375,4235862,4280397,4323578,4365937,4410341,4458790
580,57201,56112,54816,53451,52067,50810,49652,48504,47236,46135,44880,43867,42885,42054,40955,39805,38946,38053,37081,36124,35181
583,56063,56134,56422,56543,56424,56435,56398,56474,56477,56552,56543,56729,56386,56619,56587,56760,56904,57123,57169,57268,57580
584,8591,8345,8988,8615,8701,8327,8493,8878,9361,9814,9828,10000,10358,10296,10712,10805,10982,11197,11307,11210,11410
585,7441,7857,7645,7781,7726,7939,8193,8408,8998,9177,9121,9810,10346,10778,10952,11444,11773,12372,12960,13365,14104
586,119559340,122481488,125511200,128599706,131776641,134985640,138319496,141737612,145229281,148814719,152481474,156244195,160112787,164078870,168133731,172318267,176592841,180977937,185457116,190069418,194792692
591,2402055,2446531,2492151,2535110,2583976,2631482,2678736,2728326,2779742,2830137,2884485,2937924,2993172,3051466,3108908,3166435,3225988,3287213,3350019,3413554,3478273
598,4445001,4564967,4691995,4821416,4956154,5095369,5240907,5389621,5546176,5707218,5874548,6048033,6226320,6413053,6605036,6807646,7014864,7231272,7457916,7691846,7935723
600,4567647,4641258,4714913,4792429,4870860,4950206,5034072,5119464,5205910,5295956,5387437,5481244,5574330,5673584,5774349,5879139,5987413,6097205,6210724,6327505,6447213
604,20669577,21013578,21359565,21718216,22086743,22468516,22875777,23279685,23710479,24213785,24641917,25109662,25613773,26101114,26675095,27218233,27821752,28439212,29085547,29772710,30477281
608,66925097,67528568,68300626,69375288,69918061,70907889,72038423,72658986,74076195,75198987,76255703,77340732,78741186,80090405,81169075,82817496,84349883,85726934,87545978,89080111,90786645
612,37,38,39,40,41,42,44,44,46,47,46,48,50,51,52,54,56,57,59,60,62
616,32793119,32812176,32834577,32855518,32880780,32908601,32939526,32970236,33010349,33049045,33092258,33137624,33183680,33237383,33294559,33356523,33425369,33499121,33578568,33663591,33754987
620,8555089,8557081,8559833,8562509,8566365,8570603,8575558,8581782,8588171,8595363,8603439,8611896,8620685,8630938,8641673,8653380,8665818,8679353,8692883,8708015,8723028
624,1010132,1032990,1055814,1079462,1103530,1128206,1153960,1180580,1207573,1234927,1264139,1293307,1323310,1353920,1386345,1418412,1453192,1488498,1523230,1560445,1598807
626,716646,732901,749123,767167,784993,803974,823255,843523,865177,887658,910909,935567,961120,988412,1016587,1045128,1074825,1107630,1140175,1175854,1211643
630,3268314,3260402,3253722,3246495,3239280,3232200,3225210,3218478,3211828,3205640,3199387,3193561,3187860,3182388,3176815,3171799,3166613,3161521,3156565,3152023,3147410
634,370355,424999,487237,559736,641739,736045,844557,969131,1111522,1274856,1464038,1678999,1927009,2210387,2536745,2908280,3338165,3830852,4395319,5044501,5785200
638,612783,621616,630475,639806,648794,658474,668195,677998,688107,698067,708479,719288,729884,740900,752133,763796,775078,786941,798801,811181,823783
642,18578470,18433107,18290797,18152777,18021157,17891070,17766579,17648889,17541970,17451339,17380161,17345585,17360222,17457014,17678201,18083189,18779721,19920059,21744514,24629901,29148648
643,125290671,124993424,124707113,124429117,124153421,123902211,123645655,123396360,123165825,122927318,122709236,122496405,122290466,122090810,121899561,121720742,121540918,121372769,121217767,121064476,120925627
646,6693929,6844618,7002227,7167796,7337015,7517254,7705367,7904919,8113274,8332615,8560452,8805511,9059401,9331105,9610919,9907857,10221350,10552678,10900173,11269428,11658690
652,5255,5415,5546,5724,5867,5986,6155,6294,6485,6716,6920,7093,7214,7433,7678,7914,8150,8354,8576,8789,9020
654,3711,3637,3548,3466,3388,3322,3247,3172,3105,3041,2969,2907,2839,2769,2724,2658,2606,2539,2486,2433,2359
659,38109,38606,39135,39758,40235,40846,41424,42027,42623,43261,43940,44548,45243,45933,46632,47287,47972,48712,49435,50206,50981
660,9845,9993,10057,10234,10322,10457,10583,10718,10819,10881,11055,11136,11403,11538,11686,11801,11918,12067,12197,12341,12490
662,128560,129257,129956,130467,131136,131723,132390,133131,133893,134860,135348,136737,137241,138172,139099,140184,141164,142044,143011,143970,144946
663,24250,24859,25401,26081,26705,27328,27992,28652,29347,30014,30880,31484,32272,32856,33715,34516,35355,36190,37058,37929,38817
666,3157,3087,3108,3064,2847,2851,2883,2930,2870,2848,2976,2750,2739,2754,2759,2712,2689,2674,2653,2650,2626
670,89702,89715,89669,89686,89707,89909,90025,90178,90192,90437,90513,90610,90858,91188,91352,91466,91592,91804,91967,92140,92321
674,23207,23502,23787,24078,24386,24706,25018,25339,25662,25994,26332,26726,27076,27445,27802,28180,28581,28963,29394,29802,30206
678,112453,115452,118010,121034,124033,126808,129821,133003,136073,139860,142991,146395,150043,153558,156956,160867,164653,168562,172398,177039,181174
682,17191533,17721911,18268475,18833228,19416583,20017231,20637878,21276833,21935130,22618575,23325804,24057797,24809246,25585937,26381926,27208470,28056621,28936377,29841899,30773613,31743258
686,7919802,8146292,8386432,8631876,8879648,9140569,9396397,9671871,9954835,10248109,10544221,10853771,11176116,11502056,11848745,12190882,12543440,12911518,13279950,13664984,14060206
688,7664937,7659718,7655189,7652903,7651723,7651255,7651231,7653665,7658150,7664455,7671211,7678632,7686248,7698118,7710411,7725346,7740680,7757953,7777303,7798493,7820683
690,128,100,91,90,98,92,93,94,96,105,111,106,101,100,109,111,111,105,114,112,114
694,3903278,3974898,4052842,4133747,4213986,4294370,4379333,4463946,4555414,4644001,4737033,4832276,4928964,5034741,5140183,5243982,5355996,5463701,5583534,5699524,5822288
702,2760500,2792466,2826110,2860654,2897019,2931330,2972384,3015287,3057709,3098322,3150321,3198889,3256226,3313469,3370024,3431886,3498649,3572468,3644783,3724694,3810044
703,4633100,4632067,4630722,4629886,4628978,4629999,4631047,4631889,4633716,4635793,4637986,4640143,4642876,4646222,4649951,4655046,4659920,4665679,4671461,4677725,4685071
704,66986728,67590222,68230196,68891869,69583172,70300647,71048503,71840700,72633911,73469338,74352341,75249520,76185155,77174802,78176955,79223747,80301741,81431021,82601081,83815396,85064630
705,1655065,1664658,1674325,1684394,1694669,1705008,1715821,1726709,1737425,1748786,1760757,1772195,1783369,1795834,1807718,1820283,1833056,1846331,1859746,1873178,1887012
706,5663814,5812869,5963997,6120922,6281275,6446081,6617283,6789544,6969617,7149270,7336742,7530402,7727846,7930502,8141181,8351511,8571069,8794930,9025613,9262761,9506572
710,38030831,38549323,39081546,39624302,40186569,40766952,41358377,41966843,42596934,43244142,43912475,44596098,45298230,46020739,46761214,47522730,48304805,49110503,49938666,50789229,51665461
716,9790361,9903086,10016980,10132153,10249705,10368080,10489014,10610963,10734918,10860224,10987887,11118377,11249491,11383700,11517485,11654957,11795069,11935952,12079008,12224623,12371916
724,32692213,33116190,33542723,33987329,34438007,34901543,35377843,35850533,36353811,36806880,37302696,37808485,38302608,38827553,39367747,39918173,40456060,41048048,41613016,42213730,42804094
728,5249311,5428691,5620757,5825527,6045710,6281903,6535728,6811542,7110604,7436848,7794479,8185610,8618394,9095514,9629516,10222092,10890305,11634137,12474110,13423865,14501951
729,21603059,22155750,22717526,23297705,23893054,24509392,25156754,25816472,26500740,27204744,27932439,28684273,29454053,30253984,31081936,31934870,32816205,33729840,34670670,35644275,36649968
732,319677,322060,325708,329323,332124,335578,339765,344607,348541,352004,356961,362778,366767,371866,376465,381730,387327,394440,399489,406855,412259
740,407597,409944,412808,416473,419675,423240,427598,432094,437242,442835,448434,454864,461653,468491,476426,484224,493236,502273,511860,522288,532817
744,1729,1767,1799,1844,1882,1925,1969,2013,2054,2102,2137,2192,2238,2287,2339,2384,2439,2490,2544,2604,2666
748,844185,848751,853415,857828,862621,867298,871830,876642,881296,886220,890888,895839,900620,905352,910583,916028,921010,926398,931642,936956,942425
752,7348813,7404830,7464273,7517417,7572800,7630200,7692265,7751292,7818326,7874823,7937322,8008167,8081088,8147940,8208896,8282597,8354371,8426475,8499365,8572686,8648896
756,6225886,6280744,6334002,6390207,6447404,6504031,6563193,6622356,6683283,6746310,6807942,6870773,6934900,7001077,7067534,7134899,7204877,7274862,7346275,7418856,7492933
760,13990024,14345940,14708325,15078437,15463559,15857078,16260776,16668668,17095807,17527981,17969750,18434660,18890752,19357593,19855680,20363275,20885450,21420866,21968088,22531114,23112193
762,5264515,5379075,5488473,5603749,5725005,5845876,5966760,6098644,6227852,6350024,6495509,6632473,6780965,6930861,7083478,7237917,7391626,7550414,7718178,7891707,8061007
764,52446100,52764401,53108876,53475662,53865473,54285060,54730452,55205480,55707922,56240163,56807308,57408000,58037759,58709242,59422675,60177521,60969099,61806693,62685685,63618552,64604222
768,3915700,4019575,4130609,4246303,4364702,4493512,4624828,4761871,4905280,5056769,5218053,5387158,5569872,5762970,5959592,6168196,6394335,6634289,6882387,7144840,7423724
772,1090,1083,1072,1070,1062,1051,1044,1043,1038,1028,1018,1013,1012,1013,995,988,980,973,968,957,956
776,160955,160515,161803,161705,161926,162140,161746,161989,162787,164411,166125,166513,166768,167979,168313,169119,169575,170383,170516,171296,172712
780,1046701,1050496,1055056,1060493,1065440,1070482,1074551,1080099,1085693,1090997,1096282,1102448,1106501,1112374,1119345,1125144,1131044,1137829,1144071,1151049,1157197
784,2558205,2691567,2847742,3013741,3177372,3355962,3536851,3752602,3960409,4180998,4415438,4662415,4932785,5208759,5504137,5809863,6165072,6510662,6897582,7295924,7717067
788,8175911,8248892,8324975,8402299,8481521,8562248,8647705,8733755,8818479,8912175,9007013,9096071,9194501,9295466,9397029,9501814,9610078,9720692,9836742,9955029,10073590
792,61270384,61273307,61296743,61380976,61512553,61686106,61895049,62157356,62455392,62790806,63183115,63607695,64066688,64585707,65133939,65729871,66361657,67038990,67765068,68533489,69337165
795,4943413,5078546,5217985,5360918,5509148,5659284,5816726,5975477,6142369,6313907,6485581,6665150,6846787,7034924,7229989,7432404,7639350,7854279,8067018,8292537,8518463
796,14870,15474,16073,16676,17318,18018,18798,19590,20441,21306,22247,23344,24594,25870,27146,28534,29990,31582,33240,35042,36969
798,921,926,924,902,915,918,906,890,885,883,884,869,889,873,864,835,860,854,842,838,836
800,19850184,20417805,21005260,21613389,22243401,22898326,23575898,24279714,25008182,25765989,26552004,27368206,28220453,29101236,30019537,30973291,31962987,32990966,34063284,35178620,36339371
804,41847001,41604899,41365933,41137703,40897362,40670752,40445224,40221531,40002884,39784093,39575492,39359060,39154484,38948890,38749748,38551671,38355646,38160180,37970971,37781775,37597147
807,1750928,1753600,1756744,1759222,1762577,1766481,1769999,1773827,1776988,1779833,1783732,1787581,1792837,1796668,1800059,1803696,1807632,1812172,1815606,1819144,1823495
818,55993186,56974336,57989433,59016189,60062446,61139932,62255946,63402621,64575927,65787847,67051880,68330563,69662943,71041684,72459191,73936437,75470260,77053145,78721117,80433200,82253171
826,49749302,50103021,50460159,50814327,51176890,51545533,51923659,52301390,52681534,53065493,53454774,53849189,54249043,54652378,55060224,55471459,55886214,56306991,56733569,57172077,57609239
831,49476,49513,49599,49714,49943,50125,50499,50746,50846,50951,51197,51328,51481,51656,51814,51978,52069,52144,52322,52759,52919
832,68804,69298,69977,70502,71309,72142,73046,73926,74781,75464,76440,77334,78124,78981,79793,80839,81669,82636,83689,84682,85656
833,63342,63959,64637,65205,65944,66683,67470,68159,68942,69673,70452,71309,72160,72894,73761,74582,75378,76208,77153,78188,79129
834,28101763,28823830,29572016,30340421,31133192,31956066,32807985,33689620,34599757,35545327,36523112,37533645,38581624,39671818,40796168,41961344,43168209,44424125,45727588,47079397,48480933
840,241086779,243173099,245309154,247496836,249734543,252093412,254440984,256860147,259321197,261837670,264492536,267132875,269840129,272612468,275456654,278454343,281442200,284505338,287648036,290872295,294270751
850,88748,88529,88198,88182,87849,87643,87513,87357,87190,87042,86898,86810,86840,86758,86569,86495,86424,86370,86197,86081,85987
854,9977205,10287144,10607196,10941483,11290973,11656083,12036168,12432895,12848335,13281148,13732008,14204605,14698036,15217897,15760935,16326786,16921246,17545808,18201307,18887798,19608697
858,2767977,2770904,2774109,2776847,2780419,2784810,2789536,2794975,2800677,2806976,2812995,2819713,2827145,2835050,2842548,2850917,2859552,2867939,2877702,2887457,2897894
860,20707282,21035028,21388475,21739361,22097908,22464708,22844076,23208690,23584637,23997651,24379552,24782862,25205704,25624518,26053667,26483813,26944560,27395284,27857152,28317715,28804019
862,19342024,19648489,19962709,20284916,20614768,20941960,21289293,21635507,22009016,22376959,22757771,23158623,23532361,23962722,24381359,24822982,25289133,25762796,26252047,26765463,27297650
876,12694,12465,12198,11949,11763,11504,11206,11043,10795,10593,10365,10135,9868,9708,9465,9292,9105,8913,8761,8569,8411
882,286777,287735,290083,291454,292407,295093,296283,298693,300447,302931,304159,305955,306580,308859,311359,312310,314463,317100,318818,321240,324190
887,14988125,15408117,15838102,16278996,16731258,17200655,17677691,18173353,18685742,19203947,19735602,20285417,20852659,21436779,22034520,22647911,23273156,23926034,24591288,25278932,25984034
894,8349551,8583747,8829370,9086356,9356088,9639691,9935612,10246078,10571716,10913818,11271883,11648944,12045961,12464498,12904523,13365852,13856410,14372909,14920119,15498906,16112614
999,18967538,19033669,19101287,19175285,19236114,19304832,19373474,19441613,19514303,19597151,19674310,19751202,19821327,19907438,19994272,20081484,20172442,20266203,20354920,20445543,20542348
1011,201822,201913,202079,202320,202556,202801,202851,203107,203292,203522,203695,203923,204308,204619,204981,205236,205617,205737,206233,206355,206945
1012,1312649,1334153,1369931,1393458,1428103,1452756,1484031,1507921,1545454,1592917,1623377,1663881,1702055,1738843,1773879,1811298,1848892,1887711,1928472,1965542,2006831
1013,1670,2157,1706,1635,1653,1722,1954,1915,1932,1987,2156,2357,2440,2489,2288,2316,2341,2389,2443,2431,2455
1014,575161,591734,604851,623693,645946,658651,680862,702513,715244,738677,757220,777599,806171,837282,860302,896408,920825,958164,987391,1023361,1065002
1015,0,0,0,0,0,0,0,0,0,0,0,0,0,0,0,0,0,0,0,0,0
1016,0,0,0,0,0,0,0,0,0,0,0,0,0,0,0,0,0,0,0,0,0
1017,0,0,0,0,0,0,0,0,0,0,0,0,0,0,0,0,0,0,0,0,0
1018,0,0,0,0,0,0,0,0,0,0,0,0,0,0,0,0,0,0,0,0,0
1019,0,0,0,0,0,0,0,0,0,0,0,0,0,0,0,0,0,0,0,0,0
1021,16611,10539,10626,10397,13919,9904,10047,11127,9522,10132,9145,9724,10550,10769,9151,12022,11545,13606,12056,12775,15794
1023,0,0,0,0,0,0,0,0,0,0,0,0,0,0,0,0,0,0,0,0,0
1025,0,0,0,0,0,0,0,0,0,0,0,0,0,0,0,0,0,0,0,0,0
1027,974952,1007229,1041851,1073771,1112991,1147734,1186128,1223151,1266070,1306597,1348967,1394803,1440434,1487806,1539309,1588938,1641831,1696444,1751145,1809555,1869788
1029,67730,61604,61973,64212,69303,73032,66416,65916,63281,63413,64405,62136,65987,66357,66022,66680,67118,65818,66932,66942,66709
1031,0,0,0,0,0,0,0,0,0,0,0,0,0,0,0,0,0,0,0,0,0
1032,0,0,0,0,0,0,0,0,0,0,0,0,0,0,0,0,0,0,0,0,0
1033,0,0,0,0,0,0,0,0,0,0,0,0,0,0,0,0,0,0,0,0,0
1034,0,0,0,0,0,0,0,0,0,0,0,0,0,0,0,0,0,0,0,0,0
1035,0,0,0,0,0,0,0,0,0,0,0,0,0,0,0,0,0,0,0,0,0
1036,15177,14928,14755,14599,14430,14322,14157,13945,13827,13592,13405,13228,12986,12858,12686,12565,12410,12222,12088,11945,11837
1038,229086,228871,228681,228494,228326,228155,228051,227957,227855,227800,227713,227658,227895,227883,227942,227997,228087,228099,228280,228322,228541
1039,0,0,0,0,0,0,0,0,0,0,0,0,0,0,0,0,0,0,0,0,0
1040,0,0,0,0,0,0,0,0,0,0,0,0,0,0,0,0,0,0,0,0,0
1041,0,0,0,0,0,0,0,0,0,0,0,0,0,0,0,0,0,0,0,0,0
1042,33,47,48,53,54,51,52,60,41,36,61,53,45,38,38,69,72,70,69,71,72
1043,0,0,0,0,0,0,0,0,0,0,0,0,0,0,0,0,0,0,0,0,0
1044,69,73,63,59,55,78,61,74,64,83,86,92,75,86,76,72,60,74,60,70,83
1046,0,0,0,0,0,0,0,0,0,0,0,0,0,0,0,0,0,0,0,0,0
1047,0,0,0,0,0,0,0,0,0,0,0,0,0,0,0,0,0,0,0,0,0
1048,0,0,0,0,0,0,0,0,0,0,0,0,0,0,0,0,0,0,0,0,0
1049,1933891,1975673,2017921,2062058,2110248,2186596,2232202,2285879,2331469,2386580,2474260,2522215,2575406,2634570,2696589,2788658,2854109,2916028,2986478,3058216,3163481
1052,11499390,11730112,11968035,12207900,12452897,12703149,12959547,13221461,13492537,13762139,14042764,14331243,14629813,14932174,15243595,15555672,15873580,16201803,16538368,16877374,17229739
1059,582,584,585,583,580,582,585,583,580,586,579,581,583,583,584,586,586,586,585,586,585
1060,228,227,226,225,226,224,225,223,223,222,219,223,221,220,220,218,218,217,216,215,214
1068,751,818,807,848,835,912,946,991,985,943,1009,1041,1067,1111,1159,1195,1196,1196,1233,1274,1278
1069,1408,1498,1557,1649,1721,1855,1934,2025,2133,2163,2172,2376,2502,2612,2762,2924,3073,3218,3378,3544,3719
1080,0,0,0,0,0,0,0,0,0,0,0,0,0,0,0,0,0,0,0,0,0
1082,0,0,0,0,0,0,0,0,0,0,0,0,0,0,0,0,0,0,0,0,0
1097,0,0,0,0,0,0,0,0,0,0,0,0,0,0,0,0,0,0,0,0,0
1098,6898,6781,7209,7334,7289,7401,7520,7708,7949,8633,8629,9440,8637,8804,9148,9644,9991,10289,10709,11126,11564
1099,10798,10502,10868,10741,10554,11033,10983,10999,11293,11443,11263,11882,11090,11283,11367,11345,11829,11774,11895,12094,12368
1101,0,0,0,0,0,0,0,0,0,0,0,0,0,0,0,0,0,0,0,0,0
