adm0_code,adm0_name,SDG_region,delta_2000_2004,delta_2005_2009,delta_2010_2014,delta_2015_2019,delta_2017_2021,count_basins_plus_2000_2004,count_basins_negative_2000_2004,count_basins_plus_2005_2009,count_basins_negative_2005_2009,count_basins_plus_2010_2014,count_basins_negative_2010_2014,count_basins_plus_2015_2019,count_basins_negative_2015_2019,count_basins_plus_2017_2021,count_basins_negative_2017_2021,total_basins
4,Afghanistan,Central Asia (M49) and Southern Asia (MDG=M49),-23.24084090469404,-0.8533311318637594,4.720275160086897,18.410375272995623,10.281090681890086,0.0,3.0,0.0,0.0,0.0,0.0,1.0,0.0,1.0,0.0,124.0
8,Albania,Northern America (M49) and Europe (M49),-8.82159218572935,0.0900633764379819,-4.222151410291697,46.572782972107376,35.940858286566986,0.0,0.0,0.0,0.0,0.0,0.0,0.0,0.0,1.0,0.0,9.0
12,Algeria,Western Asia (M49) and Northern Africa (M49),-17.328199666814754,-3.697761661527713,-1.559372303855927,7.25795584145337,7.25795584145337,0.0,0.0,0.0,0.0,0.0,0.0,2.0,0.0,5.0,0.0,321.0
16,American Samoa,Oceania (M49) excluding Australia and New Zealand (M49),0.0,0.0,0.0,0.0,0.0,,,,,,,,,,,
20,Andorra,Northern America (M49) and Europe (M49),0.0,0.0,0.0,0.0,0.0,0.0,0.0,0.0,0.0,0.0,0.0,0.0,0.0,0.0,0.0,2.0
24,Angola,Sub-Saharan Africa (M49),-28.725260687548555,0.0264952915980212,-13.704079107810117,112.36998439064864,112.36998439064864,0.0,2.0,0.0,0.0,0.0,1.0,8.0,0.0,7.0,0.0,152.0
28,Antigua and Barbuda,Latin America and the Caribbean (MDG=M49),0.0,0.0,0.0,0.0,0.0,0.0,0.0,0.0,0.0,0.0,0.0,0.0,0.0,0.0,0.0,1.0
31,Azerbaijan,Western Asia (M49) and Northern Africa (M49),-4.016328953896682,-1.2443179018920048,0.96922432812194,26.38829966312209,31.27939975866993,0.0,1.0,0.0,0.0,0.0,0.0,1.0,0.0,2.0,0.0,22.0
32,Argentina,Latin America and the Caribbean (MDG=M49),0.9572524119203902,9.89743202772566,-0.826340109322,-9.070657613117792,0.826340109322,1.0,0.0,2.0,0.0,0.0,0.0,0.0,2.0,1.0,0.0,388.0
36,Australia,Australia and New Zealand (M49),1.5744398981637344,7.583504511994535,-17.181352789277234,-1.5744398981637344,3.359158225460393,0.0,2.0,0.0,2.0,0.0,1.0,2.0,0.0,2.0,0.0,986.0
40,Austria,Northern America (M49) and Europe (M49),-3.431714154033256,-0.6832950700381416,0.2857673231929599,14.635081956769923,16.08554673670881,0.0,0.0,0.0,0.0,0.0,0.0,3.0,0.0,4.0,0.0,19.0
44,Bahamas,Latin America and the Caribbean (MDG=M49),0.0,0.0,0.0,0.0,0.0,0.0,0.0,0.0,0.0,0.0,0.0,0.0,0.0,0.0,0.0,1.0
48,Bahrain,Western Asia (M49) and Northern Africa (M49),0.0,0.0,0.0,0.0,0.0,0.0,0.0,0.0,0.0,0.0,0.0,0.0,0.0,0.0,0.0,2.0
50,Bangladesh,Central Asia (M49) and Southern Asia (MDG=M49),-4.503129642142829,-3.4558227100896075,-0.6085676777077147,12.149700325926794,12.149700325926794,0.0,0.0,0.0,0.0,0.0,0.0,1.0,0.0,0.0,0.0,32.0
51,Armenia,Western Asia (M49) and Northern Africa (M49),-15.122047675421337,-6.01417855993901,0.1569566524238569,29.87285687926304,33.3612363578936,0.0,0.0,0.0,0.0,0.0,0.0,2.0,0.0,3.0,0.0,9.0
52,Barbados,Latin America and the Caribbean (MDG=M49),0.0,0.0,0.0,0.0,0.0,0.0,0.0,0.0,0.0,0.0,0.0,0.0,0.0,0.0,0.0,1.0
56,Belgium,Northern America (M49) and Europe (M49),-13.006426499706356,-5.587924325718103,-17.909134628510085,35.66034823087479,38.26324617198833,0.0,0.0,0.0,0.0,0.0,0.0,2.0,0.0,2.0,0.0,8.0
60,Bermuda,Northern America (M49) and Europe (M49),0.0,0.0,0.0,0.0,0.0,,,,,,,,,,,
64,Bhutan,Central Asia (M49) and Southern Asia (MDG=M49),-74.96610186770698,35.69793484589312,3.569872531002699,-35.69853026381682,-10.709892921751374,0.0,0.0,0.0,0.0,0.0,0.0,0.0,0.0,0.0,0.0,14.0
68,Bolivia (Plurinational State of),Latin America and the Caribbean (MDG=M49),0.4341263274697056,-4.87977803345531,3.052700814168256,7.62872053270535,12.761397771057068,1.0,0.0,0.0,0.0,0.0,0.0,0.0,0.0,0.0,0.0,76.0
70,Bosnia and Herzegovina,Northern America (M49) and Europe (M49),-8.031738046847007,-3.840873467215529,6.121022114699509,2.793119764534697,17.00515634354153,0.0,0.0,0.0,0.0,0.0,0.0,0.0,0.0,0.0,0.0,12.0
72,Botswana,Sub-Saharan Africa (M49),-18.22315132831614,-9.944139446889016,11.686381512465069,79.14166144038674,79.14166144038674,0.0,1.0,0.0,0.0,0.0,0.0,2.0,0.0,1.0,0.0,98.0
76,Brazil,Latin America and the Caribbean (MDG=M49),0.18265517534305,-3.057654630629244,-3.540106095615952,0.0751668943048612,2.2848089071900444,2.0,18.0,0.0,2.0,2.0,4.0,19.0,6.0,19.0,6.0,1109.0
84,Belize,Latin America and the Caribbean (MDG=M49),-99.30030647500996,-3.762397563118124,1.383851211914736,16.88553005459837,6.560217678470395,0.0,1.0,0.0,0.0,0.0,0.0,0.0,0.0,0.0,0.0,4.0
90,Solomon Islands,Oceania (M49) excluding Australia and New Zealand (M49),0.0,0.0,0.0,0.0,0.0,0.0,0.0,0.0,0.0,0.0,0.0,0.0,0.0,0.0,0.0,10.0
92,British Virgin Islands,Latin America and the Caribbean (MDG=M49),0.0,0.0,0.0,0.0,0.0,0.0,0.0,0.0,0.0,0.0,0.0,0.0,0.0,0.0,0.0,1.0
96,Brunei Darussalam,Eastern Asia (M49) and South-eastern Asia (MDG=M49),0.0,0.0,0.0,0.0,0.0,0.0,0.0,0.0,0.0,0.0,0.0,0.0,0.0,0.0,0.0,4.0
100,Bulgaria,Northern America (M49) and Europe (M49),-15.901830226162009,-7.337372886266811,-1.4507360958822322,17.132965887347655,24.81613999989497,0.0,0.0,0.0,0.0,0.0,0.0,0.0,0.0,1.0,0.0,21.0
104,Myanmar,Eastern Asia (M49) and South-eastern Asia (MDG=M49),-30.663466350520057,-14.85297382277439,-1.554197106808572,13.058374542177717,13.058374542177717,0.0,6.0,0.0,0.0,0.0,0.0,3.0,1.0,3.0,0.0,97.0
108,Burundi,Sub-Saharan Africa (M49),0.0,0.0,0.0,0.0,0.0,0.0,0.0,0.0,0.0,0.0,0.0,0.0,0.0,0.0,0.0,7.0
112,Belarus,Northern America (M49) and Europe (M49),3.3818872509690188,-11.79196873336356,-2.007458192260883,34.35839111859385,34.35839111859385,0.0,0.0,0.0,0.0,0.0,0.0,0.0,0.0,1.0,0.0,47.0
116,Cambodia,Eastern Asia (M49) and South-eastern Asia (MDG=M49),-11.651855480919856,-8.513417844310357,61.80119754856607,1253.356111674677,1253.356111674677,0.0,1.0,0.0,0.0,0.0,0.0,4.0,0.0,4.0,0.0,29.0
120,Cameroon,Sub-Saharan Africa (M49),-10.939537101263705,-0.7083277627845621,2.260476315632349,44.96679155885962,44.96679155885962,0.0,0.0,0.0,0.0,0.0,0.0,2.0,1.0,3.0,4.0,83.0
124,Canada,Northern America (M49) and Europe (M49),1.5412244066361138,1.374723088871002,-5.97044931546454,0.2396994044367833,-2.511201061957154,5.0,3.0,0.0,0.0,0.0,2.0,13.0,2.0,21.0,3.0,1397.0
132,Cabo Verde,Sub-Saharan Africa (M49),0.0,0.0,0.0,0.0,0.0,,,,,,,,,,,
136,Cayman Islands,Latin America and the Caribbean (MDG=M49),0.0,0.0,0.0,0.0,0.0,0.0,0.0,0.0,0.0,0.0,0.0,0.0,0.0,0.0,0.0,2.0
140,Central African Republic,Sub-Saharan Africa (M49),0.0,0.0,0.0,0.0,0.0,0.0,0.0,0.0,0.0,0.0,0.0,0.0,0.0,0.0,0.0,100.0
144,Sri Lanka,Central Asia (M49) and Southern Asia (MDG=M49),-6.226950177695137,1.1806228100102358,0.3154904437799556,0.5105942449858218,-7.261201212026795,0.0,0.0,0.0,0.0,0.0,0.0,0.0,0.0,0.0,0.0,2.0
148,Chad,Sub-Saharan Africa (M49),0.0,0.0,0.0,0.0,0.0,0.0,0.0,0.0,0.0,0.0,0.0,0.0,0.0,0.0,0.0,193.0
152,Chile,Latin America and the Caribbean (MDG=M49),-17.546777890114726,-4.922121602020374,9.310554454581142,5.344674100699535,2.397644394234406,0.0,1.0,0.0,0.0,0.0,0.0,1.0,0.0,2.0,0.0,132.0
156,China,Eastern Asia (M49) and South-eastern Asia (MDG=M49),-2.671756268182912,-0.8211149467006876,-2.1200290154218377,3.528067531632602,2.654835242192636,4.0,20.0,1.0,0.0,1.0,5.0,46.0,15.0,42.0,19.0,1240.0
162,Christmas Island,Australia and New Zealand (M49),0.0,0.0,0.0,0.0,0.0,,,,,,,,,,,
166,Cocos (Keeling) Islands,Australia and New Zealand (M49),0.0,0.0,0.0,0.0,0.0,,,,,,,,,,,
170,Colombia,Latin America and the Caribbean (MDG=M49),-5.327018819311275,-21.414775494057945,1.5995374066971015,107.85988929157342,73.55752203543781,0.0,1.0,0.0,0.0,0.0,0.0,6.0,0.0,4.0,0.0,119.0
174,Comoros,Sub-Saharan Africa (M49),0.0,0.0,0.0,0.0,0.0,0.0,0.0,0.0,0.0,0.0,0.0,0.0,0.0,0.0,0.0,1.0
175,Mayotte,Sub-Saharan Africa (M49),0.0,0.0,0.0,0.0,0.0,0.0,0.0,0.0,0.0,0.0,0.0,0.0,0.0,0.0,0.0,1.0
178,Congo,Sub-Saharan Africa (M49),-82.58379372411933,-84.40212340451426,203.5363213130009,97.24536570783692,97.24536570783692,0.0,0.0,0.0,0.0,1.0,0.0,0.0,0.0,0.0,0.0,64.0
180,Democratic Republic of the Congo,Sub-Saharan Africa (M49),-11.092506014203003,-5.198426504373863,-25.07208895392462,67.87692412549964,38.44488365789223,0.0,0.0,0.0,0.0,0.0,0.0,2.0,0.0,0.0,0.0,236.0
184,Cook Islands,Oceania (M49) excluding Australia and New Zealand (M49),0.0,0.0,0.0,0.0,0.0,,,,,,,,,,,
188,Costa Rica,Latin America and the Caribbean (MDG=M49),-1.6979008256435206,-30.926145940653864,1.697900825643504,96.71820399215784,88.26131353986581,0.0,0.0,0.0,0.0,0.0,0.0,2.0,0.0,1.0,0.0,19.0
191,Croatia,Northern America (M49) and Europe (M49),-13.423811629349522,-7.779750698250644,-8.493334094575626,12.468790117962753,14.762426956383576,0.0,0.0,0.0,0.0,0.0,0.0,0.0,0.0,1.0,0.0,21.0
192,Cuba,Latin America and the Caribbean (MDG=M49),-5.068868550914866,-5.303672497506037,-0.7866514557555819,13.231845478264386,32.863392932641986,0.0,0.0,0.0,0.0,0.0,0.0,0.0,0.0,0.0,0.0,10.0
196,Cyprus,Western Asia (M49) and Northern Africa (M49),-28.58507507950604,-6.719126562524984,-15.054773039070076,42.41654555596966,46.55797776432908,0.0,0.0,0.0,0.0,0.0,0.0,0.0,0.0,0.0,0.0,1.0
203,Czechia,Northern America (M49) and Europe (M49),-10.991860036339084,-5.6810877539102105,11.02101621672657,7.402310677077509,9.904530272815933,0.0,0.0,0.0,0.0,0.0,0.0,0.0,0.0,1.0,0.0,17.0
204,Benin,Sub-Saharan Africa (M49),-16.54381784219787,-10.554578854573377,0.7854637008623744,8.738365708966054,8.738365708966054,0.0,0.0,0.0,0.0,0.0,0.0,0.0,0.0,0.0,0.0,31.0
208,Denmark,Northern America (M49) and Europe (M49),0.0,0.0,0.0,0.0,0.0,0.0,0.0,0.0,0.0,0.0,0.0,0.0,0.0,0.0,0.0,7.0
212,Dominica,Latin America and the Caribbean (MDG=M49),0.0,0.0,0.0,0.0,0.0,0.0,0.0,0.0,0.0,0.0,0.0,0.0,0.0,0.0,0.0,1.0
214,Dominican Republic,Latin America and the Caribbean (MDG=M49),-1.8439648012404728,-4.945974457439426,8.483967048708571,38.24232875286134,20.45547508705054,0.0,0.0,0.0,0.0,0.0,0.0,0.0,0.0,0.0,0.0,1.0
218,Ecuador,Latin America and the Caribbean (MDG=M49),-51.03377144191386,-15.574042392842829,-26.756915748483195,208.73356852203133,110.76327477920525,0.0,0.0,0.0,0.0,0.0,0.0,6.0,0.0,3.0,0.0,24.0
222,El Salvador,Latin America and the Caribbean (MDG=M49),-1.9592011172687247,-2.610112770610571,-6.754698146515619,1.5523306305719868,-0.161794341151412,0.0,0.0,0.0,0.0,0.0,0.0,0.0,0.0,0.0,0.0,5.0
226,Equatorial Guinea,Sub-Saharan Africa (M49),0.0,0.0,0.0,0.0,0.0,0.0,0.0,0.0,0.0,0.0,0.0,0.0,0.0,0.0,0.0,11.0
231,Ethiopia,Sub-Saharan Africa (M49),-30.875076545277512,-8.506331246779302,20.11884736249795,38.79186547882556,26.13615332411268,0.0,7.0,0.0,0.0,0.0,0.0,6.0,0.0,3.0,0.0,172.0
232,Eritrea,Sub-Saharan Africa (M49),-82.49296056907582,-4.338145764951048,160.95190279987543,252.10453217673984,219.8609988136241,0.0,2.0,0.0,0.0,0.0,0.0,0.0,0.0,0.0,0.0,28.0
233,Estonia,Northern America (M49) and Europe (M49),0.0,0.0,0.0,0.0,0.0,0.0,0.0,0.0,0.0,0.0,0.0,0.0,0.0,0.0,0.0,12.0
234,Faroe Islands,Northern America (M49) and Europe (M49),0.0,0.0,0.0,0.0,0.0,0.0,0.0,0.0,0.0,0.0,0.0,0.0,0.0,0.0,0.0,1.0
238,Falkland Islands (Malvinas),Latin America and the Caribbean (MDG=M49),0.0,0.0,0.0,0.0,0.0,0.0,0.0,0.0,0.0,0.0,0.0,0.0,0.0,0.0,0.0,1.0
239,South Georgia and the South Sandwich Islands,Latin America and the Caribbean (MDG=M49),0.0,0.0,0.0,0.0,0.0,,,,,,,,,,,
242,Fiji,Oceania (M49) excluding Australia and New Zealand (M49),3.1620959646858147,-4.725368752806211,-7.7044260425840925,60.632064588027454,49.54110151369456,0.0,0.0,0.0,0.0,0.0,0.0,1.0,0.0,1.0,0.0,2.0
246,Finland,Northern America (M49) and Europe (M49),0.1722984294531214,-2.4237344654239577,-0.1281886832420048,14.906321196228095,21.774892426009707,0.0,0.0,0.0,0.0,0.0,0.0,2.0,0.0,8.0,0.0,48.0
248,Åland Islands,Northern America (M49) and Europe (M49),0.0,0.0,0.0,0.0,0.0,0.0,0.0,0.0,0.0,0.0,0.0,0.0,0.0,0.0,0.0,2.0
250,France,Northern America (M49) and Europe (M49),-5.217183361636899,-2.5290213205395764,-1.597682699311452,11.09172598148819,16.77352994386235,0.0,1.0,0.0,2.0,0.0,0.0,6.0,1.0,6.0,0.0,78.0
254,French Guiana,Latin America and the Caribbean (MDG=M49),1.507127879778287,-7.168283856464649,-15.136543438230651,10.766853401451202,12.683639220219556,0.0,0.0,0.0,0.0,0.0,0.0,0.0,0.0,1.0,0.0,14.0
258,French Polynesia,Oceania (M49) excluding Australia and New Zealand (M49),0.0,0.0,0.0,0.0,0.0,,,,,,,,,,,
262,Djibouti,Sub-Saharan Africa (M49),0.0,0.0,0.0,0.0,0.0,0.0,0.0,0.0,0.0,0.0,0.0,0.0,0.0,0.0,0.0,4.0
266,Gabon,Sub-Saharan Africa (M49),9.173640746923848,-50.91716817746031,-27.38647751414545,800.6198954727879,708.1602892428742,0.0,0.0,0.0,0.0,0.0,0.0,1.0,0.0,1.0,0.0,57.0
268,Georgia,Western Asia (M49) and Northern Africa (M49),-15.402935714811203,3.6780797863730985,2.368667081279683,-3.490504543739182,1.8616727433273923,0.0,0.0,0.0,0.0,0.0,0.0,0.0,1.0,1.0,1.0,22.0
270,Gambia,Sub-Saharan Africa (M49),0.0,0.0,0.0,0.0,0.0,0.0,0.0,0.0,0.0,0.0,0.0,0.0,0.0,0.0,0.0,6.0
276,Germany,Northern America (M49) and Europe (M49),-7.580181437905282,-3.184422227457479,-6.584485899477944,15.089934272985433,26.14871410718097,0.0,0.0,0.0,0.0,0.0,0.0,3.0,0.0,4.0,0.0,46.0
288,Ghana,Sub-Saharan Africa (M49),-29.871278946600192,-4.497494607256892,45.40525029433417,2.0076052490617573,82.1567866610454,0.0,0.0,0.0,0.0,0.0,0.0,4.0,0.0,13.0,0.0,52.0
292,Gibraltar,Northern America (M49) and Europe (M49),0.0,0.0,0.0,0.0,0.0,0.0,0.0,0.0,0.0,0.0,0.0,0.0,0.0,0.0,0.0,1.0
296,Kiribati,Oceania (M49) excluding Australia and New Zealand (M49),0.0,0.0,0.0,0.0,0.0,0.0,0.0,0.0,0.0,0.0,0.0,0.0,0.0,0.0,0.0,1.0
300,Greece,Northern America (M49) and Europe (M49),-9.23325326105595,1.1281399992964385,-1.3326639030709029,15.72983966177991,28.3047353814924,0.0,1.0,0.0,0.0,0.0,0.0,1.0,0.0,1.0,0.0,20.0
304,Greenland,Northern America (M49) and Europe (M49),-98.38472715257632,-0.3663131582584927,3.590868088050581,10.624440553414354,10.624440553414354,0.0,1.0,0.0,0.0,0.0,0.0,0.0,0.0,0.0,0.0,301.0
308,Grenada,Latin America and the Caribbean (MDG=M49),0.0,0.0,0.0,0.0,0.0,0.0,0.0,0.0,0.0,0.0,0.0,0.0,0.0,0.0,0.0,1.0
312,Guadeloupe,Latin America and the Caribbean (MDG=M49),0.0,0.0,0.0,0.0,0.0,0.0,0.0,0.0,0.0,0.0,0.0,0.0,0.0,0.0,0.0,1.0
316,Guam,Oceania (M49) excluding Australia and New Zealand (M49),0.0,0.0,0.0,0.0,0.0,0.0,0.0,0.0,0.0,0.0,0.0,0.0,0.0,0.0,0.0,1.0
320,Guatemala,Latin America and the Caribbean (MDG=M49),-15.1600831958857,-13.778252854292251,-0.5067280257247492,8.618202736836807,8.618202736836807,0.0,0.0,0.0,0.0,0.0,0.0,0.0,0.0,0.0,0.0,23.0
324,Guinea,Sub-Saharan Africa (M49),8.350794803171055,-2.5085812085178114,0.0549076080340295,-0.0549076080340295,-1.7449240491800064,1.0,0.0,0.0,0.0,0.0,0.0,0.0,0.0,0.0,0.0,46.0
328,Guyana,Latin America and the Caribbean (MDG=M49),0.0,0.0,0.0,0.0,0.0,0.0,0.0,0.0,0.0,0.0,0.0,0.0,0.0,0.0,0.0,40.0
332,Haiti,Latin America and the Caribbean (MDG=M49),0.0,0.0,0.0,0.0,0.0,0.0,0.0,0.0,0.0,0.0,0.0,0.0,0.0,0.0,0.0,2.0
334,Heard Island and McDonald Islands,Australia and New Zealand (M49),0.0,0.0,0.0,0.0,0.0,,,,,,,,,,,
336,Holy See,Northern America (M49) and Europe (M49),0.0,0.0,0.0,0.0,0.0,0.0,0.0,0.0,0.0,0.0,0.0,0.0,0.0,0.0,0.0,1.0
340,Honduras,Latin America and the Caribbean (MDG=M49),-29.924486112071435,-10.8568435779945,3.3666254299227862,5.175435356209798,6.887090684288707,0.0,0.0,0.0,0.0,0.0,0.0,0.0,0.0,0.0,0.0,11.0
344,Hong Kong,Eastern Asia (M49) and South-eastern Asia (MDG=M49),0.0,0.0,0.0,0.0,0.0,0.0,0.0,0.0,0.0,0.0,0.0,0.0,0.0,0.0,0.0,1.0
348,Hungary,Northern America (M49) and Europe (M49),3.03653417695994,-9.77288251134415,-1.430379423230998,0.4716839494033783,3.5184326703263977,0.0,0.0,0.0,0.0,0.0,0.0,0.0,0.0,0.0,0.0,31.0
352,Iceland,Northern America (M49) and Europe (M49),1.1204963465734854,-7.1587017292266335,-2.198975956034719,657.7390081443114,596.2884796696775,0.0,0.0,0.0,0.0,0.0,0.0,1.0,0.0,2.0,0.0,25.0
356,India,Central Asia (M49) and Southern Asia (MDG=M49),-17.02886508350709,0.2539446608827765,5.808746053803615,10.340512817796112,10.340512817796112,0.0,26.0,0.0,0.0,0.0,0.0,14.0,0.0,21.0,2.0,396.0
360,Indonesia,Eastern Asia (M49) and South-eastern Asia (MDG=M49),-3.4641725580324803,-9.131543023134553,-4.896976368593638,17.1867962581796,17.1867962581796,0.0,0.0,0.0,0.0,0.0,0.0,2.0,0.0,3.0,0.0,259.0
364,Iran (Islamic Republic of),Central Asia (M49) and Southern Asia (MDG=M49),-23.88859199360823,-6.0049262151091884,3.2803388471395003,15.257005162007218,14.08194029232465,0.0,20.0,0.0,0.0,0.0,0.0,15.0,0.0,17.0,0.0,231.0
368,Iraq,Western Asia (M49) and Northern Africa (M49),2.4951442807885087,12.105093794007376,-13.692178146644467,8.0762427788916,15.508994090044265,1.0,1.0,0.0,0.0,0.0,0.0,1.0,0.0,0.0,1.0,75.0
372,Ireland,Northern America (M49) and Europe (M49),-40.53556074741071,-76.38750367155473,9.686477369122157,43.896767328097305,59.127353837615104,0.0,0.0,0.0,1.0,0.0,0.0,2.0,0.0,2.0,0.0,9.0
376,Israel,Western Asia (M49) and Northern Africa (M49),-37.11529338750811,8.565138900043653,77.08557946462977,-8.564978935857258,31.405370866835145,0.0,0.0,0.0,0.0,0.0,0.0,0.0,0.0,0.0,0.0,11.0
380,Italy,Northern America (M49) and Europe (M49),11.592650656672362,-9.38761785822707,-1.017086856692011,16.115638243478696,16.96540957859627,0.0,1.0,0.0,1.0,0.0,0.0,3.0,0.0,5.0,0.0,49.0
384,Côte d'Ivoire,Sub-Saharan Africa (M49),8.555401565811174,-29.979502699804865,-15.640786290201389,41.03531506876524,51.54445936876707,0.0,0.0,0.0,0.0,0.0,0.0,4.0,0.0,5.0,0.0,49.0
388,Jamaica,Latin America and the Caribbean (MDG=M49),0.0,0.0,0.0,0.0,0.0,0.0,0.0,0.0,0.0,0.0,0.0,0.0,0.0,0.0,0.0,1.0
392,Japan,Eastern Asia (M49) and South-eastern Asia (MDG=M49),-2.405004078565696,-0.6417982334046628,-14.685792245930593,22.30022723712515,23.191114160618227,0.0,0.0,0.0,0.0,0.0,3.0,6.0,0.0,11.0,0.0,29.0
398,Kazakhstan,Central Asia (M49) and Southern Asia (MDG=M49),-0.5642174327438355,-1.9473499930748068,7.025941742944136,-0.0605122334903626,2.387127352052852,0.0,2.0,0.0,0.0,2.0,0.0,1.0,3.0,3.0,4.0,341.0
400,Jordan,Western Asia (M49) and Northern Africa (M49),-47.82785488495021,-0.6621796990872825,28.2550479281958,36.6663148221615,45.23066106276127,0.0,2.0,0.0,0.0,0.0,0.0,0.0,0.0,1.0,0.0,24.0
404,Kenya,Sub-Saharan Africa (M49),-44.124669720014886,-28.1316793484158,55.81219042543146,5.643348231377594,3.5037857976796296,0.0,1.0,0.0,0.0,0.0,0.0,0.0,0.0,0.0,0.0,93.0
408,Democratic People's Republic of Korea,Eastern Asia (M49) and South-eastern Asia (MDG=M49),-3.369556360049137,-5.87387737110994,5.514436470508332,3.6439511409848033,6.097812475859412,0.0,0.0,0.0,0.0,0.0,0.0,2.0,0.0,1.0,0.0,27.0
410,Republic of Korea,Eastern Asia (M49) and South-eastern Asia (MDG=M49),0.1601318042628974,-0.1601318042629157,0.3929643298758519,-6.633138065675157,3.7288133235931658,0.0,1.0,1.0,0.0,0.0,0.0,0.0,0.0,1.0,1.0,15.0
414,Kuwait,Western Asia (M49) and Northern Africa (M49),0.0,0.0,0.0,0.0,0.0,0.0,0.0,0.0,0.0,0.0,0.0,0.0,0.0,0.0,0.0,5.0
417,Kyrgyzstan,Central Asia (M49) and Southern Asia (MDG=M49),-10.047834366435698,-0.6269870579835268,3.4518474484308483,11.364378411185768,2.041502060957693,0.0,0.0,0.0,0.0,0.0,0.0,0.0,0.0,1.0,0.0,36.0
418,Lao People's Democratic Republic,Eastern Asia (M49) and South-eastern Asia (MDG=M49),-67.01504192841611,-59.94643563804295,18.1321112270348,30.763180656836337,29.530579844181347,0.0,3.0,0.0,0.0,0.0,0.0,5.0,0.0,1.0,0.0,42.0
422,Lebanon,Western Asia (M49) and Northern Africa (M49),-14.631960820364585,-4.387916795354642,-0.894969879974521,23.73242718496672,2.9997864731217145,0.0,0.0,0.0,0.0,0.0,0.0,0.0,0.0,0.0,0.0,4.0
426,Lesotho,Sub-Saharan Africa (M49),-17.175252760008373,-32.74651339562212,-2.9307817013088933,54.7364500603602,54.7364500603602,0.0,0.0,0.0,0.0,0.0,0.0,2.0,0.0,0.0,0.0,10.0
428,Latvia,Northern America (M49) and Europe (M49),-2.6221278297481887,-2.367069064099746,-6.861589596638597,18.18123649648101,18.680487663616617,0.0,0.0,0.0,0.0,0.0,0.0,0.0,0.0,1.0,0.0,20.0
430,Liberia,Sub-Saharan Africa (M49),-11.845568781293393,-41.76918922842902,7.738182151801986,28.992458187140524,49.07922573369738,0.0,0.0,0.0,0.0,0.0,0.0,0.0,0.0,1.0,0.0,13.0
434,Libya,Western Asia (M49) and Northern Africa (M49),-30.618347356150693,20.135711129290844,-7.24986829252703,23.60189721656392,23.26059331348195,0.0,0.0,0.0,0.0,0.0,0.0,0.0,0.0,0.0,0.0,172.0
438,Liechtenstein,Northern America (M49) and Europe (M49),0.0,0.0,0.0,0.0,0.0,0.0,0.0,0.0,0.0,0.0,0.0,0.0,0.0,0.0,0.0,1.0
440,Lithuania,Northern America (M49) and Europe (M49),-7.54643550629575,-7.185052304855343,0.5608027189737679,14.012055229784805,19.397057538419443,0.0,0.0,0.0,0.0,0.0,0.0,0.0,0.0,1.0,0.0,17.0
442,Luxembourg,Northern America (M49) and Europe (M49),0.607670355701793,-9.117175539037596,-3.9511044654904937,10.335987414884311,51.06066750283509,0.0,0.0,0.0,0.0,0.0,0.0,0.0,0.0,1.0,0.0,2.0
446,Macao,Eastern Asia (M49) and South-eastern Asia (MDG=M49),0.0,0.0,0.0,0.0,0.0,0.0,0.0,0.0,0.0,0.0,0.0,0.0,0.0,0.0,0.0,1.0
450,Madagascar,Sub-Saharan Africa (M49),-9.776205168387031,-0.0886477874071359,-3.766179912526412,18.478925786709745,18.478925786709745,0.0,0.0,0.0,0.0,0.0,0.0,1.0,0.0,0.0,0.0,80.0
454,Malawi,Sub-Saharan Africa (M49),0.0,0.0,0.0,0.0,0.0,0.0,0.0,0.0,0.0,0.0,0.0,0.0,0.0,0.0,0.0,38.0
458,Malaysia,Eastern Asia (M49) and South-eastern Asia (MDG=M49),-27.58413857532854,-15.36504528691809,45.12877252241766,233.8755823639993,174.53221059801604,0.0,0.0,0.0,0.0,0.0,0.0,3.0,0.0,0.0,0.0,61.0
462,Maldives,Central Asia (M49) and Southern Asia (MDG=M49),0.0,0.0,0.0,0.0,0.0,,,,,,,,,,,
466,Mali,Sub-Saharan Africa (M49),2.7638264730506044,-3.60499727242924,3.984718096248855,-3.330367646884532,-3.330367646884532,1.0,0.0,0.0,1.0,0.0,0.0,0.0,3.0,0.0,2.0,208.0
470,Malta,Northern America (M49) and Europe (M49),0.0,0.0,0.0,0.0,0.0,0.0,0.0,0.0,0.0,0.0,0.0,0.0,0.0,0.0,0.0,1.0
474,Martinique,Latin America and the Caribbean (MDG=M49),-22.42111160122177,-19.80288355541645,11.947276550102265,73.81062644164544,73.81062644164544,0.0,0.0,0.0,0.0,0.0,0.0,1.0,0.0,1.0,0.0,1.0
478,Mauritania,Sub-Saharan Africa (M49),15.323533769017663,-16.593733588299823,-8.64994395957,10.245095909168962,23.833389641205063,0.0,0.0,0.0,0.0,0.0,1.0,0.0,1.0,0.0,0.0,171.0
480,Mauritius,Sub-Saharan Africa (M49),0.0,0.0,0.0,0.0,0.0,,,,,,,,,,,
484,Mexico,Latin America and the Caribbean (MDG=M49),4.229634860035439,-3.3864544000543937,0.2110469981653889,-0.4459158289524406,-0.2110469981653889,2.0,3.0,0.0,0.0,0.0,1.0,1.0,0.0,5.0,1.0,301.0
492,Monaco,Northern America (M49) and Europe (M49),0.0,0.0,0.0,0.0,0.0,0.0,0.0,0.0,0.0,0.0,0.0,0.0,0.0,0.0,0.0,1.0
496,Mongolia,Eastern Asia (M49) and South-eastern Asia (MDG=M49),-55.28888420289295,-46.27146954820239,8.960673234698431,5.2344172265400895,3.9081666800837183,0.0,1.0,0.0,0.0,0.0,0.0,1.0,0.0,1.0,0.0,231.0
498,Moldova,Northern America (M49) and Europe (M49),5.896646972074913,-10.0934917535737,4.666799399718299,13.185141053974956,17.10399067635768,0.0,0.0,0.0,0.0,0.0,0.0,0.0,0.0,0.0,0.0,10.0
499,Montenegro,Northern America (M49) and Europe (M49),-9.315869977980212,-10.213918170880106,-3.527702775965771,23.70013520471928,4.8352425644987695,0.0,0.0,0.0,0.0,0.0,0.0,0.0,0.0,0.0,0.0,5.0
500,Montserrat,Latin America and the Caribbean (MDG=M49),0.0,0.0,0.0,0.0,0.0,0.0,0.0,0.0,0.0,0.0,0.0,0.0,0.0,0.0,0.0,1.0
504,Morocco,Western Asia (M49) and Northern Africa (M49),4.852911389458162,-9.25794192329312,-1.1359340230136463,20.30696486342068,17.770205178384437,0.0,3.0,0.0,1.0,0.0,1.0,0.0,0.0,2.0,0.0,72.0
508,Mozambique,Sub-Saharan Africa (M49),-7.528448895642535,-0.5086550792793347,-3.2882386383603537,59.54343795681313,59.54343795681313,0.0,0.0,0.0,0.0,0.0,0.0,0.0,1.0,1.0,0.0,148.0
512,Oman,Western Asia (M49) and Northern Africa (M49),0.0,0.0,0.0,6732771.925744599,6732771.925744599,0.0,0.0,0.0,0.0,0.0,0.0,0.0,0.0,0.0,0.0,44.0
516,Namibia,Sub-Saharan Africa (M49),-19.706872690123408,5.093051605790997,-4.527767676663977,19.495774129384827,54.46259646431274,1.0,0.0,0.0,0.0,0.0,0.0,1.0,0.0,2.0,0.0,120.0
520,Nauru,Oceania (M49) excluding Australia and New Zealand (M49),0.0,0.0,0.0,0.0,0.0,0.0,0.0,0.0,0.0,0.0,0.0,0.0,0.0,0.0,0.0,1.0
524,Nepal,Central Asia (M49) and Southern Asia (MDG=M49),0.3920196603267737,-1.666328954184563,0.7841599652320024,-5.490337343140929,-5.490337343140929,0.0,0.0,0.0,0.0,0.0,0.0,0.0,0.0,0.0,0.0,21.0
528,Netherlands,Northern America (M49) and Europe (M49),-4.173835077721797,-1.9987794390859464,-14.839283012472196,53.88381385523442,90.15379163040912,0.0,0.0,0.0,0.0,0.0,0.0,7.0,0.0,8.0,0.0,9.0
531,Curaçao,Latin America and the Caribbean (MDG=M49),0.0,0.0,0.0,0.0,0.0,0.0,0.0,0.0,0.0,0.0,0.0,0.0,0.0,0.0,0.0,1.0
533,Aruba,Latin America and the Caribbean (MDG=M49),0.0,0.0,0.0,0.0,0.0,0.0,0.0,0.0,0.0,0.0,0.0,0.0,0.0,0.0,0.0,1.0
534,Sint Maarten,Latin America and the Caribbean (MDG=M49),0.0,0.0,0.0,0.0,0.0,0.0,0.0,0.0,0.0,0.0,0.0,0.0,0.0,0.0,0.0,1.0
540,New Caledonia,Oceania (M49) excluding Australia and New Zealand (M49),0.0,0.0,0.0,0.0,0.0,0.0,0.0,0.0,0.0,0.0,0.0,0.0,0.0,0.0,0.0,2.0
548,Vanuatu,Oceania (M49) excluding Australia and New Zealand (M49),0.0,0.0,0.0,0.0,0.0,0.0,0.0,0.0,0.0,0.0,0.0,0.0,0.0,0.0,0.0,1.0
554,New Zealand,Australia and New Zealand (M49),1.9611718423584712,-0.3155073810198303,1.1480844125818628,-5.796924497198135,-5.796924497198135,0.0,0.0,0.0,0.0,0.0,0.0,0.0,0.0,1.0,1.0,37.0
558,Nicaragua,Latin America and the Caribbean (MDG=M49),-43.354558139720346,-22.057240564646253,3.158379753218242,17.951522115563552,15.58945881521631,0.0,1.0,0.0,0.0,0.0,0.0,1.0,0.0,0.0,0.0,16.0
562,Niger,Sub-Saharan Africa (M49),0.0,0.0,0.0,0.0,0.0,0.0,0.0,0.0,0.0,0.0,0.0,0.0,0.0,0.0,0.0,196.0
566,Nigeria,Sub-Saharan Africa (M49),5.776100031236459,-1.0257768526592133,3.704258514722,-1.3054682894286742,-1.8424022065893948,0.0,0.0,0.0,1.0,0.0,1.0,7.0,6.0,3.0,6.0,144.0
570,Niue,Oceania (M49) excluding Australia and New Zealand (M49),0.0,0.0,0.0,0.0,0.0,,,,,,,,,,,
574,Norfolk Island,Australia and New Zealand (M49),0.0,0.0,0.0,0.0,0.0,0.0,0.0,0.0,0.0,0.0,0.0,0.0,0.0,0.0,0.0,1.0
578,Norway,Northern America (M49) and Europe (M49),-11.374209478601166,-7.717611826911451,2.797123092657891,93.40718691259735,117.79928126168564,0.0,0.0,0.0,0.0,0.0,0.0,14.0,0.0,11.0,0.0,63.0
580,Northern Mariana Is. (USA),Oceania (M49) excluding Australia and New Zealand (M49),0.0,0.0,0.0,0.0,0.0,0.0,0.0,0.0,0.0,0.0,0.0,0.0,0.0,0.0,0.0,1.0
583,Micronesia (Federated States of),Oceania (M49) excluding Australia and New Zealand (M49),0.0,0.0,0.0,0.0,0.0,0.0,0.0,0.0,0.0,0.0,0.0,0.0,0.0,0.0,0.0,2.0
584,Marshall Islands,Oceania (M49) excluding Australia and New Zealand (M49),0.0,0.0,0.0,0.0,0.0,0.0,0.0,0.0,0.0,0.0,0.0,0.0,0.0,0.0,0.0,1.0
585,Palau,Oceania (M49) excluding Australia and New Zealand (M49),0.0,0.0,0.0,0.0,0.0,0.0,0.0,0.0,0.0,0.0,0.0,0.0,0.0,0.0,0.0,1.0
586,Pakistan,Central Asia (M49) and Southern Asia (MDG=M49),-17.199792954456726,3.268986229877876,-0.9799023392083772,12.448270817170634,0.9799023392083642,0.0,7.0,0.0,0.0,0.0,0.0,0.0,0.0,0.0,0.0,147.0
591,Panama,Latin America and the Caribbean (MDG=M49),-19.05241278161457,-21.13093016143456,7.520053624003976,5.07090265448417,12.929432252053685,0.0,0.0,0.0,0.0,0.0,0.0,2.0,0.0,1.0,0.0,21.0
598,Papua New Guinea,Oceania (M49) excluding Australia and New Zealand (M49),-9.202093877179353,-7.646089509107107,14.011339358969776,47.9970924386558,47.9970924386558,0.0,0.0,0.0,0.0,0.0,0.0,1.0,0.0,0.0,0.0,76.0
600,Paraguay,Latin America and the Caribbean (MDG=M49),0.1487937983771892,23.187789735056388,-0.1487937983771892,-31.49930144352767,-31.49930144352767,0.0,0.0,0.0,0.0,0.0,0.0,0.0,2.0,0.0,2.0,39.0
604,Peru,Latin America and the Caribbean (MDG=M49),0.1411747511003319,4.001950025971218,-0.1411747511003479,-6.788963303786122,-9.388885663149136,0.0,1.0,0.0,0.0,0.0,0.0,4.0,0.0,2.0,0.0,65.0
608,Philippines,Eastern Asia (M49) and South-eastern Asia (MDG=M49),-2.955179491035137,-6.757943324291996,4.902839213456348,10.92559679500356,7.487802323794438,0.0,0.0,0.0,0.0,0.0,0.0,2.0,0.0,1.0,0.0,34.0
612,Pitcairn,Oceania (M49) excluding Australia and New Zealand (M49),0.0,0.0,0.0,0.0,0.0,,,,,,,,,,,
616,Poland,Northern America (M49) and Europe (M49),7.704485956700173,-3.471778486531413,-2.304673014046867,24.445205598611665,28.151506573317832,0.0,1.0,0.0,0.0,0.0,0.0,4.0,0.0,4.0,1.0,52.0
620,Portugal,Northern America (M49) and Europe (M49),-3.665722601246394,-32.94901653690604,-0.0795905308021717,13.13101250568348,13.13101250568348,0.0,0.0,0.0,0.0,0.0,0.0,2.0,0.0,0.0,0.0,12.0
624,Guinea-Bissau,Sub-Saharan Africa (M49),0.0,0.0,0.0,0.0,0.0,0.0,0.0,0.0,0.0,0.0,0.0,0.0,0.0,0.0,0.0,11.0
626,Timor-Leste,Eastern Asia (M49) and South-eastern Asia (MDG=M49),0.0,0.0,0.0,0.0,0.0,0.0,0.0,0.0,0.0,0.0,0.0,0.0,0.0,0.0,0.0,2.0
630,Puerto Rico (USA),Latin America and the Caribbean (MDG=M49),-5.846518334361025,-0.0672936738074085,3.8664750826313488,11.52929009821037,9.063896418828262,0.0,0.0,0.0,0.0,0.0,0.0,0.0,0.0,0.0,0.0,1.0
634,Qatar,Western Asia (M49) and Northern Africa (M49),0.0,0.0,0.0,0.0,0.0,0.0,0.0,0.0,0.0,0.0,0.0,0.0,0.0,0.0,0.0,2.0
638,Réunion,Sub-Saharan Africa (M49),0.0,0.0,0.0,0.0,0.0,,,,,,,,,,,
642,Romania,Northern America (M49) and Europe (M49),0.5056218816152462,-10.81911290561074,-0.505621881615263,1.9579091862705,4.727828245862868,0.0,0.0,0.0,0.0,1.0,0.0,0.0,0.0,2.0,2.0,48.0
643,Russian Federation,Northern America (M49) and Europe (M49),-5.490527193859757,-3.4042141640462007,-3.332299068009469,14.62913986801225,16.906754595364124,2.0,10.0,0.0,1.0,0.0,1.0,21.0,2.0,47.0,2.0,2168.0
646,Rwanda,Sub-Saharan Africa (M49),-72.00148581753601,-56.84698592746561,125.6649449538226,1151.0281075463718,1219.1120786617803,0.0,1.0,0.0,0.0,0.0,0.0,1.0,0.0,1.0,0.0,9.0
652,Saint Barthélemy,Latin America and the Caribbean (MDG=M49),0.0,0.0,0.0,0.0,0.0,0.0,0.0,0.0,0.0,0.0,0.0,0.0,0.0,0.0,0.0,1.0
654,Saint Helena,Sub-Saharan Africa (M49),0.0,0.0,0.0,0.0,0.0,,,,,,,,,,,
659,Saint Kitts and Nevis,Latin America and the Caribbean (MDG=M49),0.0,0.0,0.0,0.0,0.0,0.0,0.0,0.0,0.0,0.0,0.0,0.0,0.0,0.0,0.0,1.0
660,Anguilla,Latin America and the Caribbean (MDG=M49),0.0,0.0,0.0,0.0,0.0,0.0,0.0,0.0,0.0,0.0,0.0,0.0,0.0,0.0,0.0,1.0
662,Saint Lucia,Latin America and the Caribbean (MDG=M49),0.0,0.0,0.0,0.0,0.0,0.0,0.0,0.0,0.0,0.0,0.0,0.0,0.0,0.0,0.0,1.0
663,Saint Martin,Latin America and the Caribbean (MDG=M49),0.0,0.0,0.0,0.0,0.0,0.0,0.0,0.0,0.0,0.0,0.0,0.0,0.0,0.0,0.0,1.0
666,Saint Pierre et Miquelon,Northern America (M49) and Europe (M49),0.0,0.0,0.0,0.0,0.0,0.0,0.0,0.0,0.0,0.0,0.0,0.0,0.0,0.0,0.0,1.0
670,Saint Vincent and the Grenadines,Latin America and the Caribbean (MDG=M49),0.0,0.0,0.0,0.0,0.0,0.0,0.0,0.0,0.0,0.0,0.0,0.0,0.0,0.0,0.0,1.0
674,San Marino,Northern America (M49) and Europe (M49),0.0,0.0,0.0,0.0,0.0,0.0,0.0,0.0,0.0,0.0,0.0,0.0,0.0,0.0,0.0,1.0
678,Sao Tome and Principe,Sub-Saharan Africa (M49),0.0,0.0,0.0,0.0,0.0,0.0,0.0,0.0,0.0,0.0,0.0,0.0,0.0,0.0,0.0,1.0
682,Saudi Arabia,Western Asia (M49) and Northern Africa (M49),-74.20656135380533,-34.47166997808378,8.356144636197781,191.9708738112868,127.47287598239758,0.0,1.0,0.0,0.0,0.0,0.0,1.0,0.0,1.0,0.0,278.0
686,Senegal,Sub-Saharan Africa (M49),6.979989404321693,-11.83310447181698,-23.60783206966093,6.089398743529693,6.089398743529693,0.0,0.0,0.0,0.0,0.0,0.0,0.0,0.0,0.0,0.0,40.0
688,Serbia,Northern America (M49) and Europe (M49),-15.438966212470056,-0.8254788351741152,-3.259825488005526,19.18493375760696,20.25088243888185,0.0,1.0,0.0,0.0,0.0,0.0,0.0,0.0,0.0,0.0,24.0
690,Seychelles,Sub-Saharan Africa (M49),0.0,0.0,0.0,0.0,0.0,0.0,0.0,0.0,0.0,0.0,0.0,0.0,0.0,0.0,0.0,3.0
694,Sierra Leone,Sub-Saharan Africa (M49),-96.60947517303728,-95.25016465567629,12.051928409589417,20.32224475677171,22.13346384270211,0.0,0.0,0.0,0.0,0.0,0.0,1.0,0.0,1.0,0.0,8.0
702,Singapore,Eastern Asia (M49) and South-eastern Asia (MDG=M49),-20.32831591763109,-1.2749019780945043,9.286040213617657,39.81465510742266,4.747684315063946,0.0,0.0,0.0,0.0,0.0,0.0,0.0,0.0,0.0,0.0,1.0
703,Slovakia,Northern America (M49) and Europe (M49),-6.068157642217529,-1.122734768888052,0.8253094455276336,17.610642985298007,12.229016209902248,0.0,0.0,0.0,0.0,0.0,0.0,0.0,0.0,0.0,0.0,14.0
704,Viet Nam,Eastern Asia (M49) and South-eastern Asia (MDG=M49),-32.26407609373896,-16.53856606698032,20.30473977396993,38.44252898950555,38.44252898950555,0.0,15.0,0.0,0.0,0.0,0.0,13.0,0.0,10.0,0.0,58.0
705,Slovenia,Northern America (M49) and Europe (M49),-26.187099186280825,5.964847278229374,-3.244964605454878,2.425599222469512,-0.6530906287336368,0.0,0.0,0.0,0.0,0.0,0.0,0.0,0.0,0.0,0.0,11.0
706,Somalia,Sub-Saharan Africa (M49),0.0,0.0,0.0,0.0,0.0,0.0,0.0,0.0,0.0,0.0,0.0,0.0,0.0,0.0,0.0,114.0
710,South Africa,Sub-Saharan Africa (M49),-9.147901030156133,-2.439945330878688,-16.182417944592697,29.6518857465372,27.424603260514147,0.0,2.0,0.0,0.0,0.0,2.0,7.0,2.0,4.0,3.0,203.0
716,Zimbabwe,Sub-Saharan Africa (M49),-12.871993848243171,2.259774880875788,-9.860434503012812,50.578080690949,50.578080690949,0.0,1.0,0.0,0.0,0.0,0.0,2.0,0.0,6.0,0.0,56.0
724,Spain,Northern America (M49) and Europe (M49),-4.322915047960934,-22.19825069939857,-9.632666000954124,19.66573973205956,25.50287493925311,0.0,1.0,0.0,2.0,0.0,0.0,7.0,1.0,8.0,0.0,68.0
728,South Sudan,Sub-Saharan Africa (M49),0.0,0.0,0.0,0.0,0.0,0.0,0.0,0.0,0.0,0.0,0.0,0.0,0.0,0.0,0.0,116.0
729,Sudan,Western Asia (M49) and Northern Africa (M49),-25.40848555672934,-15.826467016314451,22.80148098928913,11.654051983558508,1.721617303611521,0.0,2.0,0.0,0.0,0.0,0.0,8.0,2.0,4.0,3.0,244.0
732,Western Sahara,Western Asia (M49) and Northern Africa (M49),0.0,0.0,0.0,0.0,0.0,0.0,0.0,0.0,0.0,0.0,0.0,0.0,0.0,0.0,0.0,46.0
740,Suriname,Latin America and the Caribbean (MDG=M49),-39.81704853753191,12.576530691035131,-21.264622174035107,20.39104594429924,35.57822699059572,0.0,0.0,0.0,0.0,0.0,0.0,0.0,0.0,0.0,0.0,32.0
744,Svalbard and Jan Mayen Islands,Northern America (M49) and Europe (M49),0.0,0.0,0.0,0.0,0.0,0.0,0.0,0.0,0.0,0.0,0.0,0.0,0.0,0.0,0.0,9.0
748,Eswatini,Sub-Saharan Africa (M49),-8.76862400268655,8.209839627654905,-17.710380132338045,35.39490558403938,17.027201682195034,0.0,1.0,0.0,0.0,0.0,0.0,0.0,0.0,0.0,1.0,9.0
752,Sweden,Northern America (M49) and Europe (M49),-2.8016034055866887,-9.45822612782003,-2.8515397922022254,15.060394763004636,17.499867419465666,0.0,0.0,0.0,0.0,0.0,0.0,3.0,0.0,10.0,0.0,68.0
756,Switzerland,Northern America (M49) and Europe (M49),-3.977937504173149,-2.6109507448688127,-0.7476346543309055,14.56764050732865,16.89299643307495,0.0,0.0,0.0,0.0,0.0,0.0,3.0,0.0,3.0,0.0,10.0
760,Syrian Arab Republic,Western Asia (M49) and Northern Africa (M49),-6.691184468609988,3.2757856462063173,32.81902337140338,-2.057839761492159,0.3979475698768663,0.0,1.0,0.0,0.0,0.0,0.0,0.0,0.0,1.0,0.0,41.0
762,Tajikistan,Central Asia (M49) and Southern Asia (MDG=M49),0.4934585634256374,1.617335709213266,0.3736785617392571,-21.312206127598373,-17.80607313783948,0.0,0.0,0.0,0.0,0.0,0.0,1.0,1.0,0.0,1.0,40.0
764,Thailand,Eastern Asia (M49) and South-eastern Asia (MDG=M49),0.3093592142469384,7.125287770239544,5.455401720538671,-3.803454758316601,-1.9521825004575064,0.0,2.0,0.0,0.0,2.0,0.0,1.0,0.0,2.0,0.0,83.0
768,Togo,Sub-Saharan Africa (M49),-1.7827645235418053,1.8381789276469176,-3.6793843392913512,-2.3895225744665103,2.2893094993664267,0.0,0.0,0.0,0.0,0.0,0.0,0.0,0.0,0.0,0.0,17.0
772,Tokelau,Oceania (M49) excluding Australia and New Zealand (M49),0.0,0.0,0.0,0.0,0.0,,,,,,,,,,,
776,Tonga,Oceania (M49) excluding Australia and New Zealand (M49),0.0,0.0,0.0,0.0,0.0,,,,,,,,,,,
780,Trinidad and Tobago,Latin America and the Caribbean (MDG=M49),0.0,0.0,0.0,0.0,0.0,0.0,0.0,0.0,0.0,0.0,0.0,0.0,0.0,0.0,0.0,1.0
784,United Arab Emirates,Western Asia (M49) and Northern Africa (M49),0.0,0.0,0.0,113899.951102212,113899.951102212,0.0,0.0,0.0,0.0,0.0,0.0,0.0,0.0,0.0,0.0,17.0
788,Tunisia,Western Asia (M49) and Northern Africa (M49),-31.74759678503569,5.733547319415674,21.879692140671857,-12.185667444878272,-16.834967010852832,0.0,0.0,0.0,0.0,0.0,0.0,0.0,0.0,0.0,0.0,24.0
792,Türkiye,Western Asia (M49) and Northern Africa (M49),-12.491205674061703,-1.745344551507673,11.956020274060585,24.71587236035213,24.71587236035213,0.0,1.0,0.0,1.0,0.0,0.0,16.0,0.0,18.0,0.0,114.0
795,Turkmenistan,Central Asia (M49) and Southern Asia (MDG=M49),-7.155864044554881,3.3849303105352955,6.977502304851393,1.038799383487904,23.16335106893389,0.0,1.0,0.0,0.0,0.0,0.0,0.0,0.0,0.0,0.0,86.0
796,Turks and Caicos Islands,Latin America and the Caribbean (MDG=M49),0.0,0.0,0.0,0.0,0.0,0.0,0.0,0.0,0.0,0.0,0.0,0.0,0.0,0.0,0.0,1.0
798,Tuvalu,Oceania (M49) excluding Australia and New Zealand (M49),0.0,0.0,0.0,0.0,0.0,0.0,0.0,0.0,0.0,0.0,0.0,0.0,0.0,0.0,0.0,1.0
800,Uganda,Sub-Saharan Africa (M49),-12.950767441108002,-2.044299526014674,30.74477025063297,31.79139926600601,31.8372502718682,0.0,2.0,0.0,0.0,0.0,0.0,0.0,0.0,3.0,0.0,57.0
804,Ukraine,Northern America (M49) and Europe (M49),-8.887900112466676,-6.675882561029334,4.556358170130453,13.01575829003754,23.57666686284093,0.0,0.0,0.0,0.0,0.0,0.0,8.0,0.0,14.0,0.0,99.0
807,North Macedonia,Northern America (M49) and Europe (M49),-8.825424617810253,-1.7195170797510029,16.342251128776823,18.79670238337613,43.712726882979176,0.0,0.0,0.0,0.0,0.0,0.0,0.0,0.0,2.0,0.0,7.0
818,Egypt,Western Asia (M49) and Northern Africa (M49),21.168896165598763,14.681165693421974,-12.263993802088816,-16.29614577917812,-21.22429650842747,0.0,0.0,0.0,0.0,0.0,0.0,0.0,0.0,0.0,0.0,108.0
826,United Kingdom of Great Britain & Northern Ireland,Northern America (M49) and Europe (M49),-2.1788739516100075,-79.5858427059135,2.1788739516100075,60.06407400656381,80.58932286103031,0.0,0.0,0.0,2.0,0.0,0.0,9.0,0.0,12.0,0.0,36.0
831,Guernsey,Northern America (M49) and Europe (M49),0.0,0.0,0.0,0.0,0.0,0.0,0.0,0.0,0.0,0.0,0.0,0.0,0.0,0.0,0.0,1.0
832,Jersey,Northern America (M49) and Europe (M49),0.0,0.0,0.0,0.0,0.0,0.0,0.0,0.0,0.0,0.0,0.0,0.0,0.0,0.0,0.0,1.0
833,Isle of Man,Northern America (M49) and Europe (M49),0.0,0.0,0.0,0.0,0.0,0.0,0.0,0.0,0.0,0.0,0.0,0.0,0.0,0.0,0.0,1.0
834,United Republic of Tanzania,Sub-Saharan Africa (M49),-20.72061283144958,-30.68179295339607,10.554922116788786,22.50013723771547,12.3755903403081,0.0,0.0,0.0,1.0,0.0,0.0,0.0,0.0,1.0,0.0,142.0
840,United States of America,Northern America (M49) and Europe (M49),2.0154633573163574,3.997880580438887,-2.254029079502531,-2.1534580041805924,-2.1534580041805924,11.0,3.0,1.0,0.0,0.0,0.0,14.0,29.0,39.0,27.0,1261.0
850,United States Virgin Islands,Latin America and the Caribbean (MDG=M49),0.0,0.0,0.0,0.0,0.0,0.0,0.0,0.0,0.0,0.0,0.0,0.0,0.0,0.0,0.0,1.0
854,Burkina Faso,Sub-Saharan Africa (M49),-3.516264856528704,2.0084501656030755,-1.3142470954310377,25.42081253442238,21.930608408288712,0.0,2.0,0.0,0.0,0.0,0.0,4.0,0.0,6.0,2.0,67.0
858,Uruguay,Latin America and the Caribbean (MDG=M49),-5.990676688371458,32.68851250770267,-9.610181617735854,-44.02436111876615,35.27660408768463,0.0,0.0,0.0,0.0,0.0,0.0,0.0,0.0,0.0,0.0,35.0
860,Uzbekistan,Central Asia (M49) and Southern Asia (MDG=M49),-8.042200219752669,-1.4430338578805262,1.8345160318685432,3.03125642584702,1.706763573021729,0.0,2.0,0.0,0.0,0.0,0.0,1.0,0.0,1.0,0.0,86.0
862,Venezuela,Latin America and the Caribbean (MDG=M49),-13.171968177060926,-1.847730807182974,-2.775549835294196,13.234362526941895,13.234362526941895,0.0,1.0,0.0,0.0,1.0,0.0,2.0,1.0,5.0,1.0,138.0
876,Wallis and Futuna,Oceania (M49) excluding Australia and New Zealand (M49),0.0,0.0,0.0,0.0,0.0,,,,,,,,,,,
882,Samoa,Oceania (M49) excluding Australia and New Zealand (M49),0.0,0.0,0.0,0.0,0.0,,,,,,,,,,,
887,Yemen,Western Asia (M49) and Northern Africa (M49),0.0,0.0,0.0,0.0,0.0,0.0,0.0,0.0,0.0,0.0,0.0,0.0,0.0,0.0,0.0,64.0
894,Zambia,Sub-Saharan Africa (M49),-12.215668832889191,12.654381929694258,-0.8383797712325818,51.37412252168188,51.37412252168188,0.0,5.0,0.0,0.0,0.0,0.0,3.0,0.0,4.0,0.0,124.0
999,,,3.121644699020246,-9.0206078547215,-0.7323443754693624,2.5290686506391853,4.05296375757076,,,,,,,,,,,
1011,Azores Islands,,0.0,0.0,0.0,0.0,0.0,,,,,,,,,,,
1012,Canary Islands,,0.0,0.0,0.0,0.0,0.0,0.0,0.0,0.0,0.0,0.0,0.0,0.0,0.0,0.0,0.0,1.0
1013,Aksai Chin,Eastern Asia (M49) and South-eastern Asia (MDG=M49),0.0,0.0,0.0,0.0,0.0,0.0,0.0,0.0,0.0,0.0,0.0,0.0,0.0,0.0,0.0,7.0
1014,Arunachal Pradesh,Central Asia (M49) and Southern Asia (MDG=M49),0.0,0.0,0.0,0.0,0.0,0.0,0.0,0.0,0.0,0.0,0.0,0.0,0.0,0.0,0.0,20.0
1015,Ashmore and Cartier Islands,Australia and New Zealand (M49),0.0,0.0,0.0,0.0,0.0,0.0,0.0,0.0,0.0,0.0,0.0,0.0,0.0,0.0,0.0,1.0
1016,Baker Island,,0.0,0.0,0.0,0.0,0.0,,,,,,,,,,,
1017,Bassas da India,,0.0,0.0,0.0,0.0,0.0,,,,,,,,,,,
1018,Bird Island,,0.0,0.0,0.0,0.0,0.0,,,,,,,,,,,
1019,Bouvet Island,,0.0,0.0,0.0,0.0,0.0,,,,,,,,,,,
1021,China/India,,0.0,0.0,0.0,0.0,0.0,0.0,0.0,0.0,0.0,0.0,0.0,0.0,0.0,0.0,0.0,8.0
1023,Clipperton Island,Northern America (M49) and Europe (M49),0.0,0.0,0.0,0.0,0.0,0.0,0.0,0.0,0.0,0.0,0.0,0.0,0.0,0.0,0.0,1.0
1025,Europa Island,Sub-Saharan Africa (M49),0.0,0.0,0.0,0.0,0.0,0.0,0.0,0.0,0.0,0.0,0.0,0.0,0.0,0.0,0.0,1.0
1027,Gaza,Western Asia (M49) and Northern Africa (M49),0.0,0.0,0.0,0.0,0.0,0.0,0.0,0.0,0.0,0.0,0.0,0.0,0.0,0.0,0.0,3.0
1029,Abyei,Western Asia (M49) and Northern Africa (M49),0.0,0.0,0.0,0.0,0.0,0.0,0.0,0.0,0.0,0.0,0.0,0.0,0.0,0.0,0.0,8.0
1031,Howland Island,,0.0,0.0,0.0,0.0,0.0,,,,,,,,,,,
1032,Jarvis Island,,0.0,0.0,0.0,0.0,0.0,,,,,,,,,,,
1033,Johnston Atoll,,0.0,0.0,0.0,0.0,0.0,,,,,,,,,,,
1034,Juan de Nova Island,Sub-Saharan Africa (M49),0.0,0.0,0.0,0.0,0.0,0.0,0.0,0.0,0.0,0.0,0.0,0.0,0.0,0.0,0.0,1.0
1035,Kingman Reef,,0.0,0.0,0.0,0.0,0.0,,,,,,,,,,,
1036,Kuril Islands,Northern America (M49) and Europe (M49),0.0,0.0,0.0,0.0,0.0,0.0,0.0,0.0,0.0,0.0,0.0,0.0,0.0,0.0,0.0,4.0
1038,Madeira Island,Northern America (M49) and Europe (M49),0.0,0.0,0.0,0.0,0.0,0.0,0.0,0.0,0.0,0.0,0.0,0.0,0.0,0.0,0.0,1.0
1039,Midway Islands,,0.0,0.0,0.0,0.0,0.0,,,,,,,,,,,
1040,Navassa Island,Latin America and the Caribbean (MDG=M49),0.0,0.0,0.0,0.0,0.0,0.0,0.0,0.0,0.0,0.0,0.0,0.0,0.0,0.0,0.0,1.0
1041,Palmyra Atoll,,0.0,0.0,0.0,0.0,0.0,,,,,,,,,,,
1042,Paracel Islands,Eastern Asia (M49) and South-eastern Asia (MDG=M49),0.0,0.0,0.0,0.0,0.0,0.0,0.0,0.0,0.0,0.0,0.0,0.0,0.0,0.0,0.0,1.0
1043,Scarborough Reef,Eastern Asia (M49) and South-eastern Asia (MDG=M49),0.0,0.0,0.0,0.0,0.0,,,,,,,,,,,
1044,Senkaku Islands,Eastern Asia (M49) and South-eastern Asia (MDG=M49),0.0,0.0,0.0,0.0,0.0,0.0,0.0,0.0,0.0,0.0,0.0,0.0,0.0,0.0,0.0,1.0
1046,Spratly Islands,Eastern Asia (M49) and South-eastern Asia (MDG=M49),0.0,0.0,0.0,0.0,0.0,0.0,0.0,0.0,0.0,0.0,0.0,0.0,0.0,0.0,0.0,1.0
1047,Tromelin Island,Sub-Saharan Africa (M49),0.0,0.0,0.0,0.0,0.0,0.0,0.0,0.0,0.0,0.0,0.0,0.0,0.0,0.0,0.0,1.0
1048,Wake Island,Oceania (M49) excluding Australia and New Zealand (M49),0.0,0.0,0.0,0.0,0.0,0.0,0.0,0.0,0.0,0.0,0.0,0.0,0.0,0.0,0.0,1.0
1049,West Bank,Western Asia (M49) and Northern Africa (M49),0.0,0.0,0.0,0.0,0.0,0.0,0.0,0.0,0.0,0.0,0.0,0.0,0.0,0.0,0.0,7.0
1052,Jammu and Kashmir,Central Asia (M49) and Southern Asia (MDG=M49),-8.15193331086195,-0.3057224844836171,15.484334845073652,27.142478937888,18.76917721006998,0.0,0.0,0.0,0.0,1.0,0.0,0.0,1.0,0.0,1.0,31.0
1068,Saba,Latin America and the Caribbean (MDG=M49),0.0,0.0,0.0,0.0,0.0,0.0,0.0,0.0,0.0,0.0,0.0,0.0,0.0,0.0,0.0,1.0
1082,Glorioso Islands,,0.0,0.0,0.0,0.0,0.0,0.0,0.0,0.0,0.0,0.0,0.0,0.0,0.0,0.0,0.0,1.0
1097,French Southern Territories,Sub-Saharan Africa (M49),0.0,0.0,0.0,0.0,0.0,,,,,,,,,,,
1098,Akrotiri,Western Asia (M49) and Northern Africa (M49),0.0,0.0,0.0,0.0,0.0,0.0,0.0,0.0,0.0,0.0,0.0,0.0,0.0,0.0,0.0,1.0
